TeamNum,TeamName,TeamCountry,TeamCity
1,The Juggernauts,USA,Pontiac
4,Team 4 ELEMENT,USA,Van Nuys
5,Robocards,USA,Melvindale
6,The CogSquad,USA,Plymouth
7,Team007,USA,Baltimore
8,Paly Robotics,USA,Palo Alto
9,Roosevelt RoboRiders,USA,Chicago
10,Red Knights,USA,St. Louis Park
11,MORT,USA,Flanders
13,Triskadekamanics,,
14,The Rulers,,
15,Mustechs,,
16,Bomb Squad,USA,Mountain Home
17,The Brick Bombers,,
18,Team 18,,
19,Big Red,USA,Greenwich
20,The Rocketeers,USA,Clifton Park
21,ComBBAT,USA,Titusville
22,Double Deuce,USA,Chatsworth
23,PNTA Pilgrim Nuclear Technology Alliance,USA,Plymouth
24,Crusaders 2020,,
25,Raider Robotix,USA,North Brunswick
27,Team RUSH,USA,Clarkston
28,Pierson Whalers,USA,Sag Harbor
29,Caught in a Brainstorm,,
30,FURY,USA,Lincroft
31,Jenks Prime Movers,USA,Jenks
33,Killer Bees,USA,Bloomfield Hills
34,Rockets,USA,Athens
35,Sigma Squared,USA,Whitehall
37,Junior Plaids,USA,Coral Gables
38,Nonnebots,USA,Woodbury
39,The 39th Aero Squadron,USA,Gilbert
40,Checkmate,USA,Manchester
41,RoboWarriors,USA,Warren
42,P.A.R.T.S. (Precision Alvirne Robotics Team Systems),USA,Hudson
45,TechnoKats Robotics Team,USA,Kokomo
46,Category5,,
47,Chief Delphi,USA,Pontiac
48,Team E.L.I.T.E.,USA,Warren
49,Robotic Knights,USA,Saginaw
51,Wings of Fire,USA,Pontiac
52,Robotworks Y,,
53,Area 53,USA,Greenbelt
55,Team 55,,
56,R.O.B.B.E.,USA,Bound Brook
57,Leopards,USA,Houston
58,The Riot Crew,USA,South Portland
59,RamTech,USA,Miami
60,Kingman FIRST Robotics Team 60 (The Bionic Bulldogs),USA,Kingman
61,BVT Robotics,USA,Upton
62,Team 62,,
63,McDowell Robotics Team 63,USA,Erie
64,Gila Monsters,USA,Mesa
65,The Huskie Brigade,USA,Pontiac
66,Grizzly Robotics,USA,Ypsilanti
67,The HOT Team,USA,Highland
68,Truck Town Thunder,USA,Ortonville
69,HYPER,USA,Quincy
70,More Martians,USA,Goodrich
71,Team Hammond,USA,Hammond
73,The Illumination,USA,Rochester
74,Team CHAOS,USA,Holland
75,RoboRaiders,USA,Hillsborough
77,Team 77,,
78,AIR STRIKE,USA,Newport
79,Team 79 Krunch,USA,Oldsmar
80,Robocolt,USA,Phoenix
81,MetalHeads,USA,Freeport
84,Chuck 84,USA,Towanda
85,B.O.B. (Built on Brains),USA,Zeeland
86,Team Resistance,USA,Jacksonville
87,Diablo,USA,Mount Holly
88,TJ²,USA,Bridgewater
89,Team 89,,PA
90,Team 90,,
92,RoboPats,USA,Lincolnshire
93,NEW Apple Corps,USA,Appleton
94,The  TechnoJays,USA,Southfield
95,Grasshoppers,USA,White River Junction
96,JESTER,USA,Springfield
97,Bionic Beef,USA,Cambridge
98,Team 98,,
100,The Wildhats,USA,Woodside
101,Striker,USA,Chicago
102,The Gearheads,USA,Somerville
103,Cybersonics,USA,Kintnersville
104,Team Universal,USA,West Chester
105,Team 105,USA,CHARLTON
106,Team 106,USA,phila
107,Team R.O.B.O.T.I.C.S.,USA,Holland
108,SigmaC@T Robotics Team,USA,Fort Lauderdale
109,Team 109,USA,Libertyville
111,WildStang,USA,Arlington Heights
112,Plus One,USA,Arlington Heights
114,Eaglestrike,USA,Los Altos
115,MVRT,USA,Cupertino
116,Epsilon Delta,USA,Herndon
117,Steel Dragons,USA,Pittsburgh
118,Robonauts,USA,Houston
120,Youth Tech Academy Red Dragons,USA,Cleveland
121,Rhode Warriors,USA,Middletown
122,NASA Knights,USA,Hampton
123,Team - Cosmos,USA,Hamtramck
124,Team 124,USA,Waterford
125,NUTRONs,USA,Revere
126,Gael Force,USA,Clinton
127,Bluetonium,USA,Friendswood
128,The Botcats,USA,Columbus
130,Brain Busters,,
131,CHAOS,USA,Manchester
132,Radioactive Mustangs,USA,Wilton Manors
133,B.E.R.T.,USA,Standish
134,Team Discovery,USA,Pembroke
135,Penn Robotics Black Knights,USA,Mishawaka
136,Killer Kardinals,USA,Plainfield
138,Entropy,USA,Amherst
140,Tigers,USA,Tyngsboro
141,WOBOT,USA,Holland
144,Operation Orange,USA,Hamilton
145,T-Rx,USA,Norwich
146,Team 146,,
147,Deep Thunder,USA,St. Petersburg
148,Robowranglers,USA,Greenville
151,Tough Techs,USA,Nashua
153,Team 153,USA,Bridgewater
155,The TechnoNuts,USA,Berlin
156,RPM  - Robotics Plus Mayhem,USA,Fairview
157,AZTECHS,USA,Marlborough
158,The Cobras,USA,Milford
159,Alpine Robotics,USA,Fort Collins
161,Team 161,,
162,Team 162,,
163,Team 163,,
165,Das Goat,USA,Annapolis
166,Chop Shop,USA,Merrimack
167,Children of the Corn,USA,Iowa City
168,Flashbacks,USA,Miami
169,Team 169,,
171,Cheese Curd Herd,USA,Platteville
172,Northern Force,USA,Falmouth/Gorham
173,RAGE Robotics ⚙️,USA,Tolland
174,Arctic Warriors,USA,Liverpool
175,Buzz Robotics,USA,Enfield
176,Aces High,USA,Windsor Locks
177,Bobcat Robotics,USA,South Windsor
178,The 2nd Law Enforcers,USA,Farmington
179,Children of the Swamp,USA,Riviera Beach
180,S.P.A.M.,USA,Stuart
181,Birds Of Prey,USA,Hartford
182,ThunderQuest,USA,Dearborn
184,F.R.E.D.,USA,Dearborn
186,The Alliance,USA,Lake Buena Vista
188,Blizzard,Canada,Toronto
190,Gompei and the HERD,USA,Worcester
191,X-CATS,USA,Rochester
192,GRT,USA,Palo Alto
193,MORT Beta,USA,Flanders
195,CyberKnights,USA,Southington
197,Team 197,,
199,Deep Blue,USA,Belmont
201,The FEDS,USA,Rochester
202,Team 202,,
203,SOUPERBOTS,USA,Sicklerville
204,Eastern Robotic Vikings,USA,Voorhees
207,METALCRAFTERS,USA,Hawthorne
209,DRRT,USA,North Dighton
211,MAK,USA,Rochester
212,Robotics And Creative Engineering,USA,Miami
213,The Dirty Birds,USA,Keene
215,Team 215,USA,El Paso
216,More RoboDawgs,USA,Grandville
217,ThunderChickens,USA,Sterling Heights
219,Team Impact,USA,Washington
221,Team 221,USA,Houghton
222,Tigertrons,USA,Tunkhannock
223,Xtreme Heat,USA,Wanaque
224,The Tribe,USA,Piscataway
225,TechFire,USA,Seven Valleys
226,Hammerheads,USA,Troy
227,Team 227,,
228,GUS,USA,Meriden
229,Division By Zero,USA,Potsdam
230,Gaelhawks,USA,Shelton
231,High Voltage,USA,Houston
232,Team 232,USA,Napa
233,The Pink Team,USA,Rockledge
234,Cyber Blue,USA,Indianapolis
235,Motown Live Wires,USA,Warren
236,Techno-Ticks,USA,Old Lyme
237,Black Magic Robotics,USA,Watertown
238,Crusaders,USA,Manchester
239,Team 239,,
240,TEMPEST,USA,Newport
241,Astros,USA,Derry
244,RoboDawgs 3D,USA,Grandville
245,Adambots,USA,Rochester Hills
246,Lobstah Bots,USA,Boston
247,Da Bears,USA,Berkley
248,Team 248,USA,Philadelphia
249,The Bulldogs,USA,Detroit
250,The Dynamos,USA,Colonie
252,Team 252,,
253,Boba Bots,USA,Millbrae
254,The Cheesy Poofs,USA,San Jose
255,Team 255,USA,San Jose
256,Robo-Rams,USA,San Jose
257,Team 257,,
258,Sea Dawgs,USA,San Jose
259,LABRATs,USA,Bell
260,Team 260,USA,Los Angeles
261,Team 261,USA,Los Angeles
263,Aftershock,USA,Ronkonkoma
264,Team 264,,MI
265,Moderate Heat,USA,Wanaque
266,Team 266,,
267,Demolition Squad,USA,Parkland
268,Team 268,USA,Philadelphia
269,CooneyTech,USA,Oconomowoc
270,Falcons,USA,Deer Park
271,Mechanical Marauders,USA,Bay Shore
272,Cyber Crusaders,USA,Lansdale
274,Rhodes Maniacs,USA,Cleveland
276,Madcows!,USA,Youngstown
277,Team 277,,
278,Team 278,USA,Orlando
279,Tech Fusion,USA,Maumee
280,TnT,USA,Taylor
281,The GreenVillains,USA,Greenville
282,Team 282,USA,Winter Park
283,The Generals,USA,Greenville
284,The Crew,USA,Dimock
287,Floyd Robotics,USA,Mastic Beach
288,The RoboDawgs,USA,Grandville
290,Team 290,,
291,CIA - Creativity In Action,USA,Erie
292,PantherTech,USA,Russiaville
293,SPIKE,USA,Pennington
294,Beach Cities Robotics,USA,Redondo Beach
295,Grizzly Robotics Team,USA,Granite Bay
296,Northern Knights,Canada,Montreal
297,Dragons 2,USA,Lake Orion
298,Team 298,USA,Pleasanton
299,Valkyrie Robotics,USA,Cupertino
300,AAME,USA,Philadelphia
301,P.R.O.B.O.T.S.,USA,Dearborn
302,The Dragons,USA,Lake Orion
303,The T.E.S.T. Team,USA,Bridgewater
304,GWHS Robo Griffins,USA,Philadelphia
306,CRT,USA,Corry
308,Monsters,USA,Walled Lake
309,RECHARGED,,
311,Red Jammers,USA,Islip Terrace
312,HeatWave,USA,St. Petersburg
313,Demeter,USA,Westland
314,The Megatron Oracles,USA,Flint
315,Team 315,,
316,LUNATECS,USA,Carneys Point
317,Mechanical Geek Squad,USA,Fort Worth
319,Big Bad Bob,USA,Alton
321,RoboLancers,USA,Philadelphia
322,Team Knight Riders,USA,Flint
323,Lights Out,USA,Mountain Home
324,Chips,USA,Friendswood
325,Respawn Robotics,USA,Hamilton
326,Teamsuperpowermaticultramegasuperlativeawesometasticdelcioushowlingunieagles,USA,Romulus
328,Penn Robotics Golden Rooks,USA,Mishawaka
329,Mohawks,USA,Medford
330,The Beach Bots,USA,Hermosa Beach
331,The Bulldogs,USA,New York
333,MEGALODONS,USA,Brooklyn
334,TechKnights,USA,Brooklyn
335,Skillz Tech Gear Botz,USA,Brooklyn
337,Hard Working Hard Hats,USA,Whitman
338,Pandemic,USA,West Jefferson
339,Kilroy Robotics,USA,Stafford
340,G.R.R. (Greater Rochester Robotics),USA,Churchville
341,Miss Daisy,USA,Ambler
342,Burning Magnetos,USA,North Charleston
343,Metal-In-Motion,USA,Seneca
345,NORSTAR,USA,Norfolk
346,RoboHawks,USA,Richmond
348,Norwell Robotics,USA,Norwell
349,Team 349,USA,Bloomfield Hills
350,Timberlane Robotics,USA,Plaistow
351,Team 351,USA,Green Cove Springs
352,The Green Machine,USA,Carle Place
353,POBots,USA,Plainview
354,G-House Pirates,USA,Brooklyn
356,Enigma,USA,Little Rock
357,Royal Assault,USA,Drexel Hill
358,Robotic Eagles,USA,Hauppauge
359,Hawaiian Kids,USA,Waialua
360,The Revolution,USA,Tacoma
361,Team 361,USA,Farmindale
362,The Muses,USA,Los Angeles
364,Team Fusion 364,USA,Gulfport
365,Miracle Workerz,USA,Wilmington
367,Team 367,USA,Seaford
368,Team Kika Mana,USA,Honolulu
369,High Voltage Robotics,USA,Brooklyn
371,Cyber Warriors,USA,Staten Island
372,RoboKnights,USA,Mukilteo
373,Falcons ,USA,Locust Valley
374,The IceBreakers,USA,Anchorage
375,Robotic Plague,USA,Staten Island
376,Team 376,USA,Newark
378,The Circuit Stompers,USA,Newfane
379,The RoboCats,USA,Girard
380,G-FORCE,USA,Bronx
381,Tornadoes,USA,Trenton
382,Twisted Blizzard,USA,Columbus
383,Brazilian Machine,Brazil,Porto Alegre
384,SPARKY 384,USA,Henrico
386,Team Voltage,USA,Melbourne
388,Maximum Oz,USA,Grundy
391,Titanium Rampage,USA,Grand Rapids
393,Full Metal Jackets (FMJ393),USA,Morristown
394,Team 394,USA,Windsor
395,2 Train Robotics,USA,Bronx
397,Knight Riders,USA,Flint
398,The Thundering Herd,USA,Ridgway
399,Eagle Robotics,USA,Lancaster
400,The Blue Dragons,USA,Richmond
401,Copperhead Robotics,USA,Blacksburg
402,Team 402,USA,Woodbridge
404,⚒️   404 ART Not Found  ⚒️,USA,Petersburg
405,The Chameleons,USA,Richmond
406,Mumford Chargers,USA,Detroit
407,Team 407,USA,Detroit
408,The RoboTicks,USA,Pompano Beach
409,Team 409,USA,San Jose
410,Psychos,USA,Los Angeles
411,The Creeping Crawlers,USA,Rockhill
413,Team 413,,
414,Smokie and the Bandits,USA,Richmond
415,RoBoCRAFT,USA,Williamston
416,Regs,USA,Richmond
417,Stangbot,USA,Mt. Sinai
418,Purple Haze,USA,Austin
419,NDV Dragon Bots,USA,Boston
420,Team 420,,
421,The Warriors,USA,Bronx
422,The Mech Tech Dragons,USA,Richmond
423,Simple Machines,USA,Elkins Park
424,Rust Belt Robotics,USA,Buffalo
425,Spartans,USA,Melbourne
426,Zombie Apocalypse Counter Task Force,USA,Bronx
427,LANCE-A-LOT,USA,Philadelphia
428,BoroBlasters,USA,Hillsborough
429,Two Many Bobcats,USA,South Windsor
430,MORT GAMMA,USA,Budd Lake
431,PinkZilla,USA,Rockledge
432,The Final Countdown,USA,Hamilton
433,Firebirds,USA,Flourtown
434,Kraken,USA,Missouri City
435,Robodogs,USA,Raleigh
436,Purple Rain,USA,Austin
437,Talon Robotics,USA,Richardson
438,El Camino Creek Problem-Solving Programmers,USA,Houston
440,The Suspects,USA,Detroit
441,DEVIL DOGS,USA,Houston
442,Redstone Robotics,USA,Huntsville
443,Freelance Robotics,USA,Denver
444,Philly's Extreme Team,USA,Philadelphia
446,Robodogs,USA,La Porte
447,Team Roboto,USA,Anderson
448,Crandroids,USA,Bloomfield Hills
449,The Blair Robot Project,USA,Silver Spring
451,Cat Attack Robotics,USA,Maumee
453,Rockem Sockem Robotics,USA,Clinton Township
456,Siege Robotics,USA,Vicksburg
457,⚙️ Grease Monkeys ⚙️,USA,San Antonio
459,Rampage Robotics,USA,Gainesville
460,Xavier Robotics,USA,Phoenix
461,Westside Boiler Invasion,USA,West Lafayette
462,The Rambunctious Rams,USA,Jackson
463,LEGObots,USA,San Jose
464,Team 464,USA,Rio Rancho
465,GearHeads,USA,Canton
466,LEGOndary,USA,Philadelphia
467,Center of Mass,USA,Shrewsbury
468,Aftershock,USA,Flint
469,Las Guerrillas,USA,Pontiac
470,Grizzly Robotics,USA,Ypsilanti
471,Cyber Tigers,USA,Fenton
473,RoboDevils!!,USA,Corvallis
475,Team 475,USA,Detroit
476,Wildcats,USA,Ponca City
478,Critical Mass,USA,Rosemead
480,Hybrid,USA,Oakland
481,The Hitchhikers,USA,San Pablo
484,Roboforce,USA,Havertown
486,Positronic Panthers,USA,Wallingford
487,Spartans,USA,Erdenheim
488,Team XBOT,USA,Seattle
491,Technotics,USA,Bridgeport
492,Titan Robotics Club,USA,Bellevue
493,Team 493,USA,ALLIANCE
494,Martians,USA,Goodrich
495,Team 495,USA,Williamsburg
496,Royals,USA,Port Jefferson
497,Orange Crush,USA,Orange
498,The Cobra Commanders,USA,Glendale
499,Toltechs,USA,San Antonio
500,Team 500/Team USA,USA,New London
501,The PowerKnights,USA,Manchester/Goffstown
502,Robo Rockers,USA,Rockville Centre
503,Frog Force,USA,Novi
504,Team 504,USA,Little Silver
505,Team 505,USA,Yonkers
506,BroBots,USA,South Huntington
507,Solid Orange Academy of Robotics (SOAR),USA,Greenville
508,Team 508,USA,Avon
509,Red Storm,USA,Bedford
510,Hawaii Five-10,USA,Highland Springs
511,The Robodox,USA,Granada Hills
512,Team 512,USA,Hull
513,Renegade Robotics,USA,Oklahoma City
514,Entropy,USA,Miller Place
515,TechnoKnights,USA,Detroit
516,StuyPlus,USA,New York
517,Team 517,USA,New Providence
518,Blue Steel,USA,Grand Rapids
519,Robo Masters,USA,Detroit
520,Team 520,USA,Deer Park
521,"L33T CREW (""leet crew"")",USA,Waterford
522,ROBO WIZARDS,USA,Staten Island
524,Team 524,USA,Bakersfield
525,Swartdogs,USA,Cedar Falls
526,Saxon Sparks,USA,Mc Lean
527,Red Dragons,USA,Massapequa
528,The Persuaders,USA,Lansdale
529,The Mansfield Hornets,USA,Mansfield
533,The PSIcotics,USA,Lindenhurst
535,G-Force,USA,Markle
536,Team 536,USA,San Francisco
537,Charger Robotics,USA,Sussex
538,Renaissance Robotics,USA,Athens
539,Titan Robotics,USA,Richmond
540,TALON 540 Godwin Robotics,USA,Henrico
541,Surgeons of Steel,USA,Cleveland
545,ROBO-DAWGS,USA,Levittown
546,Technotics,USA,Woodbridge
547,Falcon Engineering And Robotics,USA,Fayetteville
548,Robostangs,USA,Northville
549,DevilDawgs,USA,Leominster
550,NanKnights,USA,Washington
551,Team 551,USA,Belvidere
554,The Blue Grease Crew,USA,Ft. Thomas
555,Montclair Robotics,USA,Montclair
557,Flaming Cardinals,USA,Detroit
558,Elm City Robo Squad,USA,New Haven
560,Camdenton 4-H LASER HWE #3,USA,Detroit
561,Camdenton 4-H LASER HWE #4,USA,Phila
562,SPARK - Students Pursuing Applied Robotics Knowledge,USA,Fitchburg
563,Thrashers,USA,Phila
564,Longwood RoboLions,USA,Middle Island
565,Camdenton 4-H LASER ORI #3,USA,Newark
566,Hot Wired 566,USA,Centereach
568,Nerds of the North,USA,Anchorage
569,Rambots 569,USA,Westbury
570,Team Phoenix,USA,Glen Cove
571,Paragon Robotics,USA,Windsor
573,Mech Warriors,USA,Bloomfield Hills
574,Team 574,USA,Bronx
575,Frankfort First Lego League #1,USA,North Hills
576,Nerd Kings,USA,Los Angeles
577,Tiger Techs,USA,Tujunga
578,Fairport Robotics,USA,Fairport
579,Team 579,USA,Laveen
580,Viking Robotics,USA,Studio City
581,Blazing Bulldogs,USA,San Jose
582,Viking Electros,USA,Jacksonville
583,Team 583,USA,Seattle
585,Cyber Penguins,USA,Tehachapi
586,Robo Mustangs,USA,Alhambra
587,The Hedgehogs,USA,Hillsborough
588,Jagtronx,USA,Jacksonville
589,Falkon Robotics,USA,La Crescenta
590,Chahta Warriors,USA,Choctaw
591,Power Surge,USA,Los Angeles
592,Team 592,USA,Sacramento
593,Joe Walker - B.R.O.S. (Brothers Reaching Over Success),USA,Houston
594,Joe Walker - Whiplash,USA,Flint
596,SciClones,USA,Hopkinton
597,The Wolverines,USA,Los Angeles
598,Team Duct Tape,USA,Woodland Hills
599,The Robodox,USA,Granada Hills
600,RamRod Robotics,USA,Lynchburg
601,BayBots,USA,Hampton Bays
602,MTC,USA,Leesburg
603,FBI - Fascinating Bot Intelligence,USA,Daytona Beach
604,Quixilver,USA,San Jose
605,Astromechs,USA,Hayward
606,Cyber Eagles,USA,Los Angeles
607,Mindstorm Overlords,USA,Piney Woods
608,Team 608,USA,Atlanta
609,VentureBOTS,USA,Santa Rosa
610,Crescent Coyotes,Canada,Toronto
611,Saxons,USA,Mc Lean
612,Chantilly Robotics,USA,Chantilly
613,NeoWarriors,USA,Somerset
614,Night Hawks,USA,Alexandria
615,Knights,USA,Washington
616,Southampton Indians,USA,Courtland
617,Enginerds,USA,Highland Springs 
618,E.A.R.T.H. Squad (Edison Achieving Real Technological Heights),USA,Philadelphia
619,Cavalier Robotics,USA,Charlottesville
620,Warbots,USA,Vienna
621,Team 621,USA,Falls Church
622,Team 622,USA,Manassas
623,Oakton Cougar Robotics,USA,Vienna
624,CRyptonite,USA,Katy
625,Team 625,USA,Palmer
627,Team 627,USA,Falls Church
628,Northern RobArctic,USA,Fairbanks
630,Team 630,USA,McLean
632,J-Lo,USA,Union City
633,Falcon Robotics,USA,Tacoma
634,Rage,USA,Van Nuys
635,Team 635,USA,Buda
636,Rascals,USA,Waipahu
637,MR. T,USA,Montville Township
638,Operation Oxidation,USA,Midlothian
639,Code Red Robotics,USA,Ithaca
640,Edison Robotics,USA,Jamaica
641,Team 641,USA,Sanborn
642,BRR(Big Red Robotics),USA,Parkersburg
643,Team 643,USA,Allentown
644,Team Mambo,USA,Pearl River
645,Team 645,USA,San Rafael
646,Team 646,USA,West Sayville
647,CYBERWOLVES,USA,Killeen
648,QC ELITE  Flaming Squirrels,USA,Moline
649,MSET Fish,USA,Saratoga
650,Hella's Angels,USA,Flora
651,Yo Bot,USA,Mar Lin
652,Bobcats,USA,Erie
653,NOSIDE,USA,San Antonio
654,Mechateuthis Dux,USA,Tallahassee
655,Team 655,USA,Brooklyn
658,B.E.A.S.T.  - Bringing Excitement and Science Together,USA,Wyoming
659,Team 659,USA,Houston
660,Dragons,USA,Round Rock
662,Rocky Mountain Robotics,USA,USAF Academy
663,Power Sharks,USA,Whitinsville
664,Team 664,USA,Harvard
665,Motor Monkeys,USA,Orlando
666,The TorMentors,USA,Hell
667,Team 667,USA,Los Angeles
668,The Apes of Wrath,USA,San Jose
670,Homestead Robotics,USA,Cupertino
671,Team 671,USA,San Francisco
674,Team 674,USA,Manchester
675,Tech High Robotics,USA,Rohnert Park
676,Team 676,USA,El Paso
677,Murphy's Outlaws,USA,Columbus
679,Team 679,USA,New York
681,Team 681,USA,Chicago
684,Team 684,USA,Sylmar
685,Team 685,USA,Coconut Creek
686,Bovine Intervention,USA,Frederick
687,The Nerd Herd,USA,Carson
688,Team 688,USA,Flint
690,Team 690,USA,Northampton
691,Project 691 Robotics,USA,Stevenson Ranch
692,The Fembots,USA,Sacramento
694,StuyPulse,USA,New York
695,Bison Robotics,USA,Beachwood
696,Circuit Breakers,USA,La Crescenta
697,Panda Robotics,USA,Los Angeles
698,Hamilton Microbots,USA,Chandler
699,Team 699,USA,Chatsworth
700,Team 700,USA,Los Angeles
701,RoboVikes,USA,Fairfield
702,Bagel Bytes,USA,Culver City
703,Team Phoenix,USA,Saginaw
704,Warriors,USA,Grand Prairie
706,Cyberhawks,USA,Hartland
708,Hatters Robotics,USA,Horsham
709,Femme Tech Fatale,USA,Bryn Mawr
710,Panther Bot,USA,Fort Lauderdale
711,Robeson full force,USA,Brooklyn
713,Steel Raiders,USA,New York City
714,Panthera,USA,Newark
715,Team 715,,NY
716,Who'sCTEKS,USA,Falls Village
731,Team 731,,
743,Technobots,USA,Bronx
744,Shark Attack,USA,Fort Lauderdale
746,Gearheads 746,Canada,North York
747,Flight Crew,USA,Middlesex
748,Kingsville CavalGears,Canada,Kingsville
749,Ctrl V,USA,Corvallis
750,TechnoTide,USA,Picayune
751,barn2robotics,USA,Portola Valley
752,Chargers,USA,Newark
753,High Desert Droids,USA,Bend
754,FROSTBYTE,USA,Marinette
755,Team 755,USA,Washington
757,Crazy Train,USA,Newton
758,South-Kent Youth Robotics,Canada,Blenheim
759,Systemetric,Kingdom,Cambridge
760,Team 760,,
761,TechPUPS,USA,Carmel
762,Patriots,USA,Altamonte Springs
764,Scoopers,USA,Sturgis
765,Cobblers,USA,Rapid City
766,M-A Bears,USA,Atherton
768,TechnoWarriors,USA,Baltimore
769,Eaglebotics,USA,Virginia Beach
770,Team 770,USA,Rapid City
771,SWAT,Canada,Oakville
772,Sabre Bytes Robotics,Canada,LaSalle
773,Kingsville CavalGears,Canada,Kingsville
776,SATech Saints,Canada,Tecumseh
779,Team 779,USA,Cuyahoga Heights
780,TigerBots,USA,Bayamon
781,Kinetic Knights,Canada,Kincardine
782,Kilowatts,USA,Hartford
783,Mobotics,Canada,Toronto
800,The HazBots,USA,Redmond
801,Horsepower,USA,Merritt Island
802,Team 802,USA,Sudbury
803,Lowcountry Castaways,USA,Berkeley County
804,MetalMorphosis/Mad Scientists,USA,Rock Hill
805,Igniters,USA,Salem
806,The Brooklyn Blacksmiths,USA,Brooklyn
807,Monster Mechanics,USA,Huntsville
808,Mechanical Mayhem,USA,Alliance
809,The TechnoWizards,USA,Manchester
810,The Mechanical Bulls,USA,Smithtown
811,Wild Cards,USA,Nashua
812,The Midnight Mechanics,USA,La Jolla
814,Megaforce,USA,Napa
815,Advanced Power,USA,Allen Park
816,Anomaly,USA,Mount Holly
818,The Steel Armadillos,USA,Warren
820,Team DeltaTech,Canada,Toronto
822,Team 822,USA,Detroit
824,SWAT Robotics,USA,Seattle
825,SWiVaGus Maximus,USA,Dublin
827,Robotics Eagle,USA,Fremont
829,The Digital Goats,USA,Indianapolis
830,The RatPack,USA,Ann Arbor
831,Ka Mikini Hui O Mililani,USA,Mililani
832,OSCAR,USA,Roswell
833,HPA Robotics,USA,Kamuela
834,SparTechs,USA,Center Valley
835,The Sting,USA,Beverly Hills
836,The RoboBees,USA,Hollywood
837,Webbinators,USA,Oxford
839,Rosie Robotics,USA,Feeding Hills
840,Aragon Robotics Team,USA,San Mateo
841,The BioMechs,USA,Richmond
842,Falcon Robotics,USA,Phoenix
843,Wildcats,Canada,Oakville
845,Cutting Edge,USA,Pendleton
846,The Funky Monkeys,USA,San Jose
847,PHRED,USA,Philomath
848,HuskyBots,USA,San Pedro
849,Wolfpack,Canada,Unionville
850,Team 850,USA,La Canada
851,Froggers,USA,Torrance
852,ARC Robotics,USA,Danville
853,Thunderstorms,USA,Phoenix
854,Iron Bears,Canada,Etobicoke
857,Superior Roboworks,USA,Houghton
858,Demons Robotics,USA,Wyoming
859,BOING,USA,Morgantown
861,Gondobots,USA,Los Angeles
862,Lightning Robotics,USA,Canton
863,The Queens of Modnar,Canada,Toronto
865,WARP7,Canada,Toronto
866,The SmartTeens of the Turabo Valley,USA,Caguas
867,Absolute Value,USA,Arcadia
868,TechHOUNDS,USA,Carmel
869,PowerCord,USA,Middlesex
870,TEAM  R. I. C. E.,USA,Southold
871,Robotechs,USA,West Islip
872,Techno-Devils,USA,Columbus
873,Team 873,USA,Dickinson
874,Isis,USA,Alexander
875,Team FrostByte,USA,Hatton
876,Thunder Robotics,USA,Hatton-Northwood
877,Pi Rho 'botics @ North Star,USA,Cando
878,Metal Gear,USA,Rugby
879,Team 879,USA,New Town
880,Border Patrol,USA,Fairmount
881,Team 881,USA,Bismarck
883,Ironmen,USA,Cleveland
884,Mechanical Mules,USA,Malverne
885,Ro-bovines,USA,Randolph Center
886,Wildcats,Canada,North York
887,Team 887,USA,Goffstown
888,Robotiators,USA,Glenelg
889,The Cougars,USA,West Islip
891,Neverending Chaos,USA,Syracuse
892,Team ASCII,USA,Canal Winchester
894,The Power Chargers,USA,Flint
896,Blue Steel,USA,Newark
897,Team 4,Canada,Toronto
898,Team Desert Storm,USA,Glendale
899,Team 6,USA,Houston
900,The Zebracorns,USA,Durham
901,Team 8,USA,Miami
902,Delphi Heritage RoboHawks,USA,Saginaw
903,RoboTroopers,USA,Detroit
904,D Cubed,USA,Grand Rapids
905,Platt Tech Panthers,USA,Milford
906,UMR,USA,Rolla
907,"East York Cybernetics ""The Cybernauts""",Canada,East York
908,Botz of Prey,USA,North Charleston
909,Junkyard Crew,USA,Lawrence
910,The Foley Freeze,USA,Madison Heights
912,Iron Lyons,Canada,Toronto
913,Bendale Robotics,Canada,Toronto
914,NextGen,Canada,Aurora
915,Team 915,Canada,Toronto
917,Team 917,Canada,Toronto
918,Team 918,Canada,Toronto
919,PANTHERA TIGRIS,Canada,Toronto
920,Team 920,USA,Philadelphia
922,ULTIMATE:  United Longhorn Team Inspiring Mental Attitude Towards Engineering,USA,Laredo
925,Code Red,USA,China Grove
926,The Capacitors,USA,Raleigh
927,Team 927,USA,Reston
928,Hounds of Steel,USA,Washington
930,Mukwonago BEARs,USA,Mukwonago
931,Perpetual Chaos,USA,Saint Louis
932,The Circuit Chargers,USA,Tulsa
933,Trigos,USA,Rockford
934,Team 934,USA,Lawrence
935,RaileRobotics,USA,Newton
936,Big Dogs,USA,Osborne
937,Nerd Herd,USA,Overland Park
938,Code Gold,USA,Richmond
939,Hiphopanonymous,USA,Sisseton
940,Digital Demolition,USA,Brookings
941,Arrow Robotics,USA,Watertown
942,Roboteers,USA,Woonsocket
943,Great Balls of Fire,USA,Volga
945,Team Banana,USA,Orlando
946,Creepy Crafters,USA,Coral Springs
947,Hannibal Gear Gals,USA,Daytona Beach
948,NRG (Newport Robotics Group),USA,Bellevue
949,Wolverine Robotics,USA,Bellevue
950,Team 950,USA,Reno
953,Team Illuminati,USA,Reno
954,Scorpion Robotics,USA,Reno
955,Ctrl C,USA,Corvallis
956,Eagle Cybertechnology ,USA,Adair Village
957,SWARM - South and West Albany Robotics Maniacs,USA,Albany
959,Team 959,USA,Palmer
960,Circuit Breakers,USA,Anchorage
961,Buckaroo Brutes,USA,Winnemucca
962,Thunderbots,USA,Bullhead City
963,South Bulldogs Robotics,USA,Columbus
964,Bearcat Robotics,USA,Bedford
966,Heights Tigers,USA,Cleveland Heights
967,Iron Lions,USA,Marion
968,RAWC (Robotics Alliance Of West Covina),USA,West Covina
969,Hollis Lightning,USA,Lebanon
970,The Cardinals,USA,East Cleveland
971,Spartan Robotics,USA,Mountain View
972,Iron Claw,USA,Los Gatos
973,Greybots,USA,Atascadero
974,Nautae,USA,Los Angeles
975,Synergy Robotics,USA,Midlothian
976,Circuit Breakerz,USA,Nottoway
977,Cometbots,USA,South Boston
979,Team 979,USA,Dayton
980,ThunderBots,USA,Burbank
981,Snobotics,USA,Lebec
982,The Knights,USA,Sioux Falls
984,Team 984,USA,Wellesley
987,HIGHROLLERS,USA,Las Vegas
988,Steel Phoenix,USA,Las Vegas
989,Palo,USA,Las Vegas
990,The Deadly Viper Assassination Squad,USA,Las Vegas
991,BroncoBots,USA,Phoenix
992,Oakwood Robotics,USA,North Hollywood
995,Monkey Wrenchers,USA,Alhambra
996,Mecha Knights,USA,Casa Grande
997,Spartan Robotics,USA,Corvallis
998,The Overcookers,USA,Soldotna
999,MechaRAMS,USA,Cheshire
1000,Cybearcats,USA,Valparaiso
1001,Hacksaw,USA,Lyndhurst
1002,CircuitRunners Robotics,USA,Marietta
1005,Chaminade Robotics,USA,St. Louis
1006,Fast Eddie Robotics,Canada,Port Perry
1007,The Tyrants,USA,Snellville
1008,Team Lugnut,USA,Columbus
1009,Bolt Action,Canada,North York
1010,B.C. Hawks,USA,Ortonville
1011,CRUSH,USA,Tucson
1013,The Phoenix,USA,Queen Creek
1014,Bad Robots,USA,Dublin
1015,Pi Hi Samurai,USA,Ann Arbor
1016,Evolution,USA,Darlington
1017,Home Advantage,USA,Flint
1018,Pike RoboDevils,USA,Indianapolis
1019,Sons Of The Beach,USA,Westhampton Beach
1020,The Prank Monkeys,USA,Muncie
1022,Archer GEeks,USA,Fort Wayne
1023,Bedford Express,USA,Temperance
1024,Kil-A-Bytes,USA,Indianapolis
1025,Impi Warriors,USA,Ferndale
1026,Cougars,USA,York
1027,Mechatronic Maniacs,USA,West Springfield
1028,UBERGEEKS,USA,Huntsville
1029,Wolverine Robotics,USA,Miami
1030,Combined Minds,USA,Groveport
1031,The Boilermakers,USA,San Francisco
1033,Team CLUTCH,USA,Richmond
1034,Eclipse,USA,Chicago
1035,T12,USA,Chicago
1036,Central Tech Robotics,Canada,Toronto
1037,The SCREAM Team,USA,Rochester Hills
1038,Lakota Robotics,USA,Liberty Township 
1039,Chief Sealth Robotics,USA,Seattle
1040,Pythons,USA,Atlanta
1041,Impending Disaster,USA,Austell
1042,Team 1042,USA,Chicago
1043,Batteries Not Included,USA,San Jose
1045,MSJ Robotics,USA,Fremont
1046,Aztechs,USA,Palm Desert
1047,Team Echoes,USA,Irvine
1048,Mustang Robotics,USA,Manville
1049,Archangel Robotics,Canada,Toronto
1051,Technical Terminators,USA,Mullins
1052,Team 1052,USA,Pinole
1053,Gears of Glebe,Canada,Ottawa
1054,Knightmares,USA,Buckingham
1055,Frank's Garage,USA,Chicago
1056,Hot Rocks,USA,Hilo
1057,The Blue Knights,USA,Sandersville
1058,PVC Pirates,USA,Londonderry
1059,Team 1059,USA,Simsbury
1060,Dust Devils,USA,Mohave Valley
1062,Storm Troopers,USA,Celebration
1063,Team MG,Canada,Toronto
1064,Wild Beast,USA,South Milwaukee
1065,The Moose,USA,Kissimmee
1067,Junior Billikens,USA,Saint Louis
1068,The Ninjaneers,USA,Orlando
1069,Technobots,USA,Greer
1070,Royal Robotrons,USA,Woodland Hills
1071,Team MAX,USA,Wolcott
1072,Harker Robotics,USA,San Jose
1073,The Force Team,USA,Hollis
1074,Team 1074,,
1075,Sprockets,Canada,Whitby
1076,PiHi Samurai,USA,Ann Arbor
1077,All Stars,USA,Miami
1079,Chaparral Robotic Eng And Tech Explorers Murrieta Amazing Grace Inventors Coalit,USA,Temecula
1080,Resurgence Robotics,USA,Henrico
1081,Tech Warriors,USA,Atlanta
1082,Railroaders,USA,Sparks
1083,Team Emoticons,USA,Orlando
1084,IronColts,Canada,Sarnia
1085,Aquatic Robotics,USA,Avon
1086,Blue Cheese,USA,Glen Allen
1087,Titronics Digerati,USA,Salem
1088,Scarborough Warriors At The Top,Canada,West Hill / Toronto
1089,Team Mercury,USA,Hightstown
1090,Team 1090,USA,St Louis
1091,Oriole Assault,USA,Hartford
1092,The Rabid Rabbits,USA,Smyrna
1093,Cougars,USA,Richmond
1094,Channel Cats,USA,O Fallon
1095,Metal Minds,USA,Chatham
1096,ZULU,USA,Radford
1097,Site 3 Engineering,USA,Carmichael
1098,"Rockwood Robotics ""Rock-Bots""",USA,Wildwood
1099,DiscoTechs,USA,Brookfield
1100,Inverse Polarity,USA,Northborough/Southborough
1101,Mustangs,USA,Surrey
1102,M'Aiken Magic,USA,Aiken
1103,Frankenbots,USA,Delavan
1104,TechnoEagles,USA,Axtell
1105,The Prep,USA,Los Angeles
1106,patriots,USA,Mayville
1108,Panther Robotics,USA,Paola
1109,The RoboHawks,Canada,Lively
1110,Binary Bulldogs,USA,Palmdale
1111,Power Hawks Robotics,USA,Edgewater
1112,Huskies,Canada,Toronto
1113,Urban Assault,USA,Philadelphia
1114,Simbotics,Canada,St Catharines
1115,Deus Ex Machina,USA,Santa Monica
1116,Team 1116,USA,La Puente
1118,NERDS INC.,USA,Knoxville
1119,Pup Cups,USA,Walpole
1120,Milpitas Xtreme Robotics,USA,Milpitas
1122,Railbots,USA,Cleveland
1123,AIM ⛟ Robotics,USA,Fairfax
1124,UberBots,USA,Avon
1125,Broncos,USA,San Diego
1126,SPARX,USA,Webster
1127,Lotus Robotics,USA,Milton
1129,Team 1129,Canada,Montreal
1130,Phantoms ,USA,Albany
1131,Robo-Techs,USA,Hagerstown
1132,R.A.P.T.A.R. (Robotics Adventure Professionals of Tidewater and Richmond),USA,Ashland
1133,The Hug A Bots,USA,Reno
1135,Schmoebotics,USA,Cerritos
1136,Nutty Genius's,USA,Spring Valley
1137,Rocket Sauce,USA,Mathews
1138,Eagle Engineering,USA,Canoga Park
1139,The Chamblee Gear Grinders,USA,Chamblee
1140,MAGNADON,USA,Holly
1141,TAS Megawatts,Canada,Peterborough
1142,SH Robo Uknighted,USA,Daytona Beach
1143,Cruzin' Comets,USA,Clarks Summit
1144,COQUITRON,USA,San Lorenzo
1146,Magic,Canada,Labrador City
1147,The Herdinators,USA,Elk Grove
1148,Harvard Westlake Robotics,USA,Studio City
1149,T. O. Robotics,USA,Thousand Oaks
1150,Storm System,USA,Camp Verde
1151,The Hitchhikers,USA,San Pablo
1152,Blue Stars,USA,Hyde Park
1153,Timberwolves,USA,Walpole
1154,Harrisonburg High School Blue Streaks,USA,Harrisonburburg
1155,SciBorgs,USA,Bronx
1156,Under Control,Brazil,Novo Hamburgo
1157,Landsharks,USA,Boulder
1158,The Corps,USA,Collbran
1159,Ramona Rampage,USA,Alhambra
1160,Titanium Robotics,USA,San Marino
1161,Highland 1,USA,Brighton
1162,The Robotics Team,USA,Canutillo
1163,Trojan Horses,USA,Faulkton
1164,Project NEO,USA,Las Cruces
1165,Team Paradise,USA,Phoenix
1166,Highlander Robotics,USA,Garden City
1167,Knightmares,USA,Savannah
1168,Malvern Robotics,USA,Malvern
1169,Fairbanks Robarctics,USA,Fairbanks
1172,We Tek Too,USA,Richmond
1177,MECHA-JAGS,USA,Stone Mountain
1178,DURT  (De Smet United Robotics Team),USA,Saint Louis
1180,Atomsmashers,USA,Thunderbolt
1181,St Francis of Assisi Team 1,USA,Gilbert
1182,Patriots,USA,Manchester
1183,the peasants,USA,Suwanee
1184,Cobra Robotics,USA,Bel Air
1185,The X-Bots,USA,Pittsburgh
1187,Brick City Flame,USA,Newark
1188,The Ravens,USA,Royal Oak
1189,Gearheads,USA,Grosse Pointe
1190,ANONOBOTS,USA,Aurora
1191,Eagles,USA,Pittsburgh
1192,Team 1192,USA,Land O Lakes
1195,S.O.A.R. (Students of Applied Robotics),USA,Springdale
1197,TorBots,USA,Torrance
1199,Team 1199,USA,Pittsburgh
1200,Team 1200,USA,New Stanton
1201,CSI:Monroe,USA,Aberdeen
1202,Ranger Robotics,USA,Sidman
1203,PANDEMONIUM,USA,West Babylon
1204,Eagles,USA,Lakewood
1205,Badgerbots,USA,Bruni
1206,Wrench Warriors,USA,Fairview Park
1208,Metool Brigade,USA,O Fallon
1209,RoboHornets,USA,Tulsa
1210,Team TACKLE,USA,St Louis
1211,Robotnics,USA,Brooklyn
1212,Sentinels,USA,Chandler
1213,GROVES,USA,Beverly  Hills
1214,The Grizzlies,USA,Houston
1215,Machine Tool,USA,Washington
1216,Knights,USA,Oak Park
1218,SCH Robotics,USA,Philadelphia
1219,Iron Eagles,Canada,Toronto
1220,Rockhoppers - Hilltopper Robotics,USA,Milwaukee
1221,Nerdbotics,Canada,Mississauga
1222,Falcons,USA,Richmond
1223,Twisted Dimension,USA,Mesa
1224,Team 1224 - The Pius Princesses,USA,Bronx
1225,The Gorillas,USA,Hendersonville
1226,Team 1226,USA,Farmingdale
1227,Techno-Gremlins,USA,Grand Rapids
1228,RoboTribe,USA,Rahway
1229,Tidal Shift,Canada,Windsor
1230,The Lehman Lionics,USA,Bronx
1232,RAMS ROBOTICS,Canada,Stratford
1235,Maximum Strength,USA,Columbus
1236,Phoenix Rising,USA,Danville
1237,Cybernetic Panthers,USA,New York
1238,EcoRobotics,USA,New York
1239,Vita Dogs,USA,Olmsted Falls
1240,Sappers,USA,Manitowoc
1241,THEORY6,Canada,Mississauga
1242,Team S.M.I.L.E.Y,USA,Plantation
1243,Dragons,USA,Swartz Creek
1244,Viking Robotics,Canada,Goderich
1245,Monarch Robotics,USA,Louisville
1246,Agincourt Skunkworks,Canada,Scarborough
1247,"Blood, Sweat, and Gears",USA,North Sutton
1248,TITANium Allies,USA,Berea
1249,Robo Rats,USA,Delbarton
1250,Gator-Bots,USA,Dearborn
1251,TechTigers Robotics,USA,Tamarac
1254,Tech Force,USA,Lawrence
1255,Blarglefish,USA,Baytown
1256,Highlanders,USA,Howell
1257,Parallel Universe,USA,Scotch Plains
1258,SeaBot,USA,Seattle
1259,Paradigm Shift,USA,Pewaukee
1260,Panthers,Canada,Mississauga
1261,Robo Lions Team1261,USA,Suwanee
1262,the STAGS,USA,Martinsville
1263,Austin High School/Marshall Space Flight Center,USA,Decatur
1266,The Devil Duckies,USA,San Diego
1268,Purgolder Robotics,USA,Milwaukee
1270,Red Dragons,USA,Cleveland
1272,Tyrannikal Mechanikal,USA,Bloomington
1274,Wolf Bytes,USA,Berea
1275,Pi-Robots,Canada,Toronto
1276,Kaizen Blitz,USA,Rockland
1277,The Robotomies,USA,Groton
1278,B.E.A.R.S,USA,North Royalton
1279,Cold Fusion,USA,Somerville
1280,Ragin' C-Biscuits,USA,Danville
1281,Mustang Robotics,Canada,Richmond Hill
1284,DART,USA,Guntersville
1285,The Biggest Birds,Canada,Mississauga
1286,Kevlar Cranes,USA,Royal Oak
1287,Aluminum Assault,USA,Myrtle Beach
1288,RAVEN Robotics,USA,Saint Charles
1289,Gearheadz,USA,Lawrence
1290,Robowolves,USA,Chandler
1291,Circuit Breakers,Canada,Toronto
1292,RNS Joysticks,Canada,Rothesay
1293,Pandamaniacs,USA,Columbia
1294,Pack of Parts,USA,Sammamish
1295,The Golems,Canada,Toronto
1296,Full Metal Jackets,USA,Rockwall
1297,Team 1297,USA,Sylacauga
1298,205 Terminators,USA,Birmingham
1299,Dominators,USA,Jasper
1300,EVO,Canada,Oakville
1301,The Robotic Raiders,USA,Seattle
1302,Team Lionheart,USA,Sparta
1303,WYOHAZARD,USA,Casper
1304,N.O. Botics,USA,New Orleans
1305,Ice Cubed,Canada,North Bay
1306,BadgerBOTS,USA,Middleton
1307,Robosaints,USA,Dover
1308,Wildcat Robotics,USA,Cleveland
1309,Diamond Eagles,Canada,Toronto
1310,Runnymede Robotics,Canada,York
1311,Kell Robotics,USA,Kennesaw
1312,Syntax Error,Canada,Walkerton
1315,Robo-Knights,USA,Pacific
1317,Digital Fusion,USA,Westerville
1318,Issaquah Robotics Society,USA,Issaquah
1319,Flash,USA,Mauldin
1320,"""Beltway: The Learning Machine""",USA,St. Stephen
1322,GRAYT Leviathons (Genesee Robotics Area Youth Team),USA,Fenton
1323,MadTown Robotics,USA,Madera
1324,Sporks,USA,Sedona
1325,Inverse Paradox,Canada,Mississauga
1326,Cy-Ridge Robotics,USA,Houston
1327,SBOTZ,USA,South Bend
1329,The ViPrs,USA,Saint Louis
1330,Quiet Riot,Canada,Toronto
1331,Broot Force,USA,Bloomington
1332,SWIFT,USA,Collbran
1334,OT Devils,Canada,Oakville
1335,Cognitive Hazard,USA,Raymond
1336,The Untouchables,USA,Lexington
1337,Team 1337,,
1338,Birds of Prey,USA,Aurora
1339,Angelbotics,USA,Denver
1340,Spartan Robotics,USA,Queens
1341,The Renegades,USA,Sarasota
1342,Lord of the Bots,USA,Seattle
1343,DV ROBOTICS,USA,Phoenix
1345,Platinum Dragons,USA,Ft. Lauderdale
1346,Trobotics,Canada,Vancouver
1347,E-Robotics,Canada,Ottawa
1348,Electric Anarchy,USA,Denver
1349,Inter-tribal Robotics Group,USA,Flandreau
1350,The Rambots,USA,Providence
1351,TKO,USA,San Jose
1352,Huskie Robotics,Canada,Stratford
1353,The Spartans,Canada,Mississauga
1355,Stallions,Canada,Wingham
1356,Écoles secondaires l'Essor et Lajeunesse,Canada,Tecumseh
1357,High Voltage,USA,Loveland
1358,The Generals,USA,Levittown
1359,Scalawags,USA,Lebanon
1360,Orbit Robotics,Canada,Oakville
1361,Nightmare Robotics,USA,Colorado Springs
1364,Team 1364,USA,Kennesaw
1365,The Bot Docs,USA,Chicago
1366,Roughriders,USA,Newark
1367,Blue Bears,USA,Newark
1368,Perpetual Motion,USA,Clearwater
1369,Minotaur,USA,Tampa
1370,Thermogenesis,USA,Middletown
1371,Cosmic Gold,USA,Atlanta
1372,Lambda^3,USA,San Diego
1373,Spontaneous Combustion,USA,Storrs
1374,Amped Up,Canada,Oakville
1375,Trobots,USA,Aurora
1376,The Spaceballs,USA,Snellville
1377,Adams 12 Aliens,USA,Thornton
1378,Hilo Viking Robotics,USA,Hilo
1379,Gear Devils,USA,Norcross
1380,Steel Dragons,USA,Lilburn
1382,ETEP Team,Brazil,São José dos Campos
1384,Vineland High School Fighting Clan,USA,Vineland
1385,The Brainstormers,Canada,Waterloo
1386,The Trobots,USA,Canton
1387,Rudy's Rangers,USA,Fair Oaks
1388,Eagle Robotics,USA,Arroyo Grande
1389,The Body Electric,USA,Bethesda
1390,MEKHEADS,USA,St. Cloud & Harmony
1391,The Metal Moose,USA,West Chester
1392,KINEMATRIX,Canada,Ajax
1393,Nordic Legions,USA,Albuquerque
1394,The Juggernaut,USA,Philadelphia
1395,Los Picachos,USA,Commerce City
1396,Pyrobots,USA,Staten Island
1397,Oh!  know,Canada,Ajax
1398,1398 Robo-Raiders,USA,Columbia
1401,Mekanicats,Mexico,Naucalpan
1402,Freedom FORCE,USA,Orlando
1403,Team 1403 Cougar Robotics,USA,Skillman
1404,Shocks,Canada,Toronto
1405,Finney Falcons,USA,Penfield
1406,Team Robius,USA,Roswell
1407,The ElectroCats,USA,Winder
1408,The Saintinators,USA,Edgewater
1409,Team 1409,USA,Great Barrington
1410,The Kraken,USA,Denver
1411,Trojens,Canada,Brampton
1412,The Comet Warriors,USA,Hackensack
1413,Skrappy 1413,USA,Skipwith
1414,IHOT,USA,Atlanta
1415,The Flying Pumpkins,USA,Columbus
1416,Overlake Robotics Branch,USA,Redmond
1417,Titans,USA,Roanoke
1418,Vae Victis,USA,Falls Church
1419,Rustic Roboteers,Canada,Courtice
1420,Dept. of Exceptional Robots,USA,Baltimore
1421,Team CHAOS,USA,Picayune
1422,The Neon Knights,USA,Fresno
1425,Error Code Xero,USA,Wilsonville
1426,Cougartronics,USA,Las Cruces
1427,Team 1427,USA,Reno
1428,T-Birds,USA,Zuni
1429,TEAM KAOS,USA,Galena Park
1430,WRONG Doers,USA,Anchorage
1432,Metal Beavers,USA,Portland
1433,Tiger Techies,USA,Newberg
1435,The pi-Rats,USA,Maryland Heights
1436,Jackets,USA,Fort Mill
1437,Robot Rams,USA,St. Louis
1438,The A Team,USA,Anaheim
1439,Mays RBOT,USA,Atlanta
1440,Warriors,USA,Savannah
1441,RAVENS,USA,Bellevue
1442,Ehecatl,Mexico,Juarez
1444,Lightning,USA,Saint Louis
1445,Webb Spark,USA,Knoxville
1446,Robo Knights,USA,Washington
1447,Panther Robotics,USA,Center Line
1448,Parsons Vikings,USA,Parsons
1449,Robocats,USA,Williamsport
1450,XQ Robotix Team 1450,USA,Rochester
1451,RoboKnights,USA,Troy
1452,Omnicats,USA,Los Angeles
1453,RoboCubs,USA,Los Angeles
1455,NEC,USA,Wyncote
1456,GrizzlyBots,USA,Chandler
1457,TRONN,USA,Reno
1458,Red Tie Robotics,USA,Danville
1459,Bearcats,USA,Pilot Point
1460,Robolution,USA,Houston
1461,Golden Hawks,USA,Miami Springs
1462,Tekeez,USA,New York
1463,Transformers,USA,Burke
1464, Wolves,USA,Westminster
1465,Code Breakers,USA,Bronx
1466,Webb Robotics,USA,Knoxville
1467,HSRO,USA,Midlothian
1468,Hicksville J-Birds,USA,Hicksville
1469,The Labcoats,USA,Greensboro
1470,DA Bears,USA,Pittsburgh
1472,GENESIS,USA,Baton Rouge
1474,Titans,USA,Tewksbury
1475,LOOSE CONNECTIONS,USA,Leo
1476,Der Eisenflug,USA,Detroit
1477,Texas Torque,USA,Conroe
1478,The OZ Men,USA,Seneca
1479,SWAT Team,USA,Houston
1480,Robatos Locos,USA,Houston
1481,The Riveters,USA,Farmington Hills
1482,Grizzlies,Canada,Calgary
1484,Hoggzilla,USA,Houston
1485,Team 1485,USA,Houston
1486,Knight Robotics,Canada,Calgary
1489,Blood Sweat Gears,USA,Birmingham
1490,Sparta's Rockets,USA,Houston
1492,Team CAUTION,USA,Phoenix
1493,Falcons,USA,Albany
1495,Red Devils,USA,West Grove
1496,IGUANA #1496,Ecuador,Quito
1497,Ram Robotics,USA,Jacksonville
1498,The Polar Pilots,USA,Richmond
1500,Metal-Morphose,USA,Hudsonville
1501,Team THRUST,USA,Huntington
1502,Technical Difficulties,USA,Chelsea
1503,Spartonics,Canada,Niagara Falls
1504,Desperate Penguins,USA,Okemos
1505,Roybotics,USA,Roy
1506,Metal Muscle,USA,Flint
1507,Warlocks,USA,Lockport
1508,RoboWizards,USA,Detroit
1509,Screamin Eagles,USA,Ferndale
1510,Wildcats,USA,Portland
1511,Rolling Thunder,USA,Penfield
1512,The Big Red,USA,Concord
1513,Cyclones,USA,Spring
1514,The Vikes,Canada,Toronto
1515,MorTorq,USA,Beverly Hills
1516,Fightin' Grizzlies,USA,San Ramon
1517,AMP'D UP,USA,Concord
1518,Raider Robotics,USA,Palmyra
1519,Mechanical Mayhem,USA,Milford
1520,Omega - 13,USA,New York
1522,DOTM - Defenders of the Multiverse,USA,Mechanicsville
1523,MARS (Mega Awesome Robotic Systems),USA,Jupiter
1524,Gladiators,USA,New Britain
1525,Deerfield High School Warriors,USA,Deerfield
1527,Bionic Battalion,USA,El Cajon
1528,MTR (Monroe Trojan Robotics),USA,Monroe
1529,CyberCards,USA,Greenwood
1530,Vikings,USA,Richmond
1531,Team Lake Effect,USA,Mexico
1532,Royals,USA,Cleveland
1533,Triple Strange,USA,Greensboro
1534,Abramson Robotic Soldiers,USA,New Orleans
1535,Knights of Alloy,Canada,Sault Ste Marie
1537,Robotic Knights,USA,Uniondale
1538,The Holy Cows,USA,San Diego
1539,Clover Eagle Robotics,USA,Clover
1540,Flaming Chickens,USA,Portland
1541,MidloCanics,USA,Midlothian
1542,Heart of London,Kingdom,London
1543,The Riddler Revolution,USA,Kissimmee
1544,One Byte Short,USA,Anchorage
1545,DSF Robotics,USA,Richmond
1546,"Chaos, Inc.",USA,Baldwin
1547,"""Where's Waldo?""",Canada,Whitby
1548,Highlanders,USA,Anchorage
1549,Fire TraXX,USA,Ann Arbor
1550,The Botics Squad,USA,New Orleans
1551,The Grapes of Wrath,USA,Naples
1552,CougarBots,USA,Niwot
1553,KC Robotics Team,USA,Lugoff
1554,Oceanside Kraken,USA,Oceanside
1555,CryoFrost,USA,Elkhart
1556,Robo Raiders,USA,North Hills
1557,12 Volt Bolt,USA,Tavares
1558,ACCIdent,Canada,Toronto
1559,Devil Tech,USA,Victor
1560,RoboPanthers,USA,Los Altos Hills
1561,Roboducks,USA,Oklahoma City
1562,RMSEL Robotics,USA,Denver
1563,ROBO-CATS,USA,Newark
1564,J.A.G.S.,Canada,Toronto
1565,Think Tank Technologies (T3),Canada,Cambridge
1566,AMMOKNIGHTS,USA,Idaho Falls
1567,Shock-a-bots,USA,Rochester
1568,Mechanicatz,USA,Pawtucket
1569,Haywire Robotics,USA,Pocatello
1570,Demons,Canada,Vancouver
1571,CALibrate Robotics,USA,Gresham
1572,The Hammer Heads,USA,San Diego
1573,Kfar Galim,Israel,Kfar Galim
1574,MisCar,Israel,Misgav
1575,Team 1575,,
1576,Voltrix,Israel,Tel Aviv
1577,Steampunk,Israel,Raanana
1578,The Purple RoboSnails,Israel,Tel Aviv
1579,Shevach-Mofet,Israel,Tel Aviv
1580,The Blue Monkeys,Israel,Ashkelon
1581,Team 1581,,
1582,Dantziger,Israel,Kiryat Shmona
1583,Ridge View Academy Rambotics,USA,Watkins
1584,Pirates,USA,Nederland
1585,Scitobor Robotics,USA,Shortsville
1588,The Crunken Masters,USA,Atlanta
1589,DYNAMIC (Desgin Young New Advance Minds In Competition) BOTICS,USA,New Orleans
1590,Titaniums,USA,Lorain
1591,Greece Gladiators,USA,Rochester
1592,Bionic Tigers,USA,Cocoa
1593,2 Hot 2 Trot,USA,New York
1594,Double X,USA,New York
1595,The Dragons,USA,Spokane
1596,The Instigators,USA,Sault Sainte Marie
1597,BxAero,USA,Bronx
1598,TeamTalon 1598,USA,Danville
1599,CircuiTree,USA,Mechanicsville
1600,ROBO KINGS AND QUEENS,USA,Brooklyn
1601,Quantum Samurai,USA,Long Island City
1602,CougarBots,USA,Detroit
1603,Libas,Brazil,Novo Hamburgo
1604,Mekheads,USA,Harmony
1605,RoboHawks,Canada,Toronto
1606,Division Dragons,USA,Levittown
1607,Rough Riders,USA,Roosevelt
1609,West Allied Robotics -W.A.R.,USA,Ballwin
1610,⛴ Blackwater Robotics ⛴,USA,Franklin
1611,NOS,USA,Guyton
1612,Robo-Sharks,USA,Brooksville
1613,StARC,USA,San Diego
1616,weequahic indians,USA,Newark
1617,The Mighty Bulldogs,USA,Newark
1618,Capital Robotics ,USA,Columbia
1619,Up-A-Creek Robotics,USA,Longmont
1620,Robolution,Canada,Pickering
1621,Eniac,Brazil,Guarulhos
1622,Team Spyder,USA,Poway
1623,Banner Bots,USA,Faribault
1624,The Green Grinches,USA,Vancouver
1625,Winnovation,USA,Winnebago
1626,Falcon Robotics,USA,Metuchen
1628,SENAI Mechatronics,Brazil,Caxias Do Sul
1629,Garrett Coalition (GaCo),USA,Accident
1631,Rockin Robots,USA,Henderson
1633,RoboBuffs,USA,Tempe
1634,Wreckers,USA,Weatherly
1635,TECHNOTICS,USA,Elmhurst
1636,Reds Robotics,USA,Arvada
1640,Sab-BOT-age,USA,Downingtown
1641,Where's Waldo?,USA,Mojave
1642,Techno-Cats,USA,Ft. Worth
1643,Bob's Builders in Black,USA,Tallmadge
1644,The Robo-Skunks,USA,Los Angeles
1645,Butte Bot Builders,USA,Butte
1646,Precision Guessworks,USA,Lafayette
1647,Iron Devils,USA,Tabernacle
1648,G3 Robotics,USA,Atlanta
1649,Lakerbotics,USA,Windermere
1650,Prodigies of Technology,USA,Columbia
1651,TBA,USA,Palm Beach County
1652,LakeView Legends,USA,Pleasant Prairie
1653,Washington High School RoboKatz,USA,Kansas City
1654,The Non Conformants,USA,Holland
1655,Screaming Eagles,USA,Marion
1656,Angry Scotsmen,USA,Haverford
1657,Hamosad,Israel,Ein Shemer
1658,Tech Heads,USA,St. Louis
1660,Harlem Knights,USA,New York
1661,Griffitrons,USA,Sherman Oaks
1662,Raptor Force Engineering,USA,Lodi
1665,Weapons of Mass Construction,USA,Hudson
1666,REDSKINS,USA,Liberal
1667,Broncobotix,USA,Spring Hill
1669,The Jaganators,USA,Long Beach
1670,FHJCC  Eagles,USA,Manhattan
1671,Buchanan Bird Brains,USA,Clovis
1672,Robo T-Birds,USA,Mahwah
1674,Lake Effect ,USA,Onekama
1675,UPS (Ultimate Protection Squad),USA,Milwaukee
1676,The Pascack PI-oneers,USA,Montvale
1677,Qunatum Ninjas,USA,Kalamazoo
1678,Citrus Circuits,USA,Davis
1680,Fort Erie Secondary School,Canada,Fort Erie
1682,Eye Bots,USA,Riverside
1683,Techno Titans,USA,Johns Creek
1684,The Chimeras,USA,Lapeer
1685,Tech-Know Commandos,USA,Worcester
1686,Team Navigator,USA,Worcester
1687,Highlander Robotics,USA,Worcester
1688,Team Stick Shift,USA,Staten Island
1689,Blazing Bengals,USA,Bloomfield
1690,Orbit,Israel,Binyamina
1691,EaglesBots,USA,Sidney
1692,CougarBots,USA,Los Angeles
1693,Robo Lobos,USA,San Jose
1694,Walt Disney Robo Warriors,USA,Orlando
1695,"Bearly Robotics- ""Your Best Alloy""",USA,Helena
1696,RoboRevolution,USA,Sun River
1697,Gyros,USA,Long Beach
1698,Metal Cougars (MC^2),USA,New York
1699,Robocats,USA,Colchester
1700,Gatorbotics,USA,Palo Alto
1701,Robocubs,USA,Detroit
1702,None,USA,Ingelwood
1703,RAT's ,USA,Las Vegas
1704,Steelers,USA,Fontana
1705,Vikings,USA,Denver
1706,Ratchet Rockers,USA,Wentzville
1707,NH Indians,USA,Pghp
1708,AMP'D Robotics,USA,McKeesport
1709,Sparks,USA,Poway
1710,The Ravonics Revolution,USA,Olathe
1711,RAPTORS,USA,Traverse City
1712,Dawgma,USA,Ardmore
1713,Gears,USA,Cape Vincent / Clayton
1714,MORE Robotics,USA,Milwaukee
1715,RDA,USA,Moore
1716,Redbird Robotics,USA,De Pere
1717,D'Penguineers,USA,Goleta
1718,The Fighting Pi,USA,Armada
1719,The Umbrella Corporation,USA,Baltimore
1720,PhyXTGears,USA,Matthews
1721,Tidal Force,USA,Concord
1722,Rebel Innovators,USA,La Canada
1723,The FBI - FIRST Bots of Independence,USA,Independence
1724,Weber Fever,USA,Pleasant View
1725,Worcester Public School Girls All Star,USA,Worcester
1726,N.E.R.D.S. (Nifty Engineering Robotics Design Squad),USA,Sierra Vista
1727,REX,USA,Lutherville Timonium
1728,B.L.I.N.G.  (Bausch & Lomb Inspires & Nurtures Growth),USA,Rochester
1729,Team Inconceivable!,USA,Peterborough
1730,Team Driven,USA,Lees Summit
1731,Fresta Valley Robotics Club,USA,Warrenton
1732,Hilltopper Robotics,USA,Milwaukee
1733,PolarBots,USA,Worcester
1734,1734 Sesame Street,USA,Fort Walton Beach
1735,Green Reapers,USA,Worcester
1736,Robot Casserole,USA,Peoria
1737,Project X,USA,Excelsior Springs
1738,Team 1738,,
1739,Chicago Knights Robotics,USA,Chicago
1740,Cyber Colonels,USA,Ledyard
1741,Red Alert,USA,Greenwood
1742,Shockwave,USA,Norman
1743,Short Circuits,USA,Pittsburgh
1744,Robo-Rays Robotics,USA,Naples
1745,The P-51 Mustangs,USA,Richardson
1746,Team OTTO,USA,Cumming
1747,Harrison Boiler Robotics,USA,West Lafayette
1748,Lab Rats,USA,Baltimore
1749,Wapack Renaissance Robotics,USA,Peterborough
1750,ThunderStorm Robotics,USA,Stillwater
1751,The Warriors,USA,Port Jefferson Station
1752,Tonka,USA,Kansas City
1753,Goz-Bot,USA,Watertown
1754,Nitro Knights,USA,Boston
1755,Jaguarbotics,USA,Chicago
1756,Argos,USA,Peoria
1757,Wolverines,USA,Westwood
1758,Technomancers,USA,Florence
1759,Potatoes,USA,El Segundo
1760,Robo-Titans,USA,Kokomo
1761,STEAMpunk Tigers,USA,Lynn
1763,Paséliens,USA,Kansas City
1764,Liberty Robotics,USA,Liberty
1765,E1Bots,USA,Buffalo
1766,TM,USA,Columbus
1767,Widget Warriors,USA,Howell
1768,Nashoba Robotics,USA,Bolton
1769,Digital Hawks,USA,Kansas City
1770,Alpha Woverines,USA,Chicago
1771,North Gwinnett Robotics,USA,Suwanee
1772,The Brazilian Trail Blazers,Brazil,Gravataí
1774,Athena's Engineers,USA,Pittsburg
1775,Tigerbytes,USA,Kansas City
1776,Declaration,USA,Kansas City
1777,Viking Robotics,USA,Overland Park
1778,Chill Out,USA,Mountlake Terrace
1779,G. St. Techies,USA,South Boston
1780,Wolves Robotics,USA,Henderson
1781,Lindblom Electric Eagles,USA,Chicago
1782,RADICAL RAYTOWN ROBOTICS,USA,RAYTOWN
1783,Falcon Firebots,USA,West Branch
1784,Litchbots,USA,Litchfield
1785,Blue Springs Robocats,USA,Blue Springs
1786,The Robotics Team,USA,Dublin
1787,The Flying Circuits,USA,Pepper Pike
1788,Ravage,USA,Atlanta
1789,Cliffhangers,USA,Kremmling
1790,Team 1881,USA,Paterson
1791,Voyagers,USA,Clayton
1792,Round Table Robotics,USA,Oak Creek
1793,The Aviators,USA,Norfolk
1794,N.I.R.D.,USA,St. Louis
1795,Carver Clutch,USA,Atlanta
1796,RoboTigers,USA,Queens
1797,Phoenix,United Kingdom,London
1798,RoboKnights,USA,Tucson
1799,Wired-Up!,USA,Littleton
1800,Bravebotics,USA,Bonner Springs
1801,The Dapper Dans,USA,Kountze
1802,Team Stealth,USA,Kansas City
1803,Vikings,USA,Port Washington
1804,Northmen,USA,Kansas City
1805,HOT BOTS,USA,Kansas City
1806,S.W.A.T.,USA,Smithville
1807,Redbird Robotics,USA,Allentown
1808,Red Devil Robotics,USA,Freeport
1809,The MidKnight Inventors,USA,Plainsboro
1810,CATATRONICS,USA,Lenexa
1811,FRESH,USA,Newark
1812,Blackbird Robotics,USA,Allentown
1813,Roboegal,USA,Newark
1814,Phoenix In Fight,Canada,Toronto
1815,Black Scots,Canada,Toronto
1816,"""The Green Machine""",USA,Edina
1817,Llano Estacado RoboRaiders,USA,Lubbock
1818,Team Talos,USA,Shreveport
1819,The Quacken,USA,Edmond
1820,Havoc,USA,Rockville
1822,Electric Calamari,USA,Loveland
1823,The New Victorians,USA,portland
1824,1824,USA,Peterborough
1825,The Cyborgs,USA,Kansas City
1826,"Team 1826, The Fuse",USA,Golden
1827,THE HIVE,USA,Kansas City
1828,BoxerBots,USA,Vail
1829,Carbonauts,USA,Accomack County
1830,Mighty Bookers,USA,Norfolk
1831,Screaming Eagles,USA,Gilford
1832,Duck Tape,USA,Oklahoma City
1833,Team BEAN,USA,Cumming
1834,Evolution,USA,San Jose
1835,Wreckless Creation,Canada,Toronto
1836,The MilkenKnights,USA,Los Angeles
1837,Madi,USA,Tallulah
1838,Bobcats,USA,Rexburg
1839,Techattack,USA,Saint Anthony
1840,Diggers,USA,Sugar City
1841,Crazy Bred......Yeeeeaah!!,USA,plantation
1842,Twisted E.G.O.,USA,Fort Pierce
1843,Trobots,USA,Rigby
1844,The Eggineers,USA,Portland
1845,Cyber Panthers,USA,Atlanta
1846,Le Vortex,Canada,Sarnia
1847,WRATH,USA,Kansas City
1848,SOUP,USA,Atlanta
1849,Griffins,USA,Washington
1850,Mechanicats,USA,Chicago
1851,Manic Mechanics,USA,Sun Valley
1852,Team Amore,USA,Scottsdale
1853,Ruskin Eagles,USA,Kansas City
1854,The Chomp Bots,USA,Palo Alto
1855,MagnoBots,USA,Reseda
1856,Gear Heads,USA,Redford
1857,Citrus Sparks,USA,Davis
1858,Spartans,USA,Slidell
1859,RoboJacks,USA,Bogalusa
1860,Alphabots,Brazil,Sao Jose dos Campos
1861,SHARC,USA,Aurora
1862,Red Raiders ,USA,Cliffside Park
1863,Titan it up!,USA,Tulsa
1864,Automata,USA,Milwaukee
1865,RoboBuffs,USA,Missouri City
1866,The Cardinals,USA,Swansea
1867,The Prowlers,USA,Houston
1868,Space Cookies,USA,Mountain View
1870,The Lightning Arx,Canada,Red Deer
1871,Panter Machine,USA,CHarles City
1872,Steel Lions,USA,San Juan
1873,CRT,USA,Columbia
1875,Purple Haze,USA,Cocoa
1876,Beachbotics,USA,Hilton Head Island
1877,Mechanical Mafia,USA,Dahlonega
1879,Minor High School,USA,Adamsville
1880,Warriors of East Harlem,USA,New York
1881,Gamma Elite,USA,Paterson
1882,Rebel Robotics,USA,Farmingdale
1883,Dragons,USA,Las Vegas
1884,Griffins,United Kingdom,London
1885,Comet Robotics,USA,Haymarket
1886,Hawks,USA,Ijamsville
1887,Russet Robotix,USA,Shelley
1888,West Robotics,USA,plano
1889,Haze,USA,Wellington
1890,EOT,USA,Nashville
1891,Bullbots,USA,Boise
1893,High Tech Parrots,USA,Baltimore
1894,The Elite,USA,Baltimore
1895,Lambda Corps,USA,Manassas
1896,Concussive Engineers,USA,Traverse City
1897,Red Hot Chile Dragons,USA,Albuquerque
1898,Westside Wolves,USA,Houston
1899,Saints Robotics,USA,Bellevue
1900,Rough Riders,USA,Washington
1901,Ramrod,Canada,St. Marys
1902,Exploding Bacon,USA,Orlando
1904,Warbots,USA,Baltimore
1905,KCbotics,USA,Kansas City
1906,WeBeRoyBotics,USA,Roy
1907,Birds of Prey,USA,Farmville
1908,ShoreBots,USA,Eastville
1909,G-Tech,USA,Boston
1910,Hawlets,USA,Kansas City
1911,Techno-Horns,USA,Fort Benton
1912,Team Combustion,USA,Slidell
1913,Livewire,USA,Covington
1914,The MidKnight Inventors,USA,Princeton Junction
1915,Firebird Robotics,USA,Washington
1916,MP Robotics,USA,Roxbury
1917,T.O.M. (Teckies Operating Machinery),USA,Prescott
1918,NC GEARS,USA,Fremont
1919,Knights of the Heights,USA,South Boston
1920,McMain Hurricanes,USA,New Orleans
1922,Oz-Ram,USA,Contoocook
1923,The MidKnight Inventors,USA,Plainsboro
1925,Jags,USA,West Hills
1926,Team 8-Bit,USA,Mesa
1927,Tempest,USA,Biloxi
1929,FoxyBots,USA,Montclair
1930,Comets,USA,Henrietta
1931,Hornets,USA,Little Falls
1932,RoboRustlers,USA,Great Falls
1933,Doncaster Destroyers,Kingdom,Doncaster
1934,AI,Kingdom,London
1935,Team Happycat,Canada,Toronto
1937,Elysium,Israel,Modi'in-Maccabim Reu't
1938,Manhattan High School,USA,Manhattan
1939,THE KUHNIGHTS,USA,Kansas City
1940,Tech Tigers 1940,USA,Benton Harbor
1941,Detroit Rocks Robotics,USA,Detroit
1942,Cinderella Tel-Nof,Israel,Gadera
1943,Neat Team,Israel,rosh ha'ayin
1944,Airforce High School,Israel,Haifa
1945,Most Wanted Robotics,Israel,Nazareth
1946, FG,Israel,Tamra GLIL
1947,BlacKnight Robotics,Israel,Hadera
1948,GreenGang,Israel,Kfar Saba
1949,shapira,Israel,Natanya
1950,Emek Hefer,Israel,Emek Hefer
1951,Ort Singolovsky,Israel,Tel Aviv
1952,Arming High School,Israel,tzrifin
1954,ElectroBunny,Israel,Be'er Sheva
1955,Beit Yerah,Israel,Emek Hayarden
1956,UA,Israel,Umm Alfahem
1957,LighTeam,Israel,Katzrin
1959,Bengal Bots,USA,Blythewood
1960,GO DARBY!,USA,Darby
1961,GreenvilleSeniorHigh,USA,Greenville
1962,Zilch,USA,Boston
1963,PSC Robotics,Kingdom,Winchester
1965,Firebirds,USA,Cambridge
1966,Knights,USA,Missoula
1967,The Janksters,USA,San Jose
1970,Bulldogs,USA,Menlo Park
1972,Searing Engineering,USA,El Centro
1973,Burning Tiger   #1973,USA,Boston
1974,Weber Tech,USA,Stockton
1975,Team QUEEN,USA,Millton
1976,The Missing Lynx,USA,Eden
1977,The PowerSquids,USA,Loveland
1978,Bulldogs,USA,Phoenix
1980,The Brigade,USA,Aberdeen
1981,The Gearheads,USA,Independence
1982,Cougar Robotics,USA,Shawnee
1983,Skunk Works Robotics,USA,Seattle
1984,Raider Robotics,USA,Overland Park
1985,Robohawks,USA,Florissant
1986,Team Titanium,USA,Lees Summit
1987,Broncobots,USA,Lees Summit
1988,The Sweetie Pies,USA,Wales
1989,Viking Robotics,USA,Vernon
1990,Colts,USA,Lodi
1991,The Dragons,USA,Hartford
1992,Raytown South Robocards,USA,Raytown
1994,Quixote,USA,Kansas City
1995,Fatal Error,USA,Bangor
1996,Wildcat Robotics,USA,Blue Springs
1997,STAGROBOTICS,USA,Roeland Park
1998,Robodogz,USA,Dearborn Heights
1999,O.U.T.E.R L.I.M.I.T.,USA,Fort Walton Beach
2000,TEAM ROCK,USA,Dorr
2001,HERMES,USA,Kansas City
2002,Tualatin Robotics,USA,Tualatin
2004,Thunderducks,USA,Tulsa
2005,Aerobotechs,USA,Kansas City
2007,Robots of the Round Table,USA,Duluth
2008,VTEC,USA,Kansas City
2009,Robo-Titans,USA,Roxbury
2010,The Lightning Bots,USA,Warren
2011,SMH Robotics,USA,Independence
2012,@ Zenith,USA,North Kansas City
2013,Cybergnomes,Canada,New Lowell
2014,Spartans,USA,St. Louis
2015,Static shock,USA,Holland
2016,Mighty Monkey Wrenches,USA,Ewing
2017,Trojans,Canada,Etobicoke
2019,Robo Runners,USA,El Cajon
2021,F.A.R. ,USA,Fredericksburg
2022,Titan Robotics,USA,Aurora
2023,PiraTech,USA,Melbourne
2024,Warrior Pride,USA,Hilo
2025,Aztecs,USA,Barstow
2026,Senai,Brazil,Porto Alegre
2027,Robotic Dragons,USA,Old Westbury
2028,Phantom Robotics,USA,Hampton
2029,Neo-Tech Robotics,USA,Ramona
2030,RoboTigers,USA,Kansas City
2031,Brainy-Actz,USA,Columbus
2032,Funky Monkeys,USA,San Diego
2033,Eagles,USA,Chicago
2034,IncrediBULLS,USA,North Las Vegas
2035,The Rockin' Bots,USA,Carmel
2036,Boulder Valley Black Knights,USA,Boulder
2037,Oranje Lions,Netherlands,Brunssum
2038,Sky Bandits,USA,Griffin
2039,Rockford Robotics,USA,Rockford
2040,DERT - Dunlap Eagles Robotics Team,USA,Dunlap
2041,(RC)2,USA,Chicago
2042,Robo-trees,USA,Santa Clarita
2043,Frequency 2043,USA,Roxbury
2044,Big Red Robotics,USA,Papillion
2045,Robo-Techs,USA,Oklahoma City
2046,Bear Metal,USA,Maple Valley
2047,Team Challenger,USA,Chicago
2048,The Pink Panthers,USA,Detroit
2049,Sartech,Brazil,Gravataí
2050,SEB,USA,Detroit
2051,The Beattie Bulldogs,USA,Allison Park
2052,KnightKrawler,USA,New Brighton
2053,Southern Tier Robotics,USA,Vestal
2054,Tech Vikes,USA,Hopkins
2055,RoboForce,USA,Cary
2056,OP Robotics,Canada,Stoney Creek
2057,AV CyberBulls,USA,Las Vegas
2059,The Hitchhikers,USA,Apex
2060,ECHS Robotics,USA,Tulsa
2061,Pioneers,USA,N Las Vegas
2062,CORE 2062,USA,Waukesha
2063,Green Machine,USA,Turlock
2064,The Panther Project,USA,Southbury / Middlebury
2065,The Lions,USA,Holly Springs
2066,PFTB of Doom,USA,El Centro
2067,Apple Pi,USA,Guilford
2068,Metal Jackets,USA,Manassas
2069,Black Widow,USA,Las Vegas
2070,Royals,USA,Ridgefield
2071,Autonomous Eagles,USA,Arimo
2072,Carver RoboTechs,USA,Houston
2073,EagleForce,USA,Elk Grove
2074,Robohoundz,USA,Portsmouth
2075,Enigma Robotics,USA,Grand Rapids
2076, Scots,Canada,Toronto
2077,Laser Robotics,USA,Wales
2078,Robotic Wolves,USA,Covington
2079,4H ALARM Robotics,USA,Franklin
2080,Torbotics,USA,Hammond
2081,Icarus,USA,Peoria
2083,Team Blitz,USA,Conifer
2084,Robots by the C,USA,Manchester
2085,RoboDogs,USA,Vacaville
2087,BFG (Building Future Generations),USA,Canby
2089,IO,Brazil,Lajeado
2090,Buff 'n Blue,USA,Honolulu
2091,Olympians,USA,New Orleans
2092,Beaufort Robotics ,USA,Beaufort
2093,Bowtie Brigade,USA,Portland
2095,Direct Current,USA,Newtown Square
2096,RoboActive,Israel,Dimona
2097,Phoenix Force Robotics,USA,Tukwila
2098,Bulldogs,USA,Atlanta
2099,Blue on Blue,USA,Jamaica Plain
2100,M Squared,USA,Port St. Lucie
2102,Team Paradox,USA,Encinitas
2103,Fisherman,USA,Gloucester
2104,The Colonels,USA,Worcester
2105,University Park,USA,Worcester
2106,The Junkyard Dogs,USA,Goochland
2107,Angry Bots,USA,Norfolk
2108,Team Awkward Turtle,USA,Cary
2109,Knight Vision,USA,Kansas City
2110,CHS,USA,Charlestown
2111,Eagles,USA,Gilbert
2112,PHP Robo Warriors,USA,Pembroke Twnshp
2115,Nightmares,USA,Mundelein
2116,Rock County Robotics,USA,Stoughton
2117,The West Georgia Wolvotics,USA,Carrollton
2119,SCAR (Sequoyah Computer Animation and Robotics),USA,Canton
2120,doncaster ,Kingdom,doncaster
2121,Mecha Clerks,USA,Washington
2122,Team Tators,USA,Boise
2124,X-Factor,USA,Hyde Park
2125,Urban Science,USA,West Roxbury
2126,BCLA,USA,Brighton
2127,JQUS,USA,Boston
2128,SciTech,USA,Laveen
2129,Ultraviolet,USA,Minneapolis
2130,Alpha+,USA,Bonners Ferry
2132,Mustangs,USA,Baltimore
2133,H.E.A.T.,USA,Hohenwald
2134,Aztecs,USA,Tempe
2135,Presentation Invasion,USA,San Jose
2136,Impossible Mission Force,USA,Chicago
2137,The Oxford RoboCats,USA,Oxford
2139,Road Runners,USA,Las Vegas
2140,Team Synergy,USA,Pemberton
2141,Spartronics,USA,Concord
2142,Lakeview,USA,Laleview
2143,Team Tobor,USA,Eau Claire
2144,Gators,USA,Atherton
2145,HAZMATS,USA,Linden
2147,CHUCK,USA,Spokane
2148,Mechaknights,USA,Spokane
2149,CV Bearbots,USA,Veradale
2150,W-Squared,USA,Palos Verdes Peninsula
2151,PMSA Monty Pythons,USA,Forest Park
2152,S*M*A*S*H,USA,Port Orange
2153,Chassell Robotics,USA,Chassell
2154,AzTechs,USA,Calexico
2156,Wire Freaks,USA,Sacramento
2157,Apollo ,USA,Houston
2158,the ausTIN CANs,USA,Austin
2159,RoboPirates,USA,San Leandro
2161,Robocats,USA,Huntington Station
2162,MacAttacks,USA,Boston
2163,ChromePanthers,USA,Lapeer
2164,The Core,USA,Harrisonville
2165,BisonBots,USA,Bartlesville
2166,Bluebotics,Canada,Oakville
2167,Radical Tech,USA,Maryville
2168,Aluminum Falcons,USA,Groton
2169,KING TeC,USA,Savage
2170,Galvanized Guardians,USA,Glastonbury
2171,RoboDogs,USA,Crown Point
2172,Steel Unit-E,USA,Lakewood
2173,Robo Rocks,USA,Bay St. Louis
2174,Iron Eagles,USA,Watts
2175,The Fighting Calculators,USA,Woodbury
2176,MAD SCIENTIST ASSOCIATION,USA,Starkville
2177,The Robettes,USA,Mendota Heights
2178,RioBotics,USA,Oxnard
2180,Zero Gravity,USA,Hamilton
2181,GEARS,USA,Blaine
2182,Tyborgs,USA,Slidell
2183,Tigerbots,USA,Boutte
2184,Team Injun Ingenuity,USA,Whiteriver
2185,RAMAZOIDZ,Canada,Toronto
2186,Dogs of Steel,USA,Chantilly
2187,Team Volt,USA,Conway
2188,Critical Mass,USA,Belding
2189,woodland Robotics,USA,Woodland
2190,Team Hero,USA,Petal
2191,Flux Core,USA,Hamilton
2192,YAK Attack,USA,Newport
2193,EPIC Robotics,USA,Chula Vista
2194,Fondy Fire,USA,Fond du Lac
2196,Béésh Bá'áh Alchini,USA,Shiprock
2197,Las Pumas,USA,New Carlisle
2198,Paradigm Shift Robotics,Canada,Toronto
2199,Robo-Lions,USA,Finksburg
2200,BCR Blackout,Canada,Burlington
2201,TGM,USA,Grandview
2202,BEAST Robotics,USA,Brookfield
2203,Cyber-Eagles,USA,Bronx
2204,Rambots,USA,Hayward
2205,Juggernauts,USA,Mount Vernon
2206,Ehret Patriots,USA,Marrero
2207,Bright Bears,USA,White Bear Lake
2208,Makif Dalet,Israel,Ashdod
2209,Rabin HS,Israel,Beer Sheva
2210,Yarka High School,Israel,Yarka
2211,Ort IAI,Israel,Lod
2212,The Spikes,Israel,Lod
2213,AXIOM,Israel,Nahariya
2214,ASSIT,Israel,Yemin Orde
2215, Akkoleon,Israel,Akko
2216,robodim,Israel,Dimona
2217,Kiryat Motzkin,Israel,Kiryat Motzkin
2219,Megahurts,USA,Carbondale
2220,Blue Twilight,USA,Eagan
2221,FHS Robodawgs,USA,Mandeville
2222,Abes,USA,Tacoma
2223,B-ROC,USA,Philadelphia
2224,RoboPhoenix,USA,Detroit
2225,Rebel Robotics,USA,Champlin
2226,Bronco's,USA,Blanding
2227,Tigers,USA,Fridley
2228,CougarTech,USA,Honeoye Falls
2229,ROBOSHOP,USA,Plymouth Meeting
2230,General Angels,Israel,Herzliya
2231,OnyxTronix,Israel,Shoham
2232,Deus ex Machina,USA,Anoka
2234,Alternating Current,USA,Newtown Square
2235,Abraxas Metal Heads,USA,Poway
2236,Genese Team,Brazil,Sao Paulo
2237,The Junkyard Robo's,USA,Beckley
2239,Technocrats,USA,Hopkins
2240,Brute Force,USA,Denver
2241,SWAT team,USA,Coon Rapids
2242,Cyber Claw,USA,New Orleans
2243,BRATECC,Brazil,Campinas
2244,The Chips,Brazil,Osasco
2245,PANTHERS,USA,Frankfort
2246,The Army of Sum,USA,Johannesburg
2247,FB HT,Brazil,Gravataí
2249,KISS,USA,Billings
2250,Lancerbotics,USA,Denver
2251,Hawks,USA,Bozeman
2252,The Mavericks,USA,Milan
2254,Twisted Transistors,Canada,Mississauga
2257,Afula High School,Israel,Afula
2259,1/4 Twenties,USA,Denver
2260,Transformers,USA,Edwards
2261,Casa Robotics,USA,Longmont
2262,Robo-Panthers,USA,Holliston
2264,Trojan Robotics,USA,Minneapolis
2265,Fe Maidens,USA,Bronx
2266,Colegio Sacramentinas,Brazil,Salvador
2269,Dragons,USA,Lindale
2272,Metalheads,USA,Thousand Oaks
2273,The Mechanix Coalition,Canada,Surrey
2274,Fuego,USA,Bronx
2275,Bello Bots,USA,Denver
2276,STARS of Cypress ,USA,Cypress
2278,AVENGING PLUTO,USA,Orlando
2279,The Butlers,USA,Butler
2280,YWCA DELTA F.O.R.C.E.,USA,Pittsburgh
2283,Panteras,Mexico,Mexico City
2285,Irvington Blue Knights 4-H,USA,Irvington
2287,RoboTech Pirates,USA,Sinton
2288,Hydra Robotics,USA,Vacaville
2290,FLYT,USA,Rockford
2330,F-Tech,USA,Fletcher
2332,Team Lucky,USA,Fairview
2333,Sapulpa Robotics Team,USA,Sapulpa
2334,Blue Valley CAPS Robotics,USA,Stilwell
2335,Sargon,USA,Prairie Village
2336,Titan Crusaders,USA,Midlothian
2337,EngiNERDs,USA,Grand Blanc
2338,Gear It Forward,USA,Oswego
2339,Robolopes,USA,Lancaster
2340,Mercy Robotics-Xcentrics,USA,Rochester
2341,Sprockets,USA,Shawnee
2342,Team Phoenix,USA,Nashua
2343,Technohorns,USA,Inola
2344,The Saunders Droid Factory,USA,Yonkers
2345,Kearnage,USA,Kearney
2346,Cel-Techs,USA,Kansas City
2347,Trial and Error,USA,Copiague
2348,Mechahunes,USA,Honolulu
2349,Hurriquake,USA,Wayland
2350,Region 1 Robotics,USA,Columbus
2352,Metal Mayhem,USA,Ada
2353,The Legion,USA,Kansas City
2354,Red River Robotics,USA,Duncan
2357,System Meltdown,USA,Peculiar
2358,Bearbotics,USA,Lake Zurich
2359,RoboLobos,USA,Edmond
2360,Tech Titan's POWER-Storm,USA,Indianapolis
2361,PACE Invaders,Canada,Richmond Hill
2362,Olympic Robotics,USA,Charlotte
2363,Triple Helix Robotics,USA,Newport News
2364,Oregon RoboHawks,USA,Oregon
2365,Lions,USA,Phoenix
2366,Tesla Robotics,USA,Independence
2367,Lancer Robotics,USA,Mountain View
2368,South Robotics,USA,Terre Haute
2369,Maximus Roboticus,USA,Stillwater
2370,IBOTS,USA,Rutland
2371,Eagle Pride,USA,Morris
2372,Robo-Hooters,USA,Elgin
2373,The Crickets,USA,Fort Cobb
2374,Jesuit Robotics,USA,Portland
2375,Dragon Robotics,USA,Phoenix
2376,RoboCOMETS,USA,Tulsa
2377,C Company,USA,Pasadena
2378,Team Mako 2378,USA,Taloga
2380,Jag Robotics,USA,Mesa
2381,The Ark,USA,Chicago
2382,Colbert Roboleopards,USA,Colbert
2383,Ninjineers,USA,Fort Lauderdale
2385,Obelisk Trio,USA,Tulsa
2386,Trojans,Canada,Burlington
2387,Alternative Robotics,USA,Columbus
2388,Pirate Robotics,USA,Sperry
2389,Oklahoma STORM,USA,Drumright
2390,Wildcats,USA,San Ramon
2391,Tiger Drive,USA,Broken Arrow
2392,Pagwire,USA,Columbus
2393,Robotichauns,USA,Knoxville
2394,Eagles,USA,Watonga
2395,OKC 4-H Robotics - Ninja Munkees,USA,Oklahoma City
2396,SeeHawks,USA,Yukon
2397,Cyborgs,USA,Phoenix
2398,Tech Walkers 2398,USA,Tahlequah
2399,The Fighting Unicorns,USA,Shaker Heights
2400,Wyoming!?,USA,Sheridan
2401,PATRIOTS,USA,MAYVILLE
2402,RoboJackets,USA,Fredericksburg
2403,Plasma Robotics,USA,Mesa
2404,Team NEY Techs (TNT),USA,Pasadena
2405,Techno Trojans,USA,Fruitport
2406,CowDogs,USA,Camp Verde
2407,Roaring Bears,USA,Leetonia
2408,Shrapnel Sergeants,USA,Hazelwood
2409,Da Bears,USA,New Bedford
2410,Blue Valley CAPS Metal Mustangs,USA,Overland Park
2411,Rebel Alliance,USA,Portland
2412,Robototes,USA,Bellevue
2413,Panthers,USA,Phoenix
2414,Spartans,USA,Phoenix
2415,WiredCats,USA,Atlanta
2417,RoboCougars,USA,Crewe
2418,tomahawks,USA,Minot
2419,Team MonRobot,USA,Brea
2420,RoboTitans,USA,Atlanta
2421,RTR Team Robotics,USA,Burke
2422,Bucket O' Bolts,USA,Davenport
2423,The KwarQs,USA,Watertown
2424,Robot Mafia,USA,Bixby
2425,Hydra,USA,Tampa
2427,Techno Beavers,Canada,Westmount
2428,Panthers,USA,Sewickley
2429,The Blockheads,USA,La Canada Flintridge
2430,CyberStorm,USA,Greenwood
2431,TechnoColts,USA,Detroit
2432,RoboSpartans,USA,Chicago
2433,Tech Tigers,USA,Chicago
2434,Blue Devils Gear Heads,USA,Hopewell
2435,Soldiers of Technology,USA,Lawton
2436,Bearacudas,USA,Noble
2437,Lancer Robotics,USA,Honolulu
2438,'Iobotics,USA,Honolulu
2439,Bearbotics,USA,Wailuku
2440,Saints,USA,Honolulu
2441,Spartechs,USA,Honolulu
2443,Blue Thunder,USA,Kahului
2444,Kamehameha RoboWarriors,USA,Honolulu
2445,RoboKAP,USA,Kapolei
2446,Pleasanton Slingshots,USA,Pleasanton
2447,Vikes,USA,Hanover
2448,SLT,Kingdom,London
2449,Out of Orbit Robotics,USA,Tempe
2450,Wind Chill,USA,Saint Paul
2451,PWNAGE,USA,Saint Charles
2453,Soaring Eagles,USA,Honolulu
2454,Rambotx,USA,Honolulu
2455,HRC 2455,USA,Honoka'a
2456,Team Recycle It!,USA,San Rafael
2457,The Law,USA,Lawson
2458,Team Chaos,USA,Gladstone
2459,Golden Hawks,USA,Waianae
2460,Na Paniolo,USA,Kapaau
2461,METAL-SKINS,USA,Oklahoma City
2462,Digi Bots,USA,CHICAGO
2463,The Siege ,USA,Lexington
2464,Trojans,USA,Pahrump
2465,KauaiBots,USA,Lihue
2466,Menehune Robots,USA,Waimea
2467,Sabertron,USA,Ewa Beach
2468,Team Appreciate,USA,Austin
2469,Idabots,USA,Idabel
2470,Team BJORG,USA,Bloomington
2471,Team Mean Machine,USA,Camas
2472,Centurions,USA,Circle Pines
2473,Goldstrikers,USA,Cupertino
2474,Excel,USA,Niles
2475,Caution!,USA,Kamuela
2476,The Limited,USA,Floral Park
2477,Marauder Rascals,USA,Waipahu
2478,Westwood Robotics,USA,Mesa
2479,Phoenix,USA,Minneapolis
2480,Iron Paws,USA,Minneapolis
2481,Roboteers,USA,Tremont
2483,Clawbotz,USA,Fayetteville
2484,Team Implosion,USA,Woods Cross
2485,Overclocked,USA,San Diego
2486,CocoNuts,USA,Flagstaff
2487,Mechanical Animals,USA,West Sayville
2488,Plasma Pumas,USA,Rochester
2489,The Insomniacs,USA,San Jose
2490,eagles,USA,chicago
2491,NoMythic,USA,Saint Paul
2493,Robokong,USA,Riverside
2495,Hive Mind,USA,Hamilton
2496,Tru Blu Patriots,USA,Irvine
2497,RoboNatick,USA,Natick
2498,BearBotics,USA,Minneapolis
2499,Industrial Revolution 2499,USA,Hibbing
2500,Herobotics,USA,Minneapolis
2501,Bionic Polars,USA,North St. Paul
2502,Talon Robotics,USA,Eden Prairie
2503,Warrior Robotics,USA,Brainerd
2504,The Governors,USA,Honolulu
2505,The Electric Sheep,Canada,Toronto
2506,Saber Robotics,USA,Franklin
2508,Armada,USA,Stillwater
2509,Tigerbots,USA,Hutchinson 
2510,anishinaabe,USA,Cloquet
2511,Cougars,USA,Lakeville
2512,Duluth East Daredevils,USA,Duluth
2513,T.E.R.T.O.L.A.,USA,Minneapolis
2514,3M MHS,USA,Mahtomedi
2515,MR.E,USA,Marshall
2517,Green Wrenches,USA,Vancouver
2518,Spartan Robotics,USA,Inver Grove Heights
2520,Robotics 9000,USA,Las Vegas
2521,SERT,USA,Eugene
2522,Royal Robotics,USA,Bothell
2523,Tech Storm,USA,Saint Johnsbury
2524,Roosevelt Rough Riders,USA,Yonkers
2525,The pHalcons,USA,Plymouth
2526,Crimson Robotics,USA,Osseo
2528,RoboDoves,USA,Baltimore
2529,Open Circuits,USA,Saint Paul
2530,Inconceivable,USA,Rochester
2531,RoboHawks,USA,Chaska
2532,FLASH Power,USA,Forest Lake
2533,Juarez Aztec Eagles,USA,Chicago
2534,Lumberjack Robotics,USA,Baltimore 
2535,TIGEARS,USA,Minneapolis
2536,Carver Bears,USA,Baltimore
2537,Space RAIDers,USA,Columbia
2538,The Plaid Pillagers,USA,Morris
2539,Krypton Cougars,USA,Palmyra
2540,SPARC,USA,Pontotoc
2542,Go4bots,USA,Gresham
2543,TitanBot,USA,Chula Vista
2544,HCRC,USA,Harborcreek
2545,Quantum Mechanics,USA,Minneapolis
2546,Electric Sheep,USA,Baltimore
2547,Redcat Robos,USA,Milwaukee
2549,Millerbots,USA,Minneapolis
2550,Skynet,USA,Oregon City
2551,Penguin Empire,USA,Novato
2553,Pirates,USA,Pearl
2554,The Warhawks,USA,Edison
2555,RoboRams,USA,Tacoma
2556,RadioActive Roaches,USA,Niceville
2557,SOTAbots,USA,Tacoma
2558,SciBot,USA,Harrisburg
2559,Normality Zero,USA,Harrisburg
2560,RoboDog,USA,Grandview
2561,St Paul East Side RobEASTs,USA,Saint Paul
2562,Robinson,USA,San Juan
2563,Toros,USA,Caguas
2564,Red Hawks,USA,San Juan
2565,Technovations,USA,Cupey
2566,Universitiers,USA,San Juan
2567,Miguel,USA,San Juan
2568,STORM,USA,Carolina
2569,Artist Engineers,USA,San Juan
2570,SHS,USA,Sahuarita
2571,Chief robot,USA,Haileyville
2572,governors,USA,Saint Paul
2573,Mustang,USA,Brooklyn
2574,RoboHuskie,USA,St. Anthony
2575,White Hurricane,Brazil,Santa Branca
2576,Chilean Heart,Chile,Santiago
2577,Pingry Robotics,USA,Basking Ridge
2579,LIC Robodogs,USA,Astoria
2580,Mecha-Knights,USA,New Orleans
2581,Bulldog Robotic Team,USA,Monroe
2582,PantherBots,USA,Lufkin
2583,Orange Dynamite,USA,Austin
2584,Flame of The West,USA,Calabasas
2585,Impact,USA,Bellaire
2586,Copper Bots,USA,Calumet
2587,DiscoBots,USA,Houston
2588,JAVA,USA,Pomona
2589,The Codebandits,USA,Byfield
2590,Nemesis,USA,Robbinsville
2591,RedTails,USA,Detroit
2592,Hawks,USA,Rio Rico
2593,Brobot,USA,Peabody
2594,Naskcorpions,USA,Nampa
2595,Illuminati,USA,Los Angeles
2596,Ferrous Bulldog Inovations ,USA,Jersey City
2597,Raider bots,USA,Houston
2598,Neofighters,USA,Hercules
2599,FULL THROTTLE,USA,CHULA VISTA
2600,Team Falcon,USA,Oak Ridge
2601,Steel Hawks,USA,Flushing
2602,Falcons,USA,Henderson
2603,Steel Stingers,USA,Medina
2604,Metal and Soul,USA,Capac
2605,Seamonsters,USA,Bellingham
2606,Irish Robotics,USA,Rosemount
2607,The Fighting RoboVikings,USA,Warminster
2608,MiGHT,USA,Farmington Hills
2609,Beaverworx,Canada,Guelph
2611,Jacktown Vectors,USA,Jackson
2612,The Corsairs,USA,Waterford
2613,Protobots,USA,Van Horn
2614,Mountaineer Area RoboticS (MARS),USA,Morgantown
2617,Robo Reds,USA,Lansing
2618,The Mad Hatters,USA,Pittsburgh
2619,The Charge,USA,Midland
2620,Titans,USA,Southgate
2621,Bucs,USA,Bedford
2622,Team 1,USA,San Diego
2623,lovenpeace,USA,Antioch
2624,BotCatz,Canada,Toronto
2625,ARC Robotics,Canada,Mississauga
2626,Evolution,Canada,Sherbrooke
2627,Techies,USA,Ann Arbor
2628,Pirates,USA,San Francisco
2629,Halcones,Mexico,QUERETARO
2630,Thunderbolts,Israel,Emek Hefer
2632,SteeleBots,USA,Amherst
2633,Pittsburg Pirates,USA,Pittsburg
2634,The Gryphons,Canada,North York
2635,Lake Monsters,USA,Lake Oswego
2637,Phantom Catz,USA,Rolling Hills Estates
2638,Rebel Robotics,USA,Great Neck
2640,HOTBOTZ,USA,Reidsville
2641,Pittsburgh Central Catholic Robotics,USA,Pittsburgh
2642,Pitt Pirates,USA,Greenville
2643,Dark Matter,USA,San Jose
2644,Trojans,USA,Pittsburgh
2645,PowerSurge,USA,Muskegon
2647,Cyborg Mustangs,USA,Phoenix
2648,Infinite Loop,USA,Oakland
2649,Meyer Robotics,Brazil,Porto Alegre
2650,ELAHLYA,Israel,Om- Elfahem
2652,Highlander Engineering and Technology,USA,El Paso
2653,Master Robotics,Brazil,Aracaju
2654,Polar Rams,USA,Roseau
2655,The Flying Platypi,USA,Greensboro
2656,Quasics,USA,Monroeville
2657,Team Thundercats,USA,Deming
2658,Σ-Motion,USA,San Diego
2659,RoboWarriors,USA,Mission Hills
2660,Pengbots,USA,Tulalip
2661,Trailblazers,USA,Chatsworth
2662,RoboKrew,USA,Tolleson
2663,The Foothillers,USA,El Cajon
2664,Lobos,USA,Houston
2665,CougarBots,USA,Dayton
2667,Knights of the Valley,USA,Apple Valley
2668,North Montco Vortex,USA,Lansdale
2669,KY Bots,Israel,Kiryat Yam
2670,Absent Algorithms,Canada,Toronto
2672,Osfia,Israel,Osfia
2673,Tenacious Technicians,USA,Detroit
2674,Nilton Lins,Brazil,Manaus
2675,ABCTech,Brazil,Canoas
2676,Ecorse Robo Raiders,USA,Ecorse
2678,Brauder,Israel,Jerusalem
2679,Atlantis,Israel,Jerusalem
2680,Vex Minas,Brazil,Minas do Leão
2681,Lady G-House Pirates,USA,Brooklyn
2682,Boneyard Robotics 2682,USA,Greenville
2685,Team Haven,USA,Byfield
2686,The Memphis MechWarriors,USA,Memphis
2687,Team Apprentice,USA,Austin
2688,'Iolani Robotics,USA,Honolulu
2689,Team Alpha,USA,Austin
2702,Rebels,Canada,Waterloo
2703,fire fox,Israel,ben shemen y.v.
2704,Roaring Robotics,USA,Naperville
2705,WE ROBOT,USA,Eden Prairie
2706,Merge Robotics,Canada,Ottawa
2707,Viking Robotics,USA,Saint Louis
2708,Lake Effect Robotics,Canada,Kingston
2709,Iron Wolves,USA,Chicago
2710,JetStream,USA,Palos Verdes Peninsula
2711,Centaurus Robotics,USA,Lafayette
2712,Power Surge 4-H Robotics,USA,Waterbury
2713,Red Hawk Robotics,USA,Melrose
2714,♨️ BBQ ♨️,USA,Dallas
2716,Ranger Force,USA,Spencerport
2718,Team OKC e'possums (Σ 1/n! x 10³),USA,Oklahoma City
2719,Ketronix Robotix,USA,Monroe
2720,Red Watch Robotics,USA,Medford
2721,Fang,USA,Lasara
2722,Charge Robotics,USA,Marlton
2723,Team Rocket,USA,Oklahoma City
2724,Avalanche Robotics,USA,Charlotte
2725,Ice Princesses,USA,Chicago
2726,Red Pebble Rebels,USA,Salt Lake City
2728,♨️ TACO ♨️,USA,Carrollton
2729,Storm Robotics Team,USA,Marlton
2733,Pigmice,USA,Portland
2735,RoBobcats,USA,Fruitvale
2737,Wizards,USA,Houston
2739,Bucket of Bolts,USA,Gilberts
2741,Method 2 Madness,USA,Batavia
2743,Berkner Rambots ,USA,Richardson
2745,Incognito,USA,San Antonio
2747,Turner Lions,USA,Carrollton
2749,The 7th Direction,USA,Connersville
2751,SPARK Robotics,USA,Pendleton
2753,Team Overdrive,USA,Bridgewater
2757,B.A.D. (Built And Dangerous!),USA,Longwood
2759,Roboneers,USA,Stillwater
2761,IronHorse Robotics,USA,Fresno
2763,Tigers,USA,Sterling
2765,Radioactive Robotics,USA,Norman
2767,Stryke Force,USA,Kalamazoo
2769,ROBOTS IN MOTION,USA,Chicago
2771,Code Red Robotics the Stray Dogs,USA,Grandville
2773,IronDogz,USA,Edmond
2775,Jackson Area Robotics,USA,Jackson
2777,Blackwell Resistance,USA,Blackwell
2779,CH1RP,USA,Claremore
2781,RoboPRIDE,USA,Burbank
2783,Engineers of Tomorrow,USA,La Grange
2785,Prometheus,USA,Kent
2787,Team Chaos,USA,Corpus Christi
2789,TEXPLOSION,USA,Manor
2791,Shaker Robotics,USA,Latham
2793,Sabercats,USA,Moore
2795,Ohm's Claw,USA,Broken Arrow
2797,Knight & Nerdy,USA,Clermont
2799,The Teslas,USA,Kansas City
2803,Firebirds,USA,Chicago
2805,Ghost in the Machine,USA,Waxahachie
2809,K-Botics,Canada,Kingston
2811,StormBots,USA,Vancouver
2813,Gear Heads,USA,Saratoga
2815,Blue Devil Mechanics,USA,Columbia
2817,Bluff City Bots,USA,Memphis
2819,Team Dynamite,USA,Oxon Hill
2821,TASER,USA,Preston
2823,The Automatons,USA,Saint Paul
2825,Roc Robotics,USA,Saint Paul
2826,Wave Robotics,USA,Oshkosh
2827,The Tiki Bots,USA,Coronado
2829,Knights of Sir MacHinery,USA,Norman
2830,Riverside RoboTigers,USA,Milwaukee
2831,Warriors,USA,Chicago
2832,The Livonia Warriors,USA,Livonia
2833,Roboscorpions,USA,Brownsville
2834,Bionic Black Hawks,USA,Bloomfield Hills
2835,Shazbotz,USA,Youngstown
2836,Team Beta,USA,Woodbury
2837,Freebirds,USA,Gilbert
2838,Eaglebots,USA,Chesterfield
2839,Daedalus,USA,Escondido
2840,PCDS Blue Tide,USA,Paradise Valley
2841,NECHS,USA,El Paso
2842,Mustangs,USA,Bokchito
2843,Metal Heads,USA,El Paso
2844,Stampede Robotics,USA,Laveen
2845,O'Botics,USA,Osseo
2846,FireBears,USA,Roseville
2847,The MegaHertz,USA,Fairmont
2848,Rangers,USA,Dallas
2849,Ursa Major,USA,Columbia
2850,Cyberwolves,USA,Coeur d'Alene
2851,Crevolution,USA,Sterling Heights
2852,DM High Voltage,Canada,St Catharines
2853,Hot Spot Robotics,USA,Mililani
2854,The Prototypes,USA,San Jose
2855,BEASTBOT,USA,Saint Paul
2856,Planetary Drive,USA,Lexington
2857,Black Ops,USA,Dallas
2859,Blasterbots,USA,Golden
2861,Infinity's End,USA,Lake City
2862,UTC Westhill Vikings,USA,Stamford
2864,Sigma Phoenix,USA,El Paso
2865,ROBOTEKNIX,USA,Post Falls
2866,Phoenix Robotics,USA,Owings Mills
2867,ElkLogics,USA,Elkhart
2869,Regal Eagles,USA,Bethpage
2871,Beantown Botz,USA,Roxbury
2872,CyberCats,USA,Old Westbury
2873,NWR,USA,Flowood
2874,Iron Eagles,USA,Grain Valley
2875,CyberHawks,USA,Cold Spring Harbor
2876,DevilBotz,USA,Burlington
2877,LigerBots,USA,Newtonville
2879,Oriole Robotics,USA,Saint Louis Park
2880,Finger Puppet Mafia,USA,Galveston
2881,Lady Cans,USA,Austin
2882,Nuts n' Boltz,USA,Katy
2883,F.R.E.D (FIRST Robotics Engineering and Design),USA,Warroad
2884,EngiKnights,USA,Caguas
2885,Falcons,USA,San Juan
2887,Blue Bots,USA,Atlanta
2888,The Beaverbots,USA,Chestnut Hill
2890,The Hawk Collective,USA,Chesapeake
2892,Hottie Botties,USA,Sacramento
2893,Parkway North Robohobos,USA,Saint Louis
2894,ACE Robotics,USA,Kansas City
2895,Blazenbots,USA,Far Rockaway
2896,MechaMonarchs,USA,Honolulu
2897,R3 - Rapoport Raven Robotics,USA,Waco
2898,Flying Hedgehogs,USA,Portland
2900,The Mighty Penguins,USA,Washington
2901,Rocket Sock'em Robots,USA,Cortland
2902,NYACK,USA,Saint Louis
2903,NeoBots,USA,Arlington
2904,PlaZmachines,USA,Monroe
2905,Sultans of Turkiye,Türkiye,Istanbul
2906,Sentinel Prime Robotics,USA,Spanaway
2907,Lion Robotics,USA,Auburn
2908,DeceptiKangs,USA,Kirkland
2909,Zebra Bots,USA,Rochester
2910,Jack in the Bot,USA,Mill Creek
2911,CoolBots,USA,Washington
2912,Panther Robotics,USA,Washington
2913,ROBOT RAMBLER ,USA,Washington
2914,TIGER PRIDE,USA,Washington
2915,Pandamonium,USA,Portland
2916,Bionic Bears,USA,Palm Bay
2917,Woodward RoboDogs,USA,Cincinnati
2918,Gearheads,USA,Jasper
2919,Night Wolves,USA,L.A.
2920,Robo-Hawks,USA,Holly Springs
2921,Falcon,USA,Tacoma
2922,RoboCon,USA,Concrete
2923,Aggies,USA,Rosalia
2924,2924 Murphy's Lawyers,USA,Chimacum
2925,North Central Tech Center,USA,Wenatchee
2926,Robo Sparks,USA,Wapato
2927,NEST Robotics,USA,Graham
2928,Viking Robotics,USA,Seattle
2929,Emeral Ridge JAGBOTS,USA,Puyallup
2930,Sonic Squirrels,USA,Snohomish
2932,Pueo Power Engineering,USA,Honolulu
2933,BASH,USA,Bronx
2934,Tech Tigers ,USA,Houston
2935,NACI Robotics,Canada,Toronto
2936,Gatorzillas,USA,Dickinson
2938,HSE Tigers,USA,Houston
2940,The Alternative Experience,USA,Chicago
2941,BLURR-Ben Logan Ultra Raider Robotics,USA,Bellefontaine
2942,Panda Robotics,USA,Seattle
2943,ROBO Dynamics,USA,Dallas
2944,Titanium Tigers,USA,Spokane
2945,Steel Mustangs,USA,Manitou Springs
2946,Novas,USA,Milwaukee
2947,ROBO-TIGERS,USA,EL PASO
2948,Prototype,USA,Fort Worth
2949,pwnage,USA,Batavia
2950,Devastators,USA,Waco
2951,Benson High Robotics Club,USA,Portland
2952,Brackenbots,USA,San Antonio
2953,South Dallas Bots,USA,Dallas
2956,E-STEM EAGLES,USA,Houston
2957,Knights1,USA,Alden
2958,Grizzly's,USA,Canton
2959,Robotarians,USA,Coloma
2960,Automation Nation,USA,Birmingham
2961,Crimson Tide Engineers,USA,Washington
2962,EagleBots,USA,Washington
2963,AnaDroids,USA,Washington
2964,Robopanthers,USA,Washington
2965,Iron Vikings,USA,Lubbock
2966,Tiger Tech,USA,Pharr
2967,Columbus IronWorks,USA,Columbus
2969,Aftermath,USA,San Antonio
2970,eSchool eBots,USA,Kenosha
2971,ROBO-IDAHO,USA,Coeur d'Alene
2972,Gears and Buccaneers,USA,Lafayette
2973,Mad Rockers,USA,Madison
2974,Walton Robotics,USA,Marietta
2975,Team Viral,USA,Central
2976,The Spartabots,USA,Sammamish
2977,Sir LancerBots,USA,La Crescent
2978,Cavaliers,USA,Saint Louis
2979,RO-BEAUMONT,USA,Beaumont
2980,Whidbey Island Wildcats,USA,Oak Harbor
2981,Bulldogs,USA,Waco
2982,Phoenix Metal,USA,Laredo
2983,Robo-Noles,USA,Fairburn
2984,Vikings Robotics,USA,La Jolla
2985,Tech Know Logic,USA,San Antonio
2986,Cyber Comets,USA,Oklahoma City
2987,Rogue Robotics,USA,Farmington
2988,RoboRiot,USA,Berryville
2989,Star Tech,USA,Richfield
2990,Hotwire,USA,Turner
2991,Boxer Bots,USA,Houston
2992,The S.S. Prometheus,USA,Mandeville
2993,InTech MegaBots,USA,Logan
2994,ASTECHZ,Canada,Ottawa
2995,"""Mountain Force Robotics""",USA,Dallas
2996,Cougars Gone Wired,USA,Colorado Springs
2998,VikingBots,USA,Richmond
2999,TJHS,USA,Rochester
3000,Jeffersontown Robochargers,USA,Louisville
3001,Chieftain Robotics,USA,Santa Fe Springs
3002,Roboblazers,USA,Detroit
3003,TAN(X),USA,Canandaigua
3004,Bx Quixote,USA,Bronx
3005,RoboChargers,USA,Dallas
3006,Red Rock Robotics,USA,Salt Lake City
3007,Robotitans,USA,Oakdale
3008,Team Magma,USA,Honolulu
3009,High Scalers,USA,Boulder City
3010,The Red Plague,USA,Centerburg
3011,RoboWarriors,Germany,APO
3012,Spartans,USA,Houston
3013,Zombots,USA,Vallejo 
3014,Tech Heads,USA,Albuquerque
3015,Ranger Robotics,USA,Spencerport
3016,CyCreek Crusaders,USA,Houston
3017,Patriots,USA,Fresh Meadows
3018,Nordic Storm,USA,Saint Peter
3019,Firebirds,USA,Scottsdale
3020,SMbld,USA,Rancho Santa Margarita
3021,The  Agency,USA,Escondido
3022,MKS Explosion,USA,San Jose
3023,STARK Industries,USA,Elk River
3024,My Favorite Team,USA,Ashland
3025,DARC,USA,Decatur
3026,Orange Crush Robotics,USA,Delano
3027,Seraphim Systems,USA,Ventura
3028,Robot Commando Squad,USA,Hidalgo
3029,Mecha Titans,USA,Pharr
3032,Master Team,Brazil,Aracaju
3034,Galileo,Israel,Kefar Blum
3035,Droid Rage,USA,Corpus Christi
3036,DROBA Warriors,USA,Deer River
3037,LOBOTS,USA,Longview
3038,Inter-district Computers and Engineering,USA,North Branch
3039,Wildcat Robotics,USA,Destrehan
3040,red knights,Canada,toronto
3041,Spartans Robotics Club,USA,Chula Vista
3042,Cobalt Catalysts,USA,Apple Valley
3043,Da Vinci Dragons,USA,El Paso
3044,Team 0xBE4,USA,Ballston Spa
3045,Gear Gremlins,USA,San Mateo
3046,GWHS RoboFanatics,USA,Charmco
3048,EVIT Robotics 2017,USA,Mesa 
3049,BremerTron,USA,Bremerton
3052,Makif Yud,Israel,Rishon Lezion
3053,VB Stingers,USA,Queens Village
3054,IceStorm,USA,Grand Marais
3055,Furious George,USA,Austin
3056,Pirates,USA,Crookston
3057,MHS Jaquers,USA,Rochester
3058,ANNDROIDS,USA,Annandale
3059,Riverside Envirobotics,USA,Yonkers
3060,The Narcoleptic Doxins,USA,Birmingham
3061,Huskie Robotics,USA,Naperville
3062,Spartan Robotics,USA,Natrona Heights
3063,HOLTZ-STARS,Israel,Tel Aviv
3064,Tichon Tel Aviv,Israel,Tichon Tel Aviv
3065,Jatt High School,Israel,Jatt
3067,Robovikes,USA,Geneva
3069,TarNation,USA,Detroit
3070,Team Pronto 3070,USA,Shoreline
3071,Certified NOOBS,USA,Humble
3072,Backwoods Bots,USA,Wytheville
3073,firstinlod,Israel,LOD
3074,New School Robotics,USA,Kennebunk
3075,Ha-Dream Team,Israel,Hod Hasharon
3076,Ort Arad,Israel,Arad
3077,Robobrain,Israel,Jerusalem
3079,The RoboWarriors,USA,Richmond
3080,So-Called Robotics,USA,Rio Grande City
3081,RoboEagles,USA,Bloomington
3082,Chicken Bot Pie,USA,Minnetonka
3083,Artemis,Israel,Maagan Michael
3084,PatriORT,Israel,Hazor
3086,Broncoweiss,Israel,Kyriat Shmona
3087,Ben Shemen,Israel,Ben Shemen
3088,Kill-O-Bites,Israel,Kiryat Bialik
3089,Bot-N,Israel,Haifa
3090,Chaotic Robotics,USA,Winona
3091,100 Scholars,USA,Atlanta
3092,Nazareth Ilit,Israel,Nazareth Ilit
3093,Bearcats,USA,Monroe
3094,Blich,Israel,Ramat Gan
3095,Pilots,USA,Warren
3096,The Village Bulldogs,USA,Detroit
3097,Blue Lightning,USA,Detroit
3098,Waterford Robotics,USA,Waterford
3100,The Lightning Turtles,USA,Mendota Heights
3102,Tech-No-Tigers,USA,Nevis
3103,Iron Plaid,USA,Houston
3104,The Cyber Rams,USA,Stamford
3105, Lagablab,Philippines,Manila
3106,The Contenders,USA,Farmersville
3107,Tilden Techers,USA,Chicago
3108,PR9,USA,pttsburgh
3109,GA Robotics,USA,Memphis
3110,SeaBots,USA,Chicago
3111,RoboCougars,USA,Newark
3112,GSERT Falcons,USA,Bronx
3114,To be determined,USA,Southfield
3115,Robo-Panthers,USA,Detroit
3116,Phoenix,USA,Memphis
3117,Harfangs,Canada,Sherbrooke
3119,Rockets,USA,Detroit
3120,RoboKnights,USA,Sherman Oaks
3121,Alloy Fingerprints,USA,Portage County
3122,The Alluminators,USA,New Ulm
3123,Wildcogs,USA,Pottstown
3124,Cyberian Huskies,USA,Edmond
3125,Pirates of the Pythagorean,USA,Hartford
3126,FlashPoint,USA,Hollis
3128,The Aluminum Narwhals,USA,San Diego
3129,Green MacHHHHine,USA,Mountain View
3130,The ERRORs,USA,Woodbury
3131,Gladiators,USA,Gladstone
3132,Thunder Down Under,Australia,Sydney
3133,Coronado Robotics,USA,Scottsdale
3134,The Accelerators,USA,Cass Lake
3135,Robotic Colonels,USA,Chicago
3136,O.R.C.A.,USA,Ashland
3137,T-Birds,USA,Bohemia
3138,Innovators Robotics,USA,Englewood
3139,Oxford Omega,USA,Oxford
3140,Flagship,USA,Knoxville
3141,PiBots,USA,Torrington
3142,Aperture,USA,Newton
3143,NTC Night Hawks,USA,Norfolk
3144,KRYPTO-KNIGHTS,USA,2801 N.W. 27TH
3145,TeraViks,USA,Coeur D Alene
3146,GRANBY GRUNTS,USA,Granby
3147,Munster Horsepower,USA,Munster
3148,Joltz,USA,Dorchester
3149,PANDAMONIUM!,USA,Lakeland
3150,Mustangs,USA,Marriottsville
3151,Cyberstorm,USA,Sewell
3152,KTC-Monsters,USA,Idabel
3154,"Robo-Razzaitore ""THE RAZZ""",USA,Baltimore
3155,Globots,USA,Las Vegas
3156,Solista,USA,Fremont
3157,Iron Lancers,USA,Rochester
3158,PrepaTec - TECBOT,Mexico,Metepec
3160,F. R. O. G. - FIRST Robotics Organization of Grove,USA,Grove
3161,Tronic Titans,Canada,Oakville
3162,RoBoComm-X,USA,Rochester
3163,ROARBOTS,USA,Henryetta
3164,Stealth Tigers,USA,Tampa
3165,NewBots,USA,Newberg
3166,Rooks,USA,Sandy
3167,Mechanical Misfits,USA,Philadelphia
3168,Warriors,USA,Suffolk
3169,Saint-Borgs,USA,Edmond
3170,Bearded Dragons,USA,Buckeye
3171,HURRICANES,USA,Westhampton Beach
3172,HorsePOWER,USA,Salina
3173,IgKnighters,USA,Rochester
3174,ROBODAWGS,USA,ANNISTON
3175,Knight Vision,USA,Grosse Pointe Woods
3176,Purple Precision,USA,Brownsburg
3177,Fearless Falcons,USA,Chicago
3179,The A.N.T.,USA,Adair
3180,MECHAlosaurs,USA,Trafalgar
3181,Pittsford Panthers,USA,Pittsford
3182,Athena's Warriors,USA,Hartford
3183,EPIC,USA,Burlington
3184,Blaze Robotics,USA,Burnsville
3185,Super Gurus,USA,Cookeville
3186,DECAbotz,USA,Dayton
3187,Arcadia Titan Robotics,USA,Phoenix
3188,The Robotics Factory,USA,Portland
3189,Circuit Breakers,USA,Placerville
3190,Mecha-51,Canada,St Lazare
3191,The Wingnuts,USA,Salt Lake City
3192,High Visibility,USA,Portland
3193,Falco Tech,USA,Austintown
3194,The BRAINS,USA,Tucson
3195,Robo Ninjas,USA,La Mesa
3196,Team SPORK,USA,Mooresville
3197,HexHounds,USA,Cedarburg
3198,Robotomy,USA,Granby
3200,Raptacon,USA,Centennial
3201,Ross Rambotics,USA,Hamilton
3202,KnightBots,USA,St. Paul
3203,The Unlikely Mix,USA,Columbus
3204,Steampunk Penguins,USA,Jamaica Estates
3205,Patriots,USA,Concord
3206,Royal T-Wrecks,USA,Woodbury 
3207,Fighting Scots,USA,Ogden
3208,WildBots,USA,Clifton
3209,NHS Robotics,USA,Niles
3210,Falcons,USA,Hillsboro
3211,The Y Team,Israel,Yeruham
3212,YME Stingbots,USA,Granite Falls
3213,Thunder Tech,USA,Tacoma
3214,High Tech Hounds,USA,Memphis
3215,Apollo,USA,Greensboro
3216,MRT,USA,Missoula
3217,L&M,USA,Edcouch
3218,Panther Robotics,USA,Bonney Lake
3219,"TREAD (Trojan Robotics, Engineering, Art, & Design)",USA,Auburn
3220,Mechanics of Mayhem,USA,Spangle
3221,KM Royals,USA,Kent
3222,Robot Bantam,USA,Clarkston
3223,Robotics of Central Kitsap (ROCK 3223),USA,Silverdale
3224,Lion Hit Squad,USA,Locust Grove
3225,Wolverine Robotics,USA,West Valley City
3226,Eagle Tech,USA,Chula Vista
3227,RoboWolves,USA,Cordova
3228,Rocket,USA,Metairie
3229,Hawktimus Prime,USA,Holly Springs
3230,PrototypeX,USA,Salt Lake City
3231,PioTech,USA,Clifton
3232,South Bend's Finest,USA,South Bend
3233,Bots of the Round Table,USA,Satellite Beach
3234,Red Arrows,USA,Lowell
3235,Mustang,USA,Detroit
3236,TRIFORCE,USA,Franklin
3237,Event Horizon,USA,Spanaway
3238,Cyborg Ferrets,USA,Anacortes
3239,Birds of Prey,USA,Layton
3240,Team Orion,USA,San Antonio
3241,Ogden Dragon Army,USA,Ogden
3242,ILLUMICATS,USA,Ocala
3243,Amperes,USA,Salt Lake City
3244,Granite City Gear Heads,USA,Saint Cloud
3245,Ravens,USA,Sandy
3246,Vandals,USA,Eureka
3247,Robopack,USA,Shawnee
3250,Kennedy Robotics,USA,Sacramento
3251,Savage Pride,USA,Salmon
3253,Rustlers,USA,Great Falls
3255,SuperNURDs,USA,Escondido
3256,WarriorBorgs,USA,San Jose
3257,Vortechs,USA,Rocklin
3258,MADAWGS,USA,Martinsville
3259,Thoroughbots,USA,Somerset
3260,SHARP,USA,Pittsburgh
3261,Bears Robotics,USA,Clearbrook
3262,Luggernauts,USA,Columbus
3263,The Elites G3,USA,Coleraine
3264,nerd nation,USA,Norwalk
3265,Arrowheads,USA,Powder Springs
3266,Robots-R-Us,USA,Eaton
3267,Mariner Robotics,USA,Silver Bay
3268,Valhallabots,USA,Kenmore
3270,CATA-BOTS,USA,Monoe
3271,Dragonbots,USA,Ventura
3272,Ravage Robotics,USA,Carrollton
3273,Cybercats,USA,Springfield
3274,Rocktown Robotics,USA,Harrisonburg
3275,The Regulators,USA,Cass Lake
3276,TOOLCATS,USA,New London - Spicer
3277,ProDigi,USA,Thief River Falls
3278,Electric Lakers,USA,Detroit Lakes
3279,Spingarn Senior High School,USA,Washington
3280,Rhode Rebels,USA,Providence
3281,VBots,USA,Phoenix
3282,Dallas Robo Tigers,USA,Dallas
3283,3283 Coyote Robotix,USA,Clarksburg
3284,Camdenton  LASER 3284,USA,Camdenton
3286,the rocket surgeons,USA,Yakima
3288,Punchers,USA,Big Piney
3289,Soaring Eagle,USA,Draper
3290,Robo Bears LOWbotics,USA,Baudette
3291,Au Pirates,USA,Brooklyn Park
3292,The Aluminum Falcon,USA,Benson
3293,OtterBots,USA,Fergus Falls
3294,Backwoods Engineers,USA,Pine River
3295,STEMdroids,USA,Mentone
3296,Neon Knights,USA,Fresno
3297,Full Metal Jackets,USA,Perham
3298,ArrowBots,USA,Pipestone
3299,The Warehouse Crew,USA,Chaska
3300,Midwest WARRIORS,USA,Ortonville
3301,Patriots,USA,Portland
3302,TurboTrojans,USA,Clawson
3303,Metallic Thunder,USA,Fresno
3305,Matbotz,USA,El Paso
3306,Trojans,USA,Pahala
3307,Robo Dawgs,USA,Luray
3308,JHS Beavers,USA,Jamaica
3309,Friarbots,USA,Anaheim
3310,Black Hawk Robotics,USA,Heath
3311,KB-BOT,USA,Klamath Falls
3312,EagleBots,USA,Bena
3313,Mechatronics,USA,Alexandria
3314,Mechanical Mustangs,USA,Clifton
3315,Mountaineers,USA,Spirit Lake
3316,D-Bug,Israel,Tel Aviv
3317,Q & E Robotics,USA,Hollandale
3318,RoboDragons,USA,Lawrenceville
3319,Galactic Geeks Robotics,USA,Huntsville
3320,Miracles & Machines (M&Ms),USA,Austin
3321,Superior Robotics,USA,Superior
3322,Eagle Evolution,USA,Ann Arbor
3323,Potential Energy,USA,Litchfield
3324,The Metrobots,USA,Columbus
3325,Valle Verde Robotics,USA,El Paso
3326,DATC,USA,Kaysville
3328,NoHoRobo,USA,North Hollywood
3329,Wildbots,USA,Kingsland
3330,System of the Corn,USA,Saint Charles
3331,Tar Heel Robots,USA,Chapel Hill
3332,HustlerTech,USA,Melbourne
3333,Cougars,USA,Julesburg
3334,Eagle Robotics,USA,Salt Lake
3335,Cy-Borgs,USA,Cypress
3336,Zimanators,USA,Swansboro
3337,Panthrobotics,USA,Baton Rouge
3339,BumbleB,Israel,Kfar Yona
3340,Union City EagleX Robotics,USA,Union City
3341,Option 16,USA,San Diego
3343,HSA-Recon,USA,LAREDO
3344,Space Dragons,USA,Fayetteville
3345,Metal Jackets,USA,San Antonio
3346,Kamikaze Comets,USA,Asheboro
3349,Static,USA,Holly Springs
3350,T-BOTS,USA,Texarkana
3351,Ratchet,Israel,Beer-Sheva
3352,3352 Flaming Monkeys 4-H Robotics Club,USA,Belvidere
3353,Freer Robotics Team,USA,Freer
3354,PrepaTec - TecDroid,Mexico,Queretaro
3355,Purple Vipers,USA,Arlington
3356,MC2STEM Maniacs,USA,Cleveland
3357,COMETS,USA,Grand Rapids
3358,Y.T.P.T - J.E.T.S,Israel,Petach Tikva
3359,Royal Robotics,USA,Portsmouth
3360,Hyperion,Canada,Sherbrooke
3361,Governators,USA,Fishersville
3362,Eagle Robotics,USA,Milwaukee
3363,Eagle,USA,Houston
3364,Panhandle Pirates,USA,Tallahassee
3366,Plowbots,USA,Roscoe
3367,Ogichidaa Robotics,USA,White Earth
3368,Spirit of the United Neretva,Bosnia-Herzegovina,Mostar
3369,TIGERS,USA,Pflugerville
3370,Aftershock,USA,Irving
3371,The Bonds ThunderBolts,USA,Greer
3373,Team RoboHawk,USA,Warrenton
3374,Jackson Hole RoboBroncs,USA,Jackson
3375,North Stars,Canada,Toronto
3376,RoboScorps,USA,Satellite Beach
3377,Raiders,USA,Lumberton
3378,OD-BS,Israel,Beit-Shean
3379,Mécani-Wolf,Canada,Montreal
3380,Alchesay Falcon Team,USA,Whiteriver
3381,Droid Rage,USA,Manitowoc
3382,Les Béliers,Canada,Montréal
3383,makif omer,Israel,omer
3384,Sunset BisonBots,USA,Dallas
3385,RoboticST,Israel,gesher haziv
3386,Tornades,Canada,Montreal
3387,Les Aigles d'Or,Canada,Montréal
3388,Flash in memory of Margarita Gusak,Israel,Gan Yavne
3389,TEC Tigers,USA,Salisbury
3390,ANATOLIAN EAGLEBOTS,Türkiye,Çankaya
3392,T-Robots,USA,Grand Prairie
3393,Horns of Havoc,USA,Puyallup
3394,Knight Riders,USA,Hudson
3396,Imperium Machinamentum,Canada,Richmond Hill
3397,Robolions,USA,Saint Louis
3398,Crushing Crusaders,USA,Detroit
3399,Lions,USA,Detroit
3400,RCTC,USA,Detroit
3401,Eagletrons,USA,Orchard Lake
3402,ROBOMonkeys,USA,Lenoir
3403,Cyber Wolf Robotics,USA,Colorado Springs
3404,Robo Bibb,USA,Macon
3405,ALChemists,USA,Salem
3406,Ottoman RoboTecnics,Turkey,Istanbul
3407,Wild Cards,USA,Arden Hills
3408,cyberCubs,USA,Los Angeles
3409,Boiling Point,USA,Cedar Hill
3410,Miami MEngs,USA,Miami
3411,Team Intrepid,USA,Horn Lake
3412,The Flo-Falcons,USA,Wilbraham
3413,Mad Cows,USA,Coppell
3414,Hackbots,USA,Farmington
3415,The RAMS ,USA,Montrose
3416,YCLA Eagles,USA,Chicago
3417,Akins Robotoics,USA,Austin
3418,RoboRiot,USA,Sheboygan Falls
3419,RoHawks,USA,New York
3420,Team 3420,,
3421,Tachyon TECs,USA,Marysville
3422,Robo Champs,USA,Detroit
3423,The Raider,USA,Farmington
3424,Corax,USA,Sandy
3425,PULSARS,USA,Grand Rapids
3450,Random Nuts,USA,Flint
3451,The ANOMALY,USA,Sanford
3452,GreengineerZ,USA,Berrien Springs
3453,DEM BOTS,USA,Winchester
3454,Z Bots,USA,Saint Paul
3455,Robot Revolution,USA,Alexandria
3456,LiveWire,USA,Pocatello
3457,MacBotics,USA,Lawton
3458,Code Blue,USA,Holland
3459,Team PyroTech,USA,Cary
3460,Brentwood Indians,USA,Brentwood
3461,Operation PEACCE Robotics,USA,Bristol
3462,FERVOT,Mexico,Toluca
3463,Red Neck Robotics,USA,Salina
3464,Sim-City,USA,Simsbury
3465,The Omega Factor,USA,Mustang
3466,VIKINGS ROBOTICS,USA,Westford
3467,Windham Windup,USA,Windham
3468,MAGNAtech,USA,West Monroe
3469,The Spanish Inquisition,USA,Mobile
3470,Cyborg Zombies,USA,Temecula
3471,Jagbots,USA,Gretna
3472,PrepaTec - Buluk,Mexico,Atizapan de Zaragoza
3473,Team Sprocket,USA,Diamond Bar
3474,BAYMEN,USA,Hampton Bays
3475,The Crop?,USA,Charleston
3476,Code Orange,USA,Irvine
3477,Chaos Vortex,USA,Chula Vista
3478,PrepaTec - LamBot,Mexico,San Luis Potosí
3479,crimson tide,USA,everett
3480,PrepaTec - ABTOMAT,Mexico,León
3481,Bronc Botz,USA,San Antonio
3482,Arrowbotics,USA,Campbell
3483,Cold Smoke,USA,Bozeman
3484,Short Circuit,USA,Marysville
3485,Cyclone Robotics,USA,Kansas City
3486,STEM&m's,USA,San Diego
3487,Red Pride Robotics,USA,Plainfield
3488,Eagle Army,USA,Orland Park
3489,Category 5,USA,Summerville
3490,Viper Drive,USA,Summerville
3491,FUTURE Dinos,USA,Holtville
3492,Putnam Area Robotics Team (P.A.R.T.s),USA,Winfield
3493,RETRO ROBOT SQUAD,USA,EDENTON
3494,The Quadrangles,USA,Bloomington
3495,MindCraft Robotics,USA,Fresno
3496,The RoboTech Collection,USA,Columbus
3497, THIS IS NOT THE TEAM-Go to 9381 ,USA,Midland
3498,Jankopotamus,USA,Edmond
3499,River's Edge Robotics,USA,Durham
3500,Roboteenz,USA,Perris
3501,Firebots,USA,Sunnyvale
3502,Octo(PI)Rates,USA,Tallahassee 
3503,WRX,USA,Fair Oaks
3504,Girls of Steel,USA,Pittsburgh
3505,Fighting Z-Bots,USA,Lincoln
3506,YETI Robotics,USA,Charlotte
3507,Ubotics #3507,USA,Tulsa
3508,Archimedes,USA,Pittsburg
3509,Team Fallout,USA,Niles
3510,PrepaTec - Tectronic,Mexico,Querétaro
3511,Road Dogs,USA,New Stanton
3512,Spartatroniks,USA,Orcutt
3513,Misfit Toys,USA,Rathdrum
3514,Wayne High Robotics,USA,Wayne
3515,Pneubotic Mustangs,USA,Iselin
3516,RoboChiefs,USA,Memphis
3517,S.E.V.E.R.E.,USA,Queen Creek
3518,LHS Panthers,USA,3810 W Educational Path
3519,Hannibal Robo Pirates,USA,Hannibal
3520,RoboColts,USA,Coral Springs
3521,Noble Nuts,USA,Indio
3522,CBoT´S4,Mexico,Toluca
3524,The Blizzard,USA,Minneapolis
3525,The Nuts & Bolts of Fury,USA,Waterbury
3526,PrepaTec - Blue Ignition,Mexico,Saltillo
3527,PrepaTec - Balam Esmeralda,Mexico,Atizapan de Zaragoza
3528,Up Next,USA,Kansas City
3529,Kobayashi Maru,USA,San Antonio
3530,Patriotix,Canada,Montreal
3531,2XR,Canada,Montreal
3532,Piranhas,Canada,Saint-Hubert
3533,Mekano,Canada,Montreal
3534,House of Cards,USA,Davison
3535,Galaktech Invaders,USA,North Branch
3536,Electro Eagles,USA,Hartland
3537,Delta Force,USA,Indian River
3538,RoboJackets,USA,Auburn Hills
3539,Byting Bulldogs,USA,Romeo
3540,Wildcats,USA,Mooresville
3541,Brebotics,Canada,North York
3542,S.P.E.E.D,USA,Temperance
3543,C4 Robotics,Canada,Arnprior
3544,Spartiates,Canada,Montreal-Nord
3545,Bots in Blue,USA,JBSA Lackland
3546,Buc'n'Gears,USA,Grand Haven
3547,VIRUS,USA,Monroe
3548,Royal Oak Kenwood Academy,USA,Royal Oak
3549,Straughn Robotics 3549,USA,Andalusia
3550,Robotronix,Canada,Lasalle
3552,The T-Birds,USA,San Antonio
3553,South Philly Rambots,USA,Philadelphia
3554,LC Botkickers,USA,Elk Grove
3555,Aluminati,USA,Storrs Mansfield
3556,GET SMART,USA,Lake City
3557,Robo-Sharks,USA,Brandon
3558,FBR Techno Tarheels,USA,Washington
3559,Thundercats,USA,Jasper
3560,MechaWolves,Canada,Brampton
3561,RoboRaiders,USA,San Antonio
3562,LiveWire Robotics 3562,USA,Pocatello
3563,Nantyr Bot-aneers,Canada,Innisfil
3564,EGL Robotics,USA,Wausau
3565,Team T.R.E.A.D.S. (Tomorrows Robotic Engineering And Design Specialists),USA,Connersville
3566,Gone Fishin',USA,Southborough
3567,The Aviators,USA,Armagh
3568,Linden RoboEagles,USA,Linden
3569,The Patrionator,USA,Fresno
3570,Pheonix 3570,USA,Alma
3571,Mustang Robotics,Canada,Milton
3572,Wavelength,USA,Muskegon
3573,The Ohms,USA,Conyers
3574,HIGH TEKERZ,USA,Burien
3575,Okanogan FFA ,USA,Okanogan
3576,Clover Park High School Warriors,USA,Lakewood
3577,Saint's Robotics,USA,Scottsdale
3578,NASA/JCPenney/FSA HS *STAR*,USA,Alpharetta
3580,Marinerds,USA,Cape Coral
3581,THINC Robotics Alliance,USA,Lagrange
3582,Phobots,USA,Mission
3583,Saints,USA,San Juan
3585,Rogue Robots of 4-H,USA,Charlestown
3586,Pride in the Tribe-Caveman Robotics,USA,Reardan
3587,Gorilla Gearheads,USA,Davenport
3588,the Talon,USA,Renton
3589,Cape Coral,USA,Cape Coral
3590,Root Two,Canada,Toronto
3591,"Wild WarBots ""WWB""",USA,Westerville
3592,Sharks,USA,Port Orange
3593,Invictus,USA,Tulsa
3594,Techtonics,USA,Roanoke
3595,Massive Attack,USA,Chicago
3596,Rocket Robotics,USA,South Milwaukee
3597,Robo-Rangers,USA,Kittery
3598,SEStematic Eliminators,USA,Sacramento
3599,Dolphin Robotics,USA,Beaufort
3600,Clockwork,USA,Madison
3601,Spartan Sprockets,USA,Webberville
3602,RoboMos,USA,Escanaba
3603,Cyber Coyotes,USA,Reed City
3604,Goon Squad,USA,Brownstown
3605,black storm,USA,dearborn
3606,BearMetal,USA,Baton Rouge
3607,TECHNOLOGIC,USA,Lambertville
3608,Jaguars,USA,Sherwood
3609,Duct Tape Dragons,USA,Portland
3610,Islanders,USA,Minneapolis
3611,Team Tidy Cats,USA,Lynn Haven
3612,GearHogs,USA,Springdale
3613,Spartans,USA,Greece
3614,The Love Machine,USA,San Antonio
3615,Reavers,USA,Sacramento
3616,Team Phenomena,USA,Lafayette
3617,Cold Logic,USA,Marquette
3618,Petoskey Paladins,USA,Petoskey
3619,PIONEERS,USA,Detroit
3620,Average Joes,USA,Saint Joseph
3621,Rocket Robotics,USA,New Haven
3622,r,USA,Boca Raton
3623,The Robomingos,USA,Leominster
3624,Soaring Colts,USA,Huntington Station
3625,Some Assembly Required,USA,Virginia Beach
3626,Parish Robotics,USA,Dallas
3627,The Jungle Robotics,USA,Sarasota
3628,Scott's Bros,USA,Scottsboro
3629,PACERobotics- Philly ALL CITY Engineers,USA,Philadelphia area
3630,Stampede,USA,Minneapolis
3631,The Vincents,USA,Hot Springs
3632,D-Techs,USA,Detroit
3633,Catalyst 3633,USA,Albert Lea
3634,Bridgeport Spark City,USA,Bridgeport
3635,Flying Legion,USA,Perry
3636,Generals,USA,Portland
3637,The Daleks,USA,Flemington
3638,TigerTrons,USA,Belleville
3639,Cogs,USA,Mesick
3640,Panthers,USA,Portage
3641,The Flying Toasters,USA,South Lyon
3642,Huskies,USA,Jackson
3643,Thunderbots,USA,Henderson
3644,Warriors,USA,Taylorsville
3645,Runtime Error,USA,Forest Hills
3646,INTEGRA BAHCESEHIR,Türkiye,istanbul
3647,Millennium Falcons,USA,San Diego
3648,Sparta Robotica,USA,Denver
3649,I-Robotics,USA,Chandler
3650,RoboRaptors,USA,La Plata
3651,TRIBE,USA,Travelers Rest
3652,xKRT,USA,Kenton
3653,Botcats,USA,Hollywood
3654,TechTigers,USA,Middletown
3655,Tractor Technicians,USA,Mason
3656,Dexter Dreadbots,USA,Dexter
3657,Lincoln Cyborgs,USA,Warren
3658,Robo - Beavers,USA,Battle Creek
3659,Mighty Patriots,USA,Miami
3660,LIGHTSABERS,USA,Oklahoma City
3661,RoboWolves,USA,Wadesboro
3662,FrostByte  ,USA,Everett
3663,CPR - Cedar Park Robotics,USA,Bothell
3664,Lions,Canada,Burlington
3665,Titans,USA,Salt Lake City
3666,Bolton Bear Bots,USA,Alexandria
3667,Mecanum Knights,USA,Port Huron
3668,TroBots,USA,Whitmore Lake
3669,CarbonKnights,USA,Ripon
3670,Wolverines,USA,Richmond Hill
3672,Robo TORS,USA,Sulphur
3673,C.Y.B.O.R.G. Seagulls,USA,Seaside
3674,CloverBots,USA,Battle Ground
3675,Eagletrons,USA,Seymour
3676,RedShift Robotics,USA,Arlington
3677,Don Bots,USA,Pico Rivera
3679,rattlers,USA,San Marcos
3680,Elemental Dragons,USA,Statesville
3681,Robo-Raiders,USA,Seattle
3682,DATC,USA,Kaysville
3683,Team DAVE,Canada,Waterloo
3684,Electric Eagles,USA,Seattle
3685,Searider Robotics,USA,Waianae
3686,Turkeybots,USA,Memphis
3687,The Patriots,USA,Schenectady
3688,Norsemen,USA,Suttons Bay
3690,GORT,USA,st. louis park
3691,RoboRaiders,USA,Northfield
3692,Rock N' Robotics,USA,Janesville
3693,GearHead Pirates,USA,Spokane
3694,NAHS Warbotz,USA,Atlanta
3695,Foximus Prime,USA,Yorkville
3696,C.A.R.D.S,USA,North Richland Hills
3697,Devil Bots,USA,Mt. Pleasant
3698,Panthers,Canada,Mississauga
3699,Panthinators,USA,Spring Lake Park
3700,The Metalling Kids,USA,Rio Hondo
3701,Royal Robotics,USA,Gastonia
3703,MechSperts,USA,Denver
3704,RoboSapiens,USA,National City
3705,Arrowbots,Canada,Brampton
3706,Railsplitters,USA,Lincoln Park
3707,TechnoDogs,USA,Brighton
3708,Lumberjacks,USA,Saginaw
3709,RTC Megalodons,USA,Richmond
3710,FSS Cyber Falcons,Canada,Kingston
3711,Iron Mustang,USA,Trout Lake
3712,RoboCats,USA,Union
3713,War Eagle Robotics,USA,Conroe
3714,Flowers S.O.A.R.,USA,Springdale
3715,CRAVEN COUNTY ROBOTICS,USA,NEW BERN
3716,WARP (Wasatch Academy Robotics Program),USA,Mount Pleasant
3717,Hitchhikers,USA,San Pablo
3718,Junkyard Battalion,USA,New Britain
3719,STEM Whalers,USA,New London 
3720,Cougears,USA,Miami
3721,Charger Robotics,USA,Pearl CIty
3722,Green Wave Robotics,USA,East Grand Forks
3723,TEKnights,USA,Spring Valley
3724,Mansfield Robotics,USA,Mansfield
3725,Bionic Bulldogs,USA,Lyford
3726,Thunder Cats,USA,Splendora
3727,Gadgeteers,USA,Houston
3728,Momentum,USA,Houston
3729,The Raiders,USA,Aurora
3730,Nu-Bots,USA,Dallas
3731,MoHawk Warriors,USA,houston
3732,The Raging Tornadoes,USA,Miami
3733,Kings,USA,Bowie
3734,StarBots,USA,Lake Forest
3735,VorTX,USA,Spring
3737,Roto Raptors,USA,Goldsboro
3738,xx^3 xy^2 ,USA,Yanceyville
3739,Oakbotics,Canada,London
3740,Storm Robotics,USA,Sauk Rapids
3741,CORE G IX,USA,Rio Grande City
3742,Gold Hawks,USA,Flushing
3743,Eagle Bots,USA,Salado
3744,robobulls,USA,Durham
3745,Governors,USA,Saint Paul
3746,Retribution,USA,Huntersville
3747,Chaotech,USA,Mankato
3748,Ragnarok Robotics,USA,Ellicott City
3749,Team Optix,USA,San Diego
3750,Gator Robotics,USA,Badger
3751,Tower View Robotics,USA,Red Wing
3752,Roaring Robo-Panthers,USA,Los Angeles
3753,BulahBots!,USA,Baton Rouge
3754,TrekNorth First City Robotics,USA,Bemidji
3755,Dragon Robotics,USA,Litchfield
3756,RamFerno,Canada,London
3757,Adom Ajans Robotics,Turkey,Istanbul
3758,Anonymous Robotics,USA,Bryan
3759,SMARTBOTS,USA,INGLEWOOD
3760,Robo Raccoons,USA,Bronx
3761,Sinton Robotics Team,USA,Sinton
3762,Spartans,USA,Stafford
3763,4-H WildCards,USA,Jacksonville
3764,Guardian of Greene,USA,Springfield
3765,The TerraBots,USA,St. Paul
3766,ort,Israel,bet-shean
3767,TC Titans,USA,Traverse City
3768,ASTRO DOGS,USA,Southfield
3769,Droids,USA,Detroit
3770,BlitzCreek,USA,Midland
3771,Yooper Troopers,USA,Dollar Bay
3772,DITEC ARME,USA,Kingsford
3773,Arrowhead Robotics,USA,Tecumseh
3774,RoboTeam,Israel,Ramat Hasharon
3775,NOFARIM,Israel,tiberya
3776,3W (Woodland Wildcat What-cha-ma-call-its),USA,Cartersville
3777,Bean City Bots,USA,Lima
3778,Tech Squad,USA,Corpus Christi
3779,The Hope Hoopsters,USA,Chicago
3780,Robot Unicorns,USA,Providence
3781,Cardinal Robotics,USA,Tacoma
3782,Bot-tanicals,USA,Panama City
3783,Robo Wildcats,USA,Memphis
3784,Bit by Bit Robotics Team,USA,Monett
3785,ROCK'EM SHOCK'EM ROBOTICS,USA,Yuma
3786,Chargers,USA,Kent
3787,Wild Robotocats,USA,Westport
3788,MekaMustangs,USA,Northome
3789,On Track Robotics,USA,Spokane
3790,Toxic Sushi,USA,Bradenton
3791,ATEMS,USA,Abilene
3792,Army Ants,USA,Columbia
3793,CyberTitans,USA,Frederick
3794,Prepa Tecmilenio WinT,Mexico,METEPEC
3795,Knight Owls,USA,Garland
3796,Technical Assassins,USA,Windsor
3797,Robo Dragons,USA,Bowling Green
3798,Rangers,USA,Salina
3799,Electric Fire,USA,Elmira
3800,Mustangs,USA,Kailua
3801,RAMbots 4-H Club,USA,Wenatchee
3802,✨RoboPOP✨,USA,Carrollton
3803,Lightning Robotics,USA,Miami
3804,BroncoBots,USA,League City
3805,North Spokane Yetis,USA,Spokane
3806,Tigers,USA,Prescott
3807,Overland BlazerBots,USA,Aurora
3808,Phoenix Robos,USA,Houston
3809,AcRT,USA,Columbia
3810,Pirates,USA,Magna
3811,	Chargerbots,USA,Weldon
3812,Bits & Bots,USA,Longview
3813,The Three Ring Circuits,USA,Puyallup
3814,PiBotics,USA,Florence
3815,NF Raiders,USA,Cumming
3817,Project Viking,USA,Bossier City
3818,Bloctopus Crime,USA,Metairie
3819,Roboticons,USA,Arlington
3820,Robo-Raptors,USA,Live Oak
3821,Pirabots,USA,Belfry
3822,Neon Krakens,USA,Siler City
3823,TechTamers,USA,Houston
3824,HVA RoHAWKtics,USA,Knoxville
3825,Tri-Botics,USA,Pasco
3826,"Sequim Robotics Federation ""SRF""",USA,Sequim
3827,Ort Hilmi Shafe,Israel,Acco
3828,12 Pretty Duckies,USA,Eveleth
3829,AmpAces,USA,Soddy-Daisy
3830,Hopkinsville/Christian County 4-H Robotics Team,USA,Hopkinsville
3831,Da Bears,USA,Brewster
3832,Muddrew's Crew,USA,Jackson
3833,The FIRST 3833,USA,Houston
3834,Crab-bots,USA,Port Lavaca
3835,Vulcan,Israel,Tel Aviv
3836,Titans,USA,Gadsden
3837,808 Robotics,USA,Pukalani
3838,Roc City Robotix,USA,Rochester
3839,SWOLVERINES,USA,Wadena
3840,Teens 'Nto Technology,USA,Isanti
3841,Gresham Robo Rats,USA,Gresham
3842,Shock-a-Bots,USA,Rochester
3843,ROBO RACERS,USA,Murray
3844,Kentucky Wildbots,USA,Corbin
3845,Yellow Jackets,USA,Winston-Salem
3846,The First Robotic Cardinals,USA,Staples
3847,Spectrum   -△◅,USA,Houston
3848,Bots in Shining Armour,USA,Kenyon
3849,Absolute Zero,USA,San Diego
3851,The Short Circuits,USA,Canoga Park
3853,Pridetronics,USA,Phoenix
3854,Robo Warrios,USA,Seminole
3855,The Mighty Trojans,USA,Bellingham
3856,Kingsbury Falcons,USA,Memphis
3857,McKinney Masterminds,USA,McKinney
3858,MetalStorm,USA,Greater Saint Louis
3859,Wolfpack Robotics,USA,Elk Grove
3860,Random Genetics,USA,Sunnyside
3861,Steel Talon,USA,Signal Mountain
3862,Iron Scorpion 4-H Robotics,USA,Farmington
3863,Pantherbotics,USA,Newbury Park
3864,Deus Volt,USA,Paramus
3865,Riley WildBots,USA,South Bend
3866,Blazing Eagles,USA,McClellan
3867,Timberwolves Robotics,USA,Dallas
3868,Mechanized Mustangs,USA,Paducah
3869,Tyler Lee,USA,Tyler
3870,Fighting Gobblers,USA,Broadway
3871,Trojan Robotics #3871,USA,Worthington
3872,Pan-Tech,USA,Shenandoah
3873,Broward Bulldogs,USA,Pompano Beach
3874,Lightening Wave,USA,Columbus
3875,Red Storm Robotics,USA,Kentwood
3876,Mabton LugNutz,USA,Mabton
3877,DABOT,Spain,Madrid
3878,Wildcats,USA,Kealakekua 
3879,Charter Bots,USA,Kihei
3880,Tiki Techs,USA,Kailua Kona
3881,WHEA Sharkbots,USA,Kailua Kona
3882,Lunas,USA,Lahaina
3883,Data Bits,USA,Cottage Grove
3884,Spartans #2,USA,Denver
3885,Shockers,USA,Bonne Terre
3886,More Titans,USA,Traverse City
3888,3484,USA,Marysville
3889,Leptechons,USA,Yuma
3890,Breaking Away,USA,Bloomington
3891,Rodeo Robotics,USA,Golden Valley
3892,Roboponies,USA,Mustang
3893,K-T Extinction,USA,Goldsboro
3925,Ventura Robotics,USA,Ventura
3926,MPArors,USA,Saint Paul
3927,RAW-Robotics ,USA,Weymouth
3928,Team Neutrino,USA,Ames
3929,Atomic Dragons,USA,Philadelphia
3930,SMART  Spruce Mountain Area Robotics Team,USA,Jay
3931,Cockadoodle Dominators,USA,Chickasha
3932,The Dirty Mechanics,USA,Boca Raton
3933,PrepaTec - Taman Keet,Mexico,Mexico
3934,Robats,USA,Corona
3936,RoboBlitz 3936,USA,Michigan City
3937,Breakaway,USA,Searcy
3938,Radix Robotics,USA,Miami
3939,Botetourt 4-H Robotics,USA,Troutville
3940,CyberTooth,USA,Kokomo
3941,"FRC TEAM 3941 Absolute Zero Electricity - Northern Chesapeake STEM, Inc.",USA,Aberdeen Proving Ground
3942,Northark Pioneers,USA,Harrison
3943,Bulltronics,Mexico,Monterrey
3944,All Knights,USA,Tempe
3945,"Cobratics, Inc",USA,Whites Creek
3946,Tiger Robotics,USA,Slidell
3947,The Last Crusaders,USA,Wilkinson
3948,BAWSS,USA,Lebanon
3949,d'Y Robotics,Canada,Brampton
3950,RoboGym Robotics,USA,Glen Head
3951,SUITS,USA,Honeoye
3952,Troy Robotics,USA,Fullerton
3953,ROBATS,USA,Eastvale
3954,4-H Electrotechs,USA,Emlenton
3955,4-H Gears,USA,Greensburg
3956,Itamitas,Mexico,Mexico City
3957,4-H Robo Rangers,USA,New Bethlehem
3958,Schrodinger's Cat,USA,Boston
3959,Mech Tech,USA,Somerville
3960,BEast Robotics,USA,Salt Lake City
3961,MBA Execs,USA,Memphis 
3962,Incognito Robotics,USA,Kittanning
3963,Urban Robots,USA,Milwaukee
3964,Dolphins,USA,Sanibel
3965,Sultan Robotics Team 3965,USA,Santee
3966,Gryphon Command,USA,Knoxville
3967,Trojans Robotics,USA,Chula Vista
3968,Higher Voltage,USA,Renton
3969,Phoenix,Canada,Montreal
3970,Duncan Dynamics,USA,Fresno
3971,Kai Orbus,USA,Weaverville
3972,Raider Robos,USA,Kingsport
3973,Pirate Robotics,USA,Platte City
3974,E=mCD,USA,Wyncote
3975,Les Dragons,Canada,Montreal
3976,Electric Hornets,USA,Hopkins
3977,Predateurs ,Canada,Montreal
3978,Bouledogues,Canada,Montreal
3979,Solaris,Canada,Montreal
3980,Scorpions,Canada,Montreal
3981,Loups,Canada,Montreal
3983,Bobcats,Canada,Verdun
3984,Topper Robotics,USA,Johnson City
3985,Sonic Howl,Canada,Montreal
3986,Express-O,Canada,Saint-Laurent
3987,Les Audacieux,Canada,Montréal
3988,Scarabot,Canada,Montreal
3989,Classics,Canada,Montreal
3990,Tech for Kids,Canada,Montreal
3991,KnightVision,USA,Baton Rouge
3992,Eagles Robotics Xperience,USA,Delray Beach
3993,Humanoids,USA,Newhall
3994,Goldenlions FIRST Robotics,USA,Pine Bluff
3995,Automata,USA,Redmond
3996,RIKITIK,Canada,Rimouski
3997,Screaming Chickens,USA,San Antonio
3998,Redneck Robotics,USA,Statesboro
3999,Shadetree Robotics,USA,Killeen
4000,Texsquad,USA,Corpus Christi
4001,RAMS ROBOTICS,Canada,Thornhill
4002,OSTC-SE Robotics,USA,Royal Oak
4003,TriSonics,USA,Allendale
4004,M.A.R.S. Rovers,USA,Muskegon
4005,Hostile Gato Robotics,USA,Fort Gibson
4006,CIBorgs,USA,Central Islip
4007,Les Cactus,Canada,Shawinigan
4008,Theodore Roosevelt's Disco Haircut,USA,Petersburg
4009,DNA Robotics,USA,Duluth
4010,PrepaTec - Nautilus,Mexico,Tlalpan
4011,BANANABOTS,USA,La Crosse
4012,Bad News Bots,USA,Staten Island
4013,Clockwork Mania,USA,Orlando
4014,Pixelators,USA,Stanford
4015,Jags,Canada,Mississauga
4016,Ashebots,USA,Asheville
4017,Bulldogs,USA,Lind
4018,Knight Bots,USA,Phoenix
4019,Mechanical Paradise,USA,Studio City
4020,Cyber Tribe,USA,Kingsport
4021,igKnightion,USA,Onalaska
4022,Warriors,Canada,Waterdown
4023,Buff Sci-borgs,USA,Buffalo
4024,TechnoSaints,USA,Winter Park
4025,War Eagles,USA,Corryton
4026,Decatur Robotics,USA,Decatur
4027,Centre Punch,USA,State College
4028,The Beak Squad,USA,Cincinnati
4029,SpartanBots,USA,Huntington Park
4030,NullPointerException,USA,Seattle
4031,4-H Force Team,USA,Brookville
4032,4-H Chrome Clovers,USA,Cecil
4034,Pelham πthons Team 4034,USA,Pelham
4035,Torbotix,USA,Orange
4036,Short Circuit,USA,Las Vegas
4037,Hot Springs Tronix,USA,Hot Springs
4038,Binary Robotics,USA,Bremerton
4039,MakeShift Robotics,Canada,Hamilton
4040,Grease Monkeys,USA,Jonesboro
4041,Iron Tigers,USA,Gardiner
4042,Murphy's Lawyers,USA,South China
4043,NerdHerd,USA,McMinnville
4044,SCREAMIN' EAGLES,USA,Capac
4045,Toxic Drones,USA,Fort Worth
4046,Schrodinger's Dragons,USA,Los Angeles
4047,Cyber Dogz,USA,Okland
4048,Redshift,USA,Westborough
4049,Knoch Knights Robotics,USA,Saxonburg
4050,Biohazard,USA,Chambersburg
4051,Sabin-Sharks,USA,Portland
4052,WolfTrack,USA,Fort Myers
4053,Team Ascension,USA,Gonzales
4054,The Aeronauts,USA,La Crosse
4055,NRG,USA,Winchester
4056,Chancho's Robotics,USA,Mira Loma
4057,Klamath Basin Robotics - STEAMPUNK,USA,Klamath Falls
4058,BoomBots,USA,Liberty
4059,SpareParts,USA,Eastman
4060,Bearcat Robotics,USA,Chehalis
4061,SciBorgs,USA,Pullman
4062,Électro Choc Gérald-Godin,Canada,Ste-Genevieve
4063,TriKzR4Kidz,USA,Del Rio
4064,InZombiacs,USA,Ocala
4065,Nerds of Prey,USA,Minneola
4066,MechMate,USA,Groveland
4067,The Incredible Hawk,USA,Clarksville
4068,Bearbotics,USA,Monument
4069,Lo-Ellen Robotics,Canada,Sudbury
4070,Silicon Synapse,USA,Shelbyville
4071,Diatonic Carbonites,USA,Syracuse
4072,Demon Robotics,USA,Glenwood Springs
4073,RoboKatz,USA,Myrtle Beach
4074,Shark Bytes,USA,Murrells Inlet
4075,Robo Tigers,USA,Conway
4076,Texan Robotics,USA,Justin
4077,M*A*S*H,USA,Edmonds
4078,Warriors,USA,La Puente
4079,Quantum Leap,USA,Cypress
4080,Team Reboot,USA,Tucker
4081,Metal Masters,USA,East Chicago
4082,Ranching Robots,USA,Dayton
4083,The Legendary Iron Wolverines,USA,Dorchester
4084,Nuclear Launch Detected,USA,Farmersville
4085,Technical Difficulties,USA,Reynoldsburg
4086,Team Tesla,USA,Twin Falls
4087,Voodoo Voltage,USA,New Orleans
4088,Insidious Aftershock,USA,Port Charlotte
4089,Stealth Robotics,USA,Duvall
4090,Reb Teks,USA,Fort Smith
4091,DRIFT,Dominican Republic,Santo Domingo
4092,Jackson Robotics,USA,Dutton
4093,Hardwired,USA,Orleans County
4094,The Cyber Wolves,Canada,Angus
4095,Team RoXI,USA,Milwaukee
4096,Ctrl-Z,USA,Champaign
4097,Devilbots,USA,Northampton
4098,Viking Robotics Team,USA,Bristol
4099,The Falcons,USA,Poolesville
4101,St. Francis High School,USA,200 Foothill Bl.
4102,Spartans,USA,Los Lunas
4103,Roborioles,USA,Avon
4104,Cheney Circuit Cyclone,USA,Cheney
4105,ChiefBotsFTS,USA,Moses Lake
4106,Bots of Prey,USA,Nampa
4107,Team Storm,USA,Long Beach
4108,Randolph Robotics,USA,New York
4109,Reynolds Robo Raiders,USA,Troutdale
4110,DEEP SPACE 9'ers,USA,Brookings
4111,Some Assembly Required,USA,Mesa
4112,EagleBots,USA,Cumming 
4113,IHS Robotics,USA,New Orleans
4114,Pallindrones,USA,San Jacinto
4115,Team Breaking Lights,USA,Clarksville
4116,SCC,USA,Houston
4117,Wired Up,USA,San Diego
4118,Roaring Riptide,USA,Gainesville
4119,AERO,USA,Avon
4120,Jagwires,USA,Spokane
4121,Viking  Robotics,USA,North Canton
4122,Ossining OBOTS,USA,Ossining
4123,Tribe Robotics,USA,Bellflower
4124,Integration By Parts,USA,Massena
4125,Confidential,USA,Umatilla
4126,Decepta-Kings,USA,Yuma
4127,LoggerBots,USA,Vernonia
4128,TankBots,USA,Holmdel
4129,Global Citizenship Experience High School,USA,Chicago
4130,The Blue Devils,USA,Richmond
4131,Iron Patriots,USA,Renton
4132,Scotbots,USA,Portland
4133, S2-Boltz,USA,6406 E Chelsea St
4134,RoboRams,USA,Amsterdam
4135,Iron Patriots,USA,Modesto
4136,Vulcans,USA,new orleans
4137,Wilde Lake Robotics,USA,Columbia
4138,Arc Flash,USA,Wichita Falls
4139,Easy as Pi,USA,San Diego
4140,WIRED,USA,Chino
4141,Monarch Robotics,USA,Santa Ana
4142,Shorebots,USA,Avon Lake
4143,MARS/WARS,USA,Metamora
4144,Semi con-duck-tors,USA,Inglewood
4145,WorBots,USA,Worthington
4146,Sabercats,USA,Scottsdale
4147,Vikings,Canada,Yarmouth
4148,The SWAGbots,USA,Atlanta
4149,The GLAMbots,USA,Atlanta
4150,FRobotics,USA,Murrysville
4151,SCRAP 4151,USA,Weymouth
4152,Hoya Robotics,Canada,Huntsville
4153,Project Y,USA,Los Alamos
4154,Perpetual Recursion,USA,Jefferson City
4155,SHARC,USA,Houston
4156,Ninjaneers,USA,Springfield
4157,Imaginarium,USA,Fort Myers
4158,Leilehua Robotics,USA,Wahiawa
4159,CardinalBotics,USA,San Francisco
4160,The RoBucs,USA,San Diego
4161,T-Bird TECH,USA,Yucaipa
4162,A3 BigBots,USA,New Braunfels
4163,Westlake Robotics ,USA,Atlanta
4164,Rocket Robotics,USA,Castle Rock
4165,Appalachian Automation ,USA,LOGAN
4166,Robostang,USA,Mora
4167,Aquilon,Canada,Quebec
4169,Warrior Robotics,USA,Sudbury
4170,What The FRaC,USA,Rialto
4171,BayBots,USA,Seaside
4172,Buyukcekmece  Robotic,Turkey,Istanbul
4173,Bark Bots,USA,Mount Vernon
4174,Mustang Robotics,USA,Hector
4175,Coded Summit,USA,Driggs
4176,Iron Tigers,USA,North Easton
4177,Bulldawgs,USA,Monroe
4178,MC Rocs,USA,Burley
4179,Tahisco Techs,USA,Cantonment
4180,Iron Riders,USA,Seattle
4181,Quack Attack,USA,Blackduck
4182,Viking Robotics,USA,Minneota
4183,Bit Buckets,USA,Tucson
4184,Wreck-techs,USA,Naples
4185,The Resistance,USA,Fairfield
4186,Alameda Aztechs Robotics,USA,Alameda
4187,RoboRams,USA,Mount Vernon
4188,Columbus Space Program,USA,Columbus
4189,Chargers,USA,Jefferson
4190,Hephaestus,USA,Port Richey
4191,IMC,Türkiye,Gebze
4192,Jaguar Robotics,USA,Flower Mound
4193,Raptors,USA,Austell
4195,Genesis,USA,Rome
4196,QAVTC Devils,USA,Quincy
4197,Lacoochee Cowboys,USA,Dade City
4198,RoboCats,USA,Waconia
4199,   OG,USA,hattiesburg
4200,Power Penguins,Canada,Sarnia
4201,The Vitruvian Bots,USA,El Segundo
4202,ROBOBEAR,USA,Scottsdale
4203,RoboKronos,USA,Oneonta
4205,ROBOCUBS,USA,Sedro Woolley
4206,Robo Vikes,USA,Fort Worth
4207,PyroBotics,USA,Victoria
4208,AC PATRIOTS,USA,Hastings
4209,TigerBytes,USA,Baton Rouge
4210,JagBots,USA,South Gate
4211,Psycho Tech,USA,Indianapolis
4212,Techno Ferrets,USA,Galesburg
4213,MetalCow Robotics,USA,Bloomington
4214,Robo-Flames,USA,Riverview
4215,TRIBOTS,USA,Eagan
4216,Blue Ops Robotics,USA,Jackson
4217,Scitobors,USA,Nashwauk
4218,Navigator Robotics,USA,Kapolei
4219,RED!,USA,San Antonio
4222,The Frolicking Nerds,USA,Sanford
4223,Robo-Flight-Transformer,USA,Lakeland
4224,The Robo-Rays,USA,Naples
4225,RoboCats,USA,Saint Paul
4226,Huskies,USA,Albany
4227,quarks,USA,cannon falls
4228,iRobotics,USA,Winthrop
4229,Magnetech,USA,Saint Paul
4230,TopperBots,USA,Duluth
4231,Oakville Robotics 3,USA,Saint Louis
4232,AHS Robotics,USA,Alton
4234,Bark Botz,USA,Indianapolis
4235,RoboRaiders,USA,Danielsville
4236,impulse robotics,Canada,mississauga
4237,Team Lance-A-Bot,USA,Stevensville
4238,Resistance Robotics,USA,Belgrade
4239,WARPSPEED,USA,Willmar
4240,TroTek Warriors,USA,Albany
4241,Steel Tigers,USA,Joliet
4242,Fresh T.E.C.H.,USA,Washington
4243,Excelsior!,USA,Charleston
4244,The Steel Battalion,USA,Le Sueur
4245,Robo Dragons,USA,1304 Ashe Street
4246,Resurrected Robotics,USA,Troy
4247,CougarBots,USA,Milwaukee
4248,Bits & Pieces,Canada,Whitby
4249,Tektronix,Canada,Brampton
4250,Comet-tron,Canada,Cobourg
4251,The Gallup GearHeads,USA,Gallup
4252,Cardinal Robotics,Canada,Markham
4253,Raid Zero,Chinese Taipei,Taipei
4254,Varsity Robotics,USA,Saratoga Springs
4255,Robodores,USA,Monterey
4256,Cyborg Cats,USA,Town and Country
4257,CyberDogs,USA,Aurora
4258,Thornhill Secondary School,Canada,Markham
4259,Robo Dragons,USA,Nacogdoches
4260,BEAR (Blue Earth Area Robotics),USA,Blue Earth Area
4261,Raptors,USA,North Charleston
4262,Tecmilenio - RoboHawk - 4262,Mexico,Santiago de Querétaro
4263,CyberDragon,USA,New York
4264,The Fellowship of the Springs,USA,Rogersville
4265,Secret City Wildbots,USA,Oak Ridge
4266,GhostBotics,USA,New Oxford
4267,Brave Bots,USA,Myrtle Beach
4268,Beehive Robotics,USA,Sandy
4269,CardinalBots,USA,Columbus
4270,Crusaders,USA,Honolulu
4271,Los Bandidos,USA,Austin
4272,Maverick Robotics,USA,Lafayette
4273,n/a,USA,Culpeper
4275,Western Hills RoboStangs,USA,Cincinnati
4276,Surf City Vikings,USA,Huntington Beach
4277,Thingamajiggers,USA,Minneapolis
4278,DABOT,Spain,Madrid
4279,RoboRevolution,USA,Cincinnati
4280,N-Gen,USA,Houston
4281, Bulldogs,USA,Somerset
4282,Cowboys,USA,Brownsvile
4283,INSPIRE Robotics,USA,Granville
4284,ScotBot4284,USA,Cincinnati
4285,Camo-Bots,USA,Honesdale
4286,Imperial Robotics,USA,Mechanicsville
4287,Trojans,USA,College Park
4288,Worcester Beach Bots,USA,Berlin
4289,Autobots,USA,Lewistown
4290,Bots on Wheels,USA,Charlotte
4291,AstroBots,USA,Henderson
4292,PorterBots,USA,Lockport
4293,Komodo,USA,Louviers
4294,StarTREC,USA,Lansing
4295,Hudson Stingers,USA,Lufkin
4296,Trident Robotics,USA,Gurnee
4297,WENORoBoTS,USA,Birmingham
4298,Lectric Longhorn Ranch,USA,Amarillo
4299,BCS RoboSharks,USA,Brooklyn
4300,The Lion Kings,USA,McKinney
4301,SM Energy New Tech Narcissists,USA,Odessa
4302,Robophins,USA,Chicago
4304,Iron Rams,USA,Puyallup
4306,Robokomodos,USA,Franklin
4307,Trojan Thunderbolts,Canada,180 Church St. North
4308,ABSOLUTE ROBOTICS,Canada,Mississauga
4309,4-H Botsmiths,USA,Snohomish
4310,NUKES,USA,American Fork
4311,Swampscott Currents,USA,Swampscott
4314,Springfield Urban League Abe-Ro-Bots,USA,Springfield 
4315,Falcons,USA,Dallas
4316,Trobotics,USA,Raceland
4317,Tech Busters,USA,Denton
4318,Mo-Bots,USA,Las Vegas
4319,Ladies FIRST,Israel,Beer Sheva
4320,The Joker,Israel,Petah-Tikva
4321,Vikings,USA,Jacksonville
4322,Clockwork,USA,Orange
4323,BGCircuit Breakers,USA,Columbus
4324,HTA,USA,Decatur
4325,RoboRangers,USA,Cassopolis
4326,Team Rocket,Israel,Ramat Hasharon
4327,Q Branch,USA,Battle Creek
4328,Furious Falcons,USA,Richmond
4329,Lutheran Roboteers,USA,Saint Peters
4330,Rambunction,USA,Saint Louis
4331,RoboSwag,USA,St. Louis
4332,RoboCats,USA,Edinburg
4333,Team MOSI,USA,Tampa
4334,Alberta Tech Alliance (ATA),Canada,Calgary
4335,Metallic Clouds,USA,Waco
4336,Ramageddon Robotics,USA,Lafayette
4337,Red Devil Robotics,USA,Holton
4338,Falcons,Israel,אבן יהודה
4339,Topsail FIRST Robotics,USA,Hampstead
4341,Panther Robotics,USA,Mulberry
4342,Demon Robotics,USA,Kennett Square
4343,MaxTech,Canada,Aurora
4344,SLCSE,USA,1400 W. Goodwin Ave.
4345,AutoPilots,USA,Wilmington
4346,Crimson Dragons,USA,Houston
4347,Mechanical End,USA,Paterson
4348,Bonneville Bots,USA,Tooele
4349,Viking Robotics,USA,Oklahoma City
4350,Harmony,USA,San Antonio
4351,Broncobots,USA,McKinney
4352,Generals,USA,Jacksonville
4353,Krewe de Reauxbotics,USA,Lafayette
4354,PengWINs,USA,Dallas
4355,Samurai Code - Peñoles - John Deere,Mexico,Gomez Palacio
4356,BIG Furious George,USA,Cape Girardeau
4357,Spartans,Canada,Port Hope
4358,Ollibotics,Germany,Freiburg im Breisgau
4359,North Robotics,USA,McKinney
4360,Spudnik,USA,Moorhead
4361,Roxbotix,USA,Roxbury Township
4362,Gems,USA,Brighton
4363,Unbolted Puppeteers,USA,Hancock
4364,Metal Jackets,USA,Stephenville
4365,Torch Club,USA,Hueytown
4366,Rawbotics,Mexico,Mexico
4367,Tigers,Canada,72 Joymar Drive
4368,BullBots,USA,Vicksburg
4369,Brick City Bots,USA,Sanford
4370,PROJECT X,USA,Orangeburg
4371,Prepa Tecmilenio - ART,Mexico,CUAUTITLAN IZCALLI
4372,PRDG,Canada,Cambridge
4373,RooBotics,USA,Jenkintown
4374,Roosevelt Robotics,USA,Honolulu
4375,Westend Gearbusters,USA,Ishpeming
4376,The Marauders,USA,Charlevoix
4377,Boyne City Blaze,USA,Boyne City
4378,Dark Knights,USA,El Paso
4379,Greased Lightning,USA,Weston
4380,Dynomite,USA,Detroit
4381,Twisted Devils,USA,Richland
4382,Team Trobot,USA,Saginaw
4383,The P-TECH Fly-Bots,USA,Brooklyn
4384,Benzene Bots,USA,Troy
4385,The Bryan Automatons,USA,Bryan
4386,Mecha-maniacs,USA,Brush
4387,TBD,USA,Sterling
4388,Ridgebotics,USA,Fort Collins
4389,Virtual Bot,USA,Battle Creek
4390,ATA Coregears,USA,Dearborn
4391,BraveBots,USA,Gladstone
4392,The Deceivers,USA,Brimley
4394,Team Opportunity,USA,Williamsburg
4395,Dundee Vi-Borgs,USA,Dundee
4396,Gear Grinders ,USA,Memphis
4397,TEAM Clutch Robotics,USA,Bagley
4398,Gladiators,USA,Traverse City
4400,Cerbotics - Peñoles,Mexico,TORREON
4401,CETMOV - Peñoles,Mexico,Laguna del Rey Coahuila
4402,Connectors,USA,West Plains
4403,PrepaTec - ROULT - Peñoles,Mexico,Torreon
4404,Nuts & Colts,USA,Chesterfield
4405,The Atoms Family,USA,Canton
4406,Robotic Legends,Israel,Tel Aviv
4407,Virtualosity,USA,Jackson
4408,Panthera Machina,USA,Battle Creek
4409,Ground Zero,USA,Niles
4410,Cyber Senators,USA,Orange
4411,Jiao Da Fu Zhong,China,Beijing
4412,Steel Stallions,USA,San Antonio
4413,Golden Gears Robotics,USA,Studio City
4414,HighTide,USA,Ventura
4415,EPIC Robotz,USA,Cerritos
4416,Skynet,Israel,Ramat Hasharon
4418,IMPULSE,USA,Littleton
4419,Team Rewind,USA,San Marcos
4420,Swarm Storm,USA,Torrington
4421,FORGE Robotics,Canada,Calgary
4422,Twisted Angels,USA,Richland
4423,MARS' Minions,USA,Metamora
4450,Olympia Robotics Federation,USA,Olympia
4451,ROBOTZ Garage,USA,Laurens
4452,First Noble Team,USA,Seneca
4453,The Red Hot Chili Bots,USA,Marshall
4454,SLAM Robotics,USA,Philadelphia
4455,The Burger Bots,USA,Warrensburg
4456,Mech Cadets,USA,Washington
4457,Controlled Chaotic Robotics,USA,Portland
4458,Infernobotix,USA,Center Moriches
4459,LeoTechs,USA,Lithia Springs
4460,Green MASHine,USA,West Vincent Township
4461,Ramen,USA,Des Moines
4462,Full Metal Jackets,USA,Kingston
4463,The Blaze,USA,Jonesboro
4464,Team Illusion,USA,Laurel
4465,WC4-H,USA,Youngsville
4466,Robo Hamsters,USA,Culpeper
4467,Titanium Titans,USA,Canonsburg
4468,Fernbank LINKS,USA,Atlanta
4469,R.A.I.D. (Raider Artificial Intelligence Division),USA,Federal Way
4470,TiGears,USA,Placentia
4471,SPARTRONS,USA,Hollywood
4472,SuperNOVA,USA,Woodbridge
4473,Delta Prime Robotics 4-H,USA,Richmond
4474,Silver Circuit,USA,Kingston
4475,Terrier Byte Bots,USA,Newark
4476,W.A.F.F.L.E.S.,Canada,Kingston
4477,ASMSA FIRST,USA,Hot Springs
4478,Materia Oscura,USA,Milford
4479,Hixson Wiredcats,USA,5705 Middle Valley Rd
4480,UC-Botics,USA,Upsala
4481,Team Rembrandts,Netherlands,Eindhoven
4482,ID Robotics,USA,Kalamazoo
4483,21st Century Robotics,USA,Battle Creek
4484,4-H DEADLOX,USA,Clearfield
4485,Tribe Tech Robotics,USA,Danville
4486,Blue Prints,USA,Vista
4487,Oologah,USA,Oologah
4488,Shockwave,USA,Hillsboro
4489,Cybertribe,USA,Knoxville
4490,TechRaiders,USA,Searcy
4491,Richmond Knights,Canada,Richmond
4492,Chrono,Canada,Coaticook
4493,The Red Hornet,USA,Blevins
4494,Scrapping Hornets,USA,Nashville
4495,Kittitas County Robotics/ Team Haywire,USA,Thorp
4496,Sonoran Storm Robotics,USA,Gilbert
4497,SKy-Net,Canada,Swift Current
4498,Team X,USA,Sacramento
4499,The Highlanders,USA,Fort Collins
4500,RoboHounds,USA,Clayton
4501,Humans,USA,Santa Monica
4502,The Octoπ,USA,New Braunfels
4503,Wildcats,USA,El Dorado
4504,B. C. Robotics,USA,Maryville
4505,McDonogh Robotics,USA,Owings Mills
4506,PioNerds,USA,Saint Paul
4507,TARminators,USA,Detroit
4508,Steel Stallions,USA,Schuylerville
4509,Mechanical Bulls,USA,Sugar Hill
4510,Bobcats,USA,715 North Third Street
4511,Power Amplified,USA,Plymouth
4512,Otter Chaos,USA,Everett
4513,Circuit Breakers,USA,Medical Lake
4514,Calvert STEAM Works,USA,Huntingtown
4515,Stag,Canada,Shawnigan Lake
4516,Hyperion,USA,Roswell
4517,Owl Robotics,USA,Miami
4518,Optimus Pride,Canada,Vaughan
4519,King's Robotics,Canada,Oakville
4520,Misfit Toys,USA,Rathdrum
4521,Harrison Robotics,USA,Harrison
4522,Team SCREAM,USA,Sedalia
4523,MCROBO,USA,Mayes County 
4524,Sigma 6,USA,Memphis
4525,Renaissance Robotics,Canada,St. Thomas
4526,Léoméga,Canada,Terrebonne
4527,Big Reds,USA,Milan
4528,Automatons,USA,Queens
4529,AI Robotics,Australia,Armadale
4530,D3A,USA,Jacksonville
4531,STEAMpunk,USA,Two Rivers
4532,LAN Jaguars FIRST Robotics,USA,Sherwood
4533,Phoenix,USA,Mount Pleasant
4534,Wired Wizards,USA,Wilmington
4535,PA Bruins,USA,Little Rock
4536,MinuteBots,USA,Saint Paul
4537,RoboRoos,Australia,Clovelly Park
4538,Enginuity,USA,Newport News
4539,KAOTIC Robotics,USA,Frazee
4540,OrangeLab,USA,El Cajon
4541,CAVineers,USA,Severn
4542,Titanium Talons,USA,Woodinville
4543,The Illuminators,USA,San Jose
4544,The Levitating Potatoes,USA,San Rafael
4545,GOLDEN KNIGHTS,USA,Indianapolis
4546,Shockwave,USA,Dover
4547,WestyTek Robotics,USA,Johnstown
4548,Omak FFA Wonders,USA,Omak
4549,Iron Bulls,USA,South Saint Paul
4550,Something's Bruin,USA,Englewood
4551,Robotic Rangers,USA,Chicago
4552,Robotic Tigers,USA,Slaton
4553,Patriobots,USA,Columbus
4554,Bad News Bots,USA,Knoxville
4555,Sprocketology,USA,Skowhegan
4556,TBD,USA,Riverside
4557,FullMetal Falcons,USA,Middletown
4558,TDU II,USA,New Braunfels
4559,FIRST DRaFT,USA,Redmond
4560,Gatordone,USA,Federal Way
4561,TerrorBytes,USA,Research Triangle Park
4562,Sentinel Robotics,USA,Dunnellon
4563,ECR Robotics,USA,Woodland Hills
4564,Orange Chaos,USA,Brewer
4565,Skyline Robotics,USA,Mesa
4566,TERAdactyls,USA,Suwanee
4567,The Mechanized Mafia,USA,Seaford
4568,Robot Commander,USA,North Adams
4569,Phoenix,USA,N. Las Vegas
4570,Estacado Robodors,USA,Lubbock
4571,Rambots,USA,New York
4572,Barlow Robotics,USA,Redding
4573,Rambotics,USA,South River
4574,Average Joe's,USA,Fullerton
4575,Gemini,USA,Media
4576,Red Nation Robotics,USA,Knoxville
4577,RoboFiends,USA,Vilonia
4578,CometBots,USA,Los Angeles
4579,RoboEagles,USA,Federal Way
4580,Conductors,USA,Indianapolis
4581,Rangeview Robotics,USA,Aurora
4582,Robohawks,USA,Myrtle Beach
4583,Robosaurus,USA,San Diego
4584,SentinelFox Engineering,Mexico,Mexicali
4585,Husky Robotics,USA,Midvale
4586,PRIMO,Israel,Modi'in
4587,Jersey Voltage,USA,Jersey Village
4588,LVHS Tech Club,USA,Lander
4589,AdamasBots,USA,Houston
4590,GreenBlitz,Israel,Hakfar Hayarok
4591,Hunchbacks,Canada,Calgary
4592,M3 Mighty Mechanical Mustangs,USA,Hollywood
4593,Rapid Acceleration,USA,Rapid City
4594,Phéminix,Canada,Montreal
4595,Infinity,Canada,Windsor
4596,Hackers,USA,Salt Lake City
4597,SABERBOTS,USA,Edinburg
4598,ICARUS INNOVATED,USA,Sandy
4599,Team Fortress,USA,LAND O' LAKES
4600,Tech Titans,USA,Saint Louis
4601,Circuit Birds,USA,Canfield
4602,Calgary First Nation team,Canada,Calgary
4603,Forza One - Peñoles,Mexico,Gomez Palacio 
4604,Intimitrons from Area 51,Canada,Calgary
4605,Calgary Ismaili Team ,Canada,Calgary
4606,"Team 4606, ""Larry""",Canada,Calgary
4607,C.I.S.,USA,Becker
4608,Duct Tape Warriors,USA,Tekoa
4609,Mechanicatz,USA,Pawtucket
4610,BearTecs,USA,Bastrop
4611,OZone,USA,Delaware
4612,RoboRockets,USA,oklahoma city
4613,Barker Redbacks,Australia,Sydney
4614,Purple Monkey Dishwasher,Australia,St Marys
4615,Steel Trojans,USA,Chambersburg
4616,Team Pharaohs,USA,San Diego
4617,DAUN,Canada,London
4618,Newman Robotics,Canada,Stoney Creek
4619,HawkBots,USA,Huntington Beach
4620,Tec de Monterrey Robotics,Mexico,Mexico City
4621,Yotta Robota,USA,Roswell
4622,CAT 5,USA,Land O Lakes
4623,Flyer Robotics,USA,Little Falls
4624,Rebel Alliance,USA,Owatonna
4625,Trappers,Canada,Fort McMurray
4626,Iron Centaurs,USA,Brooklyn Center
4627,Manning Robotics,Canada,Calgary
4628,Sintian Robotics,USA,West Haven
4629,Dorado Bots,USA,Tucson
4630,Robodragons,USA,Clinton
4631,Tsuu T'ina,Canada,Tssuu T'ina
4632,Monti-Pythons,USA,Monticello
4633,Bobcats,Canada,Calgary
4634,The Wolfbotz,Canada,Calgary
4635,PrepaTec - Botbusters,Mexico,Monterrey
4636,PHRD Robotics Team,Canada,Westlock
4637,BambieBotz,USA,Philadelphia
4638,Jagbots,USA,Germantown
4639,The RoboSpartans,USA,Katy
4640,Metallic Panthers 4640,USA,new york
4641,TALON Inc.,USA,Red Oak
4642,Rebels,USA,Kingsport
4643,Butte Built Bots,USA,Oroville
4644,Dragonbots,USA,Mountainburg
4645,The Chicago Style BotDogs,USA,Chicago
4646,Wildcard Robotics,USA,Polk City
4647,Vista Vortex,Canada,Tecumseh
4648,Techno-Tech,USA,Jordan
4649,HeavyMech,Israel,TEL AVIV
4650,The Vo,USA,Newark
4651,FrostBots,USA,Eyota
4652,Ironmen 2,USA,Ramsey
4653,Ironmen Robotics,USA,Ramsey
4654,Mountaineers,USA,Deming
4655,Stateline Robotics,USA,Rockton
4656,Rock Solid Robotics,USA,Two Harbors
4657,Saints Robotics,USA,Saint Croix Falls
4658,Trojanbots,USA,Albany
4659,Warriors,Canada,Mississauga
4660,----,USA,Salt Lake City
4661,Cypher,Israel,beit hashmonay
4662,Byte Sized Robotics,USA,Scappoose
4663,Cyber Tigers,USA,Belle Plaine
4664,Butler Bots,USA,Andover
4665,Predators,USA,Glencoe
4666,Robowolves,USA,Roseville
4667,Synergy ,Mexico,Cuernavaca
4668,Spartans,USA,Slidell
4669,Galileo Robotics,USA,San Francisco
4670,The Pirates,USA,San Antoino
4671,Mechaneers,USA,Pierz
4672,Youth in Black,USA,San Antonio
4673,Solar Engineering,Mexico,Mexicali
4674,RoboJacks,USA,Bemidji
4675,Eagles,USA,North Olmsted
4676,Battery Chargers,USA,Palos Hills
4677,RHHS Robotics Team,Canada,Richmond Hill
4678,CyberCavs,Canada,Breslau
4679,Dragonators,USA,San Benito
4680,AzTech Eagles,USA,Detroit
4681,Murphy's law,USA,Everett
4682,CyBears,USA,Seattle
4683,Full Metal Robotics,USA,Marysville 
4684,eSharks,USA,Yonkers
4685,Aztlavolt,Mexico,Azcapotzalco
4686,Nay Ah Shing,USA,Onamia
4687,Spartobots,USA,Orono
4688,Saints Bot,Canada,Belle River
4689,ROyal BOTS,USA,Pattison
4690,WD-40,USA,indianapolis
4691,Falcons,Canada,Mississauga
4692,Metal Mallards,USA,Toutle
4693,Talk Nerdy to Me,USA,Rockford
4694,Atomic Armadillos,USA,Amarillo
4695,Chowchilla Robotics,USA,Chowchilla
4696,RoboAzTechs,USA,el paso
4697,Tigers,USA,Globe
4698,Raider Robotics,USA,Sacramento
4699,ESCT-Flammes,Canada,Timmins
4700,Wolves,USA,Battle Creek
4701,Warriors (Team W.I.R.E.),USA,Savannah
4702,Cyberdogz,USA,Chicago
4703,Menahga Gigabot$,USA,Menahga
4704,Northern Lights Robotics,Canada,Timmins
4705,Full Metal Kats,USA,Fontana
4706,Bulls,USA,Miami
4707,FORCE,Dominican Republic,Santo Domingo
4708,G-Force,Israel,Nave Eitan
4709,Stem-azing,USA,Riverside
4710,Bot-Busters,USA,Shingle Springs
4711,The Flying Aces,USA,Camarillo
4712,TracBots,Israel,Kibbutz Neve Eitan
4713,Adom Robotics,Turkey,Istanbul
4714,The Millennium Falcons,USA,Richmond
4715,Big Bay de Noc Bear Bots,USA,Cooks
4716,Purple Raiders,Canada,Windsor
4717,Westerner Robotics,USA,Lubbock
4718,RoboPanthers,Canada,Toronto
4719,Bulldogs,Canada,Calgary
4720,R2JAG2,Canada,Calgary
4721,Tiger Bots,USA,Memphis
4722,Cyberian Soldiers,USA,Rock Hill
4723,Prepa Tecmilenio - EARTH - 4723,Mexico,Monterrey
4724,ShakedTech,Israel,Kibbutz  Sde Eliyahu
4725,GeDarcaNator,Israel,Gedera
4726,Robo Dynasty,USA,Asotin
4727,RoboFX,Canada,Ottawa
4728,ROCORI Robotics,USA,Cold Spring
4729,EMU Robotics,Australia,Sydney
4730,Terminators,USA,Albany
4731,MONARCH-E,Mexico,Morelia
4732,SWC Robotics,Canada,Thunder Bay
4733,Scarlett Robotics,Canada,Calgary
4734,The Iron Plainsmen,USA,Lubbock
4735,Prepa Tecmilenio - DEROF - Peñoles,Mexico,TORREON
4736,Temp,USA,Rancho Cucamonga
4737,Atomigators,USA,West Bloomfield
4738,Patribots,USA,San Diego
4739,Normanhurst Nitro,Australia,Normanhurst
4740,Sparta Bots,USA,Nashville
4741,WingNuts,USA,Redwood Falls
4742,JaliScience 4742,Mexico,Tlaquepaque
4743,STEAM Engine,USA,Royal Oak
4744,Ninjas,Israel,Hadera
4745,Mets Robotics,USA,little rock
4746,Tecmilenio - Alebrijes - 4746,Mexico,Monterrey
4747,Millennium Falcons,USA,Los Fresnos
4748,Bulldog (Auto)'bots,USA,Charleston
4749,Pisgah Robotics,USA,Alpharetta
4750,Bert,USA,Pennsauken
4751,Robo Warriors,Canada,Calgary
4752,Ursus Robotica,USA,Columbus
4753,Bexley Lions,USA,Bexley
4754,RoBenedicts,Canada,Sudbury
4755,M^3,USA,Ann Arbor
4757,Talos,Israel,Petach Tikva
4758,RoboBlazers,USA,Detroit
4759,Devil Robotics,Australia,Hobart
4760,Golden Eagles,USA,Indianapolis
4761,The Robockets,USA,Reading
4762,Robo-Saints,USA,St. Charles
4763,i to the Fourth Robotics,USA,Fullerton
4764,The Memphis MechWarriors,USA,Memphis
4765,PWRUP,USA,Los Altos Hills
4766,Team SCREAM Jr.,USA,Sedalia
4767,C4,USA,Shelby
4768,"Cody ""The Green Comet""",USA,Detroit
4769,Nerdvana,USA,Saint Petersburg
4770,EDW Robotics,USA,Thibodaux
4771,Match,Mexico,Morelia
4772,Optimistic Skyz,USA,Seattle
4773,Steel Horses,USA,Bronx
4774,The Drop Bears,Australia,Sydney
4775,Aztech Robotics,Mexico,Mexico City
4776,S.C.O.T.S. Bots,USA,Howell
4777,Spirit Robotics,Canada,Mississauga
4778,Stormbots,USA,Chanhassen
4779,RoboSapiens,USA,Marine City
4780,Tenacious Drones,USA,Cleveland
4781,RoboSpartans,USA,Connersville
4782,PrepaTec - Borrebots,Mexico,Hermosillo
4783,The RoboRavens,Canada,Nepean
4784,ATOM,Israel,Afula
4785,Cougar Robotics,USA,Clovis
4786,Nicolet FEAR,USA,Milwaukee
4787,Axiom,USA,Chicago
4788,Can't Control,Australia,Perth
4789,VB Electras,USA,Queens Village
4790,Yigal-Alon,Israel,Rishon Le-Zion
4791,Pandroids,USA,South Bend
4792,Desert Storm,USA,North Las Vegas
4793,OOBotics,USA,old Orchard Beach
4794,infinity,Israel,shaab
4795,Eastbots,USA,Chapel Hill
4796,Cyber Dragons,USA,Hyde Park
4797,Bryant HS,USA,Long Island City
4798,Toxic Robos,USA,Wheeler
4799,Lazbuddie Robotics,USA,Lazbuddie
4800,Rage Against the Machines,USA,Las Vegas
4801,Blacktown Boys Cybernetic Phoenix,Australia,Blacktown
4802,U.M.M (Unidentified Moving Machines),Australia,Blacktown
4803,The Superbots,USA,Canonsburg
4804,Port PiraTech,USA,Port Washington
4805,Robotic Warriors,USA,New Orleans
4806,Knights,Canada,Orleans
4807,Jag Squad,Canada,Richmond Hill
4808,Tigers,Canada,Mississauga
4809,Black Knight Robotics,USA,Marceline
4810,I AM Robot,USA,Clinton Township
4811,Majestic Eagles,USA,Madison Heights
4812,Crosby Robotics Team,USA,Waterbury
4813,NOT PAY FOR THIS TEAM,China,Shen zhen
4814,WE MARS Incubator,Canada,London
4815,ELECTROPANTHERS,USA,Center Line
4816,Gadget Girls,USA,Raleigh
4817,One Degree North,Singapore,Singapore
4818,The Herd,USA,West Fargo
4819,Flat Mountain Mechanics,USA,Mount Pleasant
4820,Huey Tlatoani,Mexico,Zapopan
4821,CyberUs,USA,Washington
4822,Bemidji LumberBots,USA,Bemidji
4823,Metal Manes,USA,Loris
4824,BerryBotics,USA,Logansport
4825,The Coltenoids,Canada,Ottawa
4826,Deceptibots,USA,Harper Woods
4827,Minerbotics,USA,Negaunee
4828,RoboEagles,USA,cary
4829,Titanium Tigers,USA,Chapel Hill
4830,ROBOT  2E,China,Shenzhen
4831,FIRST PARTICIPATE,China,Shen zhen
4832,CroBots,USA,Carencro
4833,Bangarang,USA,Orlando
4834,RoboColts,USA,Detroi
4835,Junkyard Dawgs,USA,Manistique
4836,Zai,Mexico,Chihuahua
4838,Under Currents,USA,River Rouge
4839,none,USA,Ishpeming
4840,The Panthers,USA,Redford
4841,Optimal Robotics,USA,Tucson
4842,Botrregos,Mexico,Chihuahua
4843,Mystery Science Robotics,USA,Gentry
4844,The Eagles,USA,Muskegon
4845,Lion's Pride,USA,Duluth
4846,G.I. Frost Bots,USA,Gary
4847,Techno-Logic Trojans,USA,Green Sea
4848,Black Knights,USA,Jacksonville
4849,Rock City Robots,USA,Little Rock
4850,Mr. Parks' Robotics,USA,Saint Paul
4851,JungleBots,USA,Detroit
4852,The Eliminators,USA,Shallowater
4853,RoboCats,USA,Idalou
4854,Trobots,USA,Detroit
4855,Ramageddon,USA,South Haven
4856,Brearley/Chapin Double X,USA,New York
4857,Jets,USA,Powers
4858,Leopards,USA,New Home
4859,The CyBears,USA,Byron
4860,Salesian Ironmen,USA,New Rochelle
4861,Beastbots,USA,Chapel Hill
4862,Manning Mountaineers,Canada,Calgary
4863,The Chicago Style BotPups,USA,Chicago
4864,Innovation Station,USA,Fountain Inn
4900,Magic Island Robotics,Brazil,Florianopolis
4901,Garnet Squadron,USA,Columbia
4902,The Wildebots,Canada,Burlington
4903,Mustangs,Canada,Windsor
4904,Bot-Provoking,USA,San Mateo
4905,Andromeda One,USA,Ayer
4906,The Collective,USA,Waterville
4907,Thunderstamps,Canada,St. Thomas
4908,Duxbury Dragons,USA,Duxbury
4909,Bionics,USA,Billerica
4910,East Cobb Robotics,USA,Marietta
4911,CyberKnights,USA,Seattle
4912,Panthers,USA,Chattanooga
4913,Huskyteers,USA,Anaheim
4914,Panthers,Canada,North York
4915,Spartronics,USA,Bainbridge Island
4916,H.V.L Robotics,Brazil,Gravatai
4917,Sir Lancerbot,Canada,Elmira
4918,The Roboctopi,USA,Port Townsend
4919,Team Ronin,USA,La Mesa
4920,Belle River Boltheads,Canada,Belle River
4921,KDHS HAWKTOBOTS,Canada,Harrow
4922,Tartans,Canada,Windsor
4923,LaserBots,Canada,Windsor
4924,STEM Pythons,USA,Chattanooga
4925,The Resistance,USA,Wolfeboro
4926,GalacTech,USA,Columbus
4927,Marauders,USA,Fortville
4928,Arabian Knights,United Arab Emirates,Al Ain
4929,Maroon Monsoon,USA,Haverhill
4930,Electric Mayhem,USA,Buffalo
4931,Edwardsville Tech,USA,Edwardsville
4932,Cougar Robotics,Canada,Leamington
4933,Code Green,USA,Okmulgee
4934,Gear Warriors,USA,Dallas
4935,T-Rex,USA,Charlotte
4936,Viral Vortex,Canada,Tecumseh
4937,Santa Cruz Robotics,Brazil,Santa Cruz do Sul
4938,Falcons,Canada,Windsor
4939,Allspark9,Canada,Brampton
4940,Knight Vision,Canada,Windsor
4941,RoboBibb,USA,Macon
4942,Spartech,Canada,Sherbrooke
4943,"""R Cubed""  ",Canada,Shelburne
4944,The Hi Fives,USA,Grand Junction
4945,Titanium-Wrecks,USA,Snow Hill
4946,The Alpha Dogs,Canada,Bolton
4947,Fenix,Canada,Cowansville
4948,Buccaneers,USA,Oswego
4949,Robo Panthers,USA,Riverdale
4950,Centaures,Canada,Quebec
4951,CDS Cyclones,Canada,King
4952,Les Carnicas,Canada,Magog
4953,Laser Beam,China,Shenzhen
4954,Palindrome Robotics,USA,Newark
4955,LA Tech,Canada,Lachine
4956,RoboSharks,USA,Whitehall
4957,Lynx,Canada,Montreal
4958,Robocats,USA,Langdon
4959,Staley Robotics,USA,Kansas City
4960,Polibot San Carlos,Chile,San Carlos
4961,Shock and Awe-sum,USA,Almont
4962,Knight Tech Robotics,USA,Phoenix
4963,RoboJets,USA,Washington
4964,Roosevelt Robotics,USA,Los Angeles
4965,FIRE,USA,Anderson
4966,Condor Force Robot,Chile,Santiago
4967,That ONE Team-OurNextEngineers,USA,Belmont
4968,RoboHawks,Canada,Lively
4969,Iron FeNix,USA,Virginia Beach
4970,ICE Cubed,USA,Harris
4971,River,USA,Vancouver
4972,BORUSAN ROBOTICS,Türkiye,Istanbul
4973,Gator Gears,USA,San Francisco
4974,Bluestanbul,Turkey,Buyukcekmece
4975,Team RobotISTs,Turkey,istanbul
4976,Revolt Robotics,Canada,Georgetown
4977,Iron Lion,Mexico,Monterrey
4978,Tiger Robotics,USA,Baton Rouge
4979,DevilStorm Robotics,USA,Hinsdale
4980,Canine Crusaders,USA,Kettle Falls
4981,Grifftechs,USA,Alamo
4982,Olympus Robotics,USA,Fort Wayne
4983,IronBots,USA,Mancelona
4984,Bullseye,USA,Temecula
4985,elkSPLOSION,USA,Eagar
4986,Iron Eagles,USA,Tower
4987,MegaRams,USA,Worcester
4988,Yooper Troopers,USA,Cedarville
4989,Jaguars,USA,Memphis
4990,Basement Bots,USA,Hillsborough
4991,Horsepower,USA,Bridgeville
4992,Sparbotics,Canada,Milton
4993,Molten Steel,USA,Hutchinson
4994,Kingston Robo-Cards,USA,Kingston
4995,Rockets,USA,Paradise
4996,RHS FIRST Robotics Enterprise: Team SPOT,USA,Richlands
4997,The Golden Machine,USA,Long Beach
4998,TESLA,USA,Flint
4999,Momentum,USA,Long Beach
5000,HAMMERHEADS,USA,Hingham
5001,Fast and Serious,USA,Tulsa
5002,Dragon Robotics,USA,Collierville
5003,Topperbotics,USA,Onalaska
5004,Gravity Loop,USA,Roswell
5005,Boyd-Buchanan Robotics,USA,Chattanooga
5006,Apophis,USA,Prairie Grove
5007,Phantomechanics,USA,Miami
5008,(robo)LIONS,USA,Detroit
5009,Techno Inventors of Puerto Rico,USA,Guaynabo
5010,Tiger Dynasty,USA,Fishers
5011,Desert star,Israel,Ksifa
5012,Gryffingear,USA,Palmdale
5013,Trobots,USA,Kansas City
5014,Wildcats,USA,Detroit
5015,SWAT Bots Robotics,Canada,Calgary
5016,Huntington Robotics,USA,Huntington
5017,Pirates,USA,Harbor Beach
5018,The Droids You're Looking For,USA,Winter Garden
5019,Gearbox Heroes,USA,West Salem
5020,CavBOTS,USA,Roebuck
5021,Bright Shiny Things,USA,Grand Forks
5022,Rat Rod Robotics,USA,Jonesborough
5023,Furious Disco Ninjas,USA,San Bruno
5024,Raider Robotics,Canada,London
5025,Pacific Steel,USA,San Diego
5026,Iron Panthers,USA,Burlingame
5027,Event Horizon (5027),USA,San Jose
5028,Seacoast Robotics,USA,Santa Rosa Beach
5029,Batchelor Institute,Australia,Batchelor
5030,The Second Mouse,USA,Utica
5031,Full Metal Mustangs,Canada,North York
5032,The Falcons,Canada,Mississauga
5033,Beavertronics,Canada,Dorchester
5034,River City Robotics,USA,Chattanooga
5035,eNimkii,Canada,North Bay
5036,The Robo Devils,Canada,Scarborough
5037,Panther BOTS,USA,Greenbrier
5038,MEGIDDO LIONS,Israel,Megiddo Regional Council 
5039,Irish Iron,Canada,Sarnia
5040,BoltBot,USA,Arlington
5041,CyBears,USA,West Branch
5042,Native Bots,USA,Scottsdale
5043,Challenger,USA,Peoria
5044,MBA Big Red Robots,USA,Nashville
5045,SpartaBot,USA,Memphis
5046,Jacked Up Jackets,USA,Memphis
5047,DV CONQUISTABOTS,USA,El Paso
5048,Spartronics,USA,Imlay City
5049,Minerbots,USA,Las Vegas
5050,Cow Town Robotics,USA,Carleton
5051,Fast Eddie Robotics,Canada,Port Perry
5052,The RoboLobos,USA,Cedar Park
5053,Lakers,USA,Waterford
5054,Noobum Roboticum,USA,Chicago
5055,robodogs,USA,New Orleans
5056,MegaHurtz Robotics,USA,Buchanan
5057,RoboBusters,USA,Dallas
5058,CGLA Mustang Innovators,USA,Chattanooga
5059,The Midnight Cicadas,USA,Globe
5060,IgKnight,USA,Farmington
5061,1,USA,Woodstock Academy
5062,Warriors,USA,Tuba City
5063,BuzzBots,USA,Galivants Ferry
5064,Opcom,Canada,Edmonton
5065,Knights #5065,USA,Detroit
5066,Singularity,USA,Saline
5067,Steiner Steel Storm,USA,Ann Arbor
5068,The Outsiders,USA,Detroit
5069,The Iron Giants,USA,Edwardsburg
5070,Gearnotics,USA,Houston
5071,Charger Robotics,USA,Draper
5072,Raider Robotics,USA,De Tour Village
5073,Sparks,USA,Detroit
5074,RoboMustangs,USA,Norcross
5075,RoboJackets,USA,Tombstone
5076,Richardson Stormbots,Canada,Ajax
5077,RoboCards,USA,Youngstown
5078,ROBO-KAOS,Canada,Calgary
5079,LGS,Pakistan,Lahore
5080,Robot Alchemy Manipulators ,USA,Wilmington
5081,Lumbernators,USA,Bay City
5082,Northmen Robotics,USA,Kansas City
5083,PUMAS,Canada,Edmonton
5084,Team FridgeBot,USA,Corunna
5085,LakerBots,USA,Blachly
5086,Cadillac Connectors,USA,Cadillac
5087,Marsden High School,Australia,West Ryde
5088,Engadine Robots,USA,Engadine
5089,Robo-Nerds,USA,Los Angeles
5090,TorqueNados,USA,Trenton
5091,Squirrels,Canada,Toronto
5092,Titanium Tigers,Canada,North York
5093,Tech-Sets,Mexico,Culiacan
5094,Blizzard,Canada,Brampton
5095,RoBeauce,Canada,Saint-Georges
5096,The Teutonic Force,USA,Germantown
5097,Phantom,USA,Folsom
5098,STING - R,USA,Kansas City
5099,Northport Robotics,USA,Northport
5100,Romanoid,USA,Los Angeles
5101,Braves,USA,San Carlos
5102,The Underbots,USA,Santa Maria
5103,MECH&Cheese,USA,New Braunfels
5104,BreakerBots,USA,Pacific Grove
5105,PioTech,USA,Wayne
5106,High Impact Technologies,USA,Sunderland
5107,The Neurotoxins,USA,Upland
5108,Can-O-Bolts,USA,Jacksonville
5109,Gladiator Robotics,USA,Johns Creek
5110,Roboherd,USA,Elk Rapids
5111,SaxonBots,USA,Spokane
5112,The Gongoliers,USA,Foster and Glocester 
5113,Combustible Lemons,USA,Moorestown
5114,Titanium Tigers,USA,Fenton
5115,Knight Riders,USA,Silver Spring
5116,Silicon Claymore,Canada,Calgary
5117,Comets,Canada,Calgary
5118,Kainai High School K-Bots,Canada,Cardston
5119,Team STEAM,USA,Lawrence
5120,Robo-Jags,USA,Little Rock
5121,Trobots,USA,Riverside
5122,robOTies,USA,Old Town
5123,Mechadogs,USA,Yonkers
5124,West Torrance Robotics,USA,Torrance
5125,Hawks on the Horizon,USA,Chicago
5126,Electromagnetic Panthers (EMP),USA,Riverside
5127,Red Hurricane,China,Shenyang
5128,Shenzhen Middle School Team,China,shenzhen
5129,Digital Devils,USA,Plainville
5130,Undercogs,USA,LIttle River
5131,Rockets Robots2014,USA,Auburn
5132,RoboClovers,USA,Winder
5133,PrepaTec - Blue Steel,Mexico,AGUASCALIENTES
5134,RoboWolves,USA,Clovis
5135,Black Unicorns,Israel,Yehud
5136,MechaPirates,USA,Solvang
5137,Iron Kodiaks,USA,San Marcos
5138,Maine East FIRST,USA,Park Ridge
5139,Nellis Eagles,USA,Las Vegas
5140,Systematic Targeting Of Robotic Mayhem (S.T.O.R.M.),Canada,Edmonton
5141,GRIFFINITE,USA,Kansas City
5142,RoboDominators,USA,New Haven
5143,Raw Steel,USA,Coleraine
5144,LISD TECHnicians,USA,Adrian
5145,WolfBotics,USA,Gainesville
5146,Rusty Knights,USA,Hebron
5147,Hornets,USA,Fulton
5148,New Berlin Blitz,USA,New Berlin
5149,TroyBotics,USA,Albany
5150,Hybrid Hornets,USA,Flint
5151,RoboTitans,USA,bronx
5152,Alotobots,USA,Otsego
5153,EAST at HHS,USA,Huntsville
5154,Dolphins,USA,Gulf Shores
5155,Bearcats,USA,Ubly
5156,Laker Battleships,USA,Pigeon
5157,Roboprime Cardinals,Canada,Sudbury
5158,Richmond Hill,Canada,Richmond Hill
5159,Bengal Robotics,USA,Salt Lake City
5160,Chargers,USA,Cary
5161,Trojan Technicians,USA,Plainwell
5162,The Big Red Theory,USA,Big Rapids
5163,The Aluminum Warriors,USA,Hopkinton
5164,Robusters,Canada,Sudbury
5165,Yangtze,China,Wuhan
5166,Fabricators,USA,Freeland
5167,Vi-Bots,USA,Marysville
5168,Guardian Angels,USA,New Orleans
5169,The Armadillos ,USA,Senatobia
5170,Bobcats,USA,Gainesville
5171,Deus Ex Machina,USA,Monterey
5172,Gators,USA,Greenbush
5173,Fennville RoboHawks,USA,Fennville
5174,Enterprise ,Israel,Naura
5175,Purple People Eaters,USA,Pickford
5176,RoboBills,USA,Saint Louis
5177,Hatchets,USA,200 North Barrie Rd
5178,The Nerdy Birds,USA,Farmington
5179,Les Sénateurs,Canada,Drummondville
5180,Metal Heads,USA,Blythewood
5181,Explorer Robotics,USA,Wyndmoor
5182,Chieftainators,USA,Dowagiac
5183,Devil Bots,USA,Gaylord
5184,TITANICS,Canada,Edmonton
5185,Dial-Up Grizzlies,Canada,Airdrie
5186,Cybears,USA,Antioch
5187,TEAM ON IT,USA,Miami
5188,Area 5188: Classified Robotics,USA,Terre Haute
5189,Team K.I.S.S.,USA,Kansas City
5190,Falcon Fury,USA,Cary
5191,LANCERobotics,Canada,Sudbury
5192,Toros,USA,Benton Harbor
5193,Pantheon,USA,Saginaw
5194,Gobles Voltage,USA,Gobles
5195,The Renegade,USA,Wynne
5196,Breaking Bot,USA,Pompano Beach
5197,Northwestern High,USA,Detroit
5198,Knight Tech,USA,Grants Pass
5199,Robot Dolphins From Outer Space,USA,Mission Viejo
5200,Alchesay Falcon,USA,Whiteriver
5201,North Branch Bad News Broncos,USA,North Branch
5202,NewRo Bots,USA,New Rochelle
5203,Volatile Chaos Inhibitors,USA,Sanford
5204,Robocats,USA,Three Rivers
5205,FullMetal-Jackets,USA,Concord
5206,A's Gurias,Brazil,Gravatai
5207,Coolidge Robotics,USA,Coolidge
5208,TALON Robotics,USA,Turlock
5209,Rectify,USA,San Diego
5210,Milpitas Xtreme Robotics,USA,Milpitas
5211,Tuiuteam,Brazil,Gravatai
5212,TAMSformers Robotics,USA,Denton
5213,St. Ignace SHIELD,USA,Saint Ignace
5214,The Mighty CavBots,USA,Rochester
5215,Steagles 5215,USA,Frankenmuth
5216,E-Ville Empire,USA,Essexville
5217,Robocats,USA,Dearborn
5218,System Overload,USA,Yuma
5219,TeknoSquad 5219,USA,Douglasville
5220,Rockets,USA,Westland
5221,Project Freelance,Canada,Windsor
5222,JackBotics,USA,Saginaw
5223,Hillman Gearheads,USA,Hillman
5224,Panther Power,USA,Standish
5225,The Shambotz,USA,Eastpointe
5226,Syn. Surgers,USA,Flint
5227,Eagle Elite,USA,Schoolcraft
5228,Astros,Canada,Calgary
5229,Heritage Hawkbots,USA,Saginaw
5230,The Resistance,USA,Alpena 
5231,The Radical Jays,USA,Shepherd
5232,Talons,USA,Hermantown
5233,Golden Eagles,USA,Brooklyn
5234,Marauder Bots,USA,Elsie
5235,Gears of Fortune,USA,Chesaning
5236,Man O' War Robotics,USA,Cambridge
5237,Bears,USA,Wyandotte
5238,Falconators,USA,Otisville
5239,The Royal Stags,USA,Harper Woods
5240,Udder Chaos,USA,Potsdam
5241,Tribe Tech FRC,USA,San Antonio
5242,⚙️ RoboCats ⚙️,USA,Dallas
5243,Aegis,USA,Clifton
5244,LNHS,USA,Kalamazoo
5245,Warriors,USA,Grass Lake
5246,Tech Tribe,USA,Hartford
5247,Red Devil Robotics,USA,East Jordan
5248,Robo-Saxons,USA,Hastings
5249,Revere Robotics,USA,Richfield
5250,Kinetic,USA,Sacramento
5251,C3 WAYbots,USA,Flint
5252,Cyber Tigers,USA,Detroit
5253,Bigfork Backwoods Bots 5253,USA,Bigfork
5254,HYPE,USA,Trumansburg
5255,Robotic Tigers,USA,Muskegon
5256,Atomics,USA,Lake Odessa
5257,CometKaze,USA,Coleman
5258,Flyers,USA,Romeoville
5259,Magic Smoke,USA,Jacksonville
5260,Owosso Robotics,USA,Owosso
5261,Cyber Shock,USA,Houston
5262,Robotum Manus,USA,Cullman
5263,Robo-Bucs,USA,Riverview
5264,The Integers,USA,Jamaica
5265,Radical Impact,USA,Portland
5267,Cougar,Canada,Toronto
5268,The BioMech Falcons,USA,Olathe
5269,Sonic Sci-borgs,USA,Silver Spring
5270,KULTUR LISESI,Turkey,ISTANBUL
5271,Open Circuits,USA,Saint Paul
5272,Argobots,USA,Van
5273,desert robot,Israel,Kuseyfe
5274,Wolverine Robotics,USA,Sacramento
5275,T.I.M.E.-Bots,USA,New Prague
5276,Edgar Allan Ohms,USA,Tampa
5277,Rowville SC,Australia,Rowville
5278,Los Clasicos,USA,Minneapolis
5279,Bionic Eagles,USA,Altavista
5280,Shockers,Canada,Calgary
5281,PyroNinjas,USA,Fort Walton Beach
5282,Railroader Robotics,USA,Durand
5283,Torque,USA,Tampa
5284,The Monarchs,USA,Wilmington
5285,Sea Kings Robotics,USA,Palos Verdes Estates
5286,Trojonix,USA,Saco
5287,FLARE,USA,Orange
5288,Spartan Robotics,Canada,London
5289,Medabots,USA,New York City
5290,Mechanical Howl,USA,Forest Lake
5291,Emperius,Israel,Eilat
5292,Cougar-Tron Squad,Canada,Grassland
5293,Metal Crusaders,USA,Duluth
5294,Industrial Revolution,USA,Providence/Pawtucket
5295,Aldernating Current,USA,Shelton
5296,Iron Falcons,Canada,Calgary
5297,BOLTZAP,China,Guangzhou
5298,E-TECH CHARGERS,USA,Astoria
5299,Winger Tech,USA,Red Wing
5300,Mustangs,USA,Clio
5301,RBT,China,CHUANGCHUN
5302,Transformers,China,DALIAN
5303,Power Train,China,ZhengZhou
5304,Stone,China,CHUANGCHUN
5305,Yangtze Wuhan,China,Wuhan
5306,R2,China,CHONGQING
5307,Mechanical Dragon,China,SHEN ZHEN
5308,Wuhan Yangtze,China,Wuhan
5309,Robbery,China,chuangchun
5310,Mecha Ravens,USA,East Orange
5311,Colombian Space Stars,Colombia,Bogota
5312,Lobotics - Peñoles,Mexico,Torreon
5313,CIBERBOTS,Mexico,Toluca
5314,Ice Bots,USA,Pellston
5315,Panther Robot,USA,Peyton
5316,The Architects,USA,Saranac
5317,@RedhawkRobotics,USA,Blythewood
5318,DigiDigger,USA,Lead
5320,Cyber Hornets,USA,Lorenzo
5321,Medicengineers,Turkey,Buyukcekmece
5322,Southern River,Australia,Gosnels
5323,Mechanized Mayhem,USA,Chesapeake
5324,Hawks,Canada,Haliburton
5325,Hurricanes,USA,Marrero
5326,Optimus PRIN,USA,St. Louis
5327,Griffin Robotics,USA,Winnsboro
5328,APCR,Kazakhstan,Astana
5329,Agents of S(A^3)S,USA,Miami
5330,CBTIS 001 FRESNILLO,Mexico,FRESNILLO
5331,Lightning Bots,Australia,Sydney
5332,Toaster Tech,USA,Decatur
5333,Can't C#,Australia,Perth
5334,BUHOS77,Mexico,LEÓN
5335,Falcons,USA,Pembroke Pines
5336,Longhorn ,USA,Suwanee
5337,Real Steel,USA,Conway
5338,RoboLoCo,USA,Leesburg
5339,Hurricanes,USA,Houston
5340,FAIRmingos,USA,Minneapolis
5341,The Cardinals,USA,Faribault
5342,The Greyhounds,USA,TAFT
5343,Environmental Charter High School,USA,Lawndale
5344,Rhinos,Mexico,Mexico
5345,BOLTS,USA,West Valley City
5346,Atlas Engineering,USA,Perry
5347,Gryphons,USA,Weston
5348,Charger Robotics,USA,Cokato
5349,RoboEagles,USA,Central Square
5350,Hope Robotics,USA,Chicago
5351,T-STEM Robotics,USA,El Paso
5352,Controlled Chaos,USA,Freeland
5353,LoCo Raptors,USA,Leesburg
5400,WARP,USA,Worcester
5401,Fightin' Robotic Owls,USA,Bensalem
5402,Wreckless Robotics,USA,Loganpsport/Walton
5403,Aluminosity,USA,Bedford
5404,Gearaffes,USA,Lansdale
5405,Red Bank High School,USA,Chattanooga
5406,Celt-X,Canada,Hamilton
5407,Wolfpack Robotics,USA,Conshohocken
5408,Kennedy Kinetics,Canada,Windsor
5409,Chargers,Canada,Oakville
5410,Eaglebotics,USA,Coconut Creek
5411,RoboTalons,USA,Prosper
5412,Impossible Robotics,Netherlands,Muntendam
5413,Stellar Robotics,USA,Shelby
5414,Pearadox,USA,Pearland
5415,Bears,Mexico,Mexico City
5416,TaRDIS,USA,Katy
5417,Eagle Robotics,USA,Allen
5418,The Sonic Screwdrivers,USA,Hubbard
5419,Berkelium,USA,Berkeley
5420,Velocity,USA,Salem
5421,BirchBots,USA,New York
5422,Stormgears,USA,Westford
5423,HopCo  Robo,USA,Madisonville
5424,Rogue Robots,USA,Midland
5425,RVA Coder Collective,USA,Richmond
5426,E.J. Lajeunesse,Canada,Windsor
5427,Steel Talons,USA,Katy
5428,Breaking Bots,Canada,Markham
5429,Black Knights,USA,Las Vegas
5430,Pirate Robolution,USA,Pittsburg
5431,Titan Robotics,USA,Plano
5432,AutoPilots,USA,Wilmington
5433,Blinding Light,USA,Webster
5434,Falcon Robotics,USA,Faribault
5435,RoboMomoTrufflez,USA,Hamilton
5436,Cyber Cats,USA,Rochester Hills
5437,Rocky Balboabots,USA,Booneville
5438,Technological Terrors,USA,Jersey City
5439,Huskies,Canada,Québec
5440,Les Chevaliers,Canada,Quebec
5441,Arsenal,Canada,Mascouche
5442,Mechanical Monarchy,USA,Washington
5443,Les PATenteux,Canada,Montreal
5444,VObotik,Canada,Trois-Rivières
5445,Rushing Peacock,China,Kunming
5446,Pink Detectives,USA,Apex
5447,Team Robotica,USA,Sebewaing
5448,The Dancing Bots,USA,Big Rapids
5449,Prototype,China,Beijing
5450,SHREC 5450,USA,Saint Helens
5451,Supernova,China,Beijing
5452,Aurora Robot,China,quanzhou
5453,RED COMET,China,Shenzhen
5454,Obsidian,USA,Bentonville
5455,shenzhen pingshan high school ,China,shenzhen
5456,hua nan shi fan da xue fushu zhong xue,China,guangzhou
5457,Falcobots,USA,Burlington
5458,Digital Minds,USA,Woodland
5459,Ipswich TIGERS,USA,Ipswich
5460,Strike Zone,USA,Lapeer
5461,Victorian Engineered Robotic Nation or V.E.R.N.,USA,Meridian
5462,2Paw Robotics,USA,Paw Paw
5463,Iron Eagles,USA,Las Vegas
5464,Bluejacket Robotics,USA,Cambridge
5465,Binary Bots,USA,Chandler
5466,Shanghai Xiang Ming High School Of China,China,Shanghai
5467,RoboTractors,USA,Dearborn
5468,Chaos Theory,USA,Bend
5469,FLARE,USA,Orange
5470,The Cowpunchers,USA,Coopersville
5471,W.Hi.R.R.,USA,Winthrop
5472,The Wyld Stallyns,USA,Delray Beach
5473,Team Spitfire.,USA,Grand Rapids
5474,Clairemonster,USA,San Diego
5475,Thunder,USA,Phoenix
5476,Y Bridge 4H,USA,Galena
5477,NuBotX - National University Academy Robotics Experience,USA,San Diego
5478,Pershing Doughbots,USA,Detroit
5479,Cafe Bot,USA,St. Louis
5480,FYRE,USA,Reno
5481,Bristol Bots,USA,Bristolville
5482,Roarbotics,USA,Atlanta
5483,GD-Bots,Canada,London
5484,Career Academy Robotics - Wolf Pack,USA,South Bend
5485,Manual T-Bots,USA,Denver
5486,Robotic Turmoil,USA,Lake Linden
5487,Tiger Robotics,USA,Caro
5488,Baronbotix,USA,Chula Vista
5489,CSI Golden Eagle Robotics,USA,Twin Falls
5490,The Dark Byte,USA,Bethlehem
5491,Hard Reset,USA,Winchendon
5492,Winner's Circle Robo Jockey's,USA,Louisville
5493,SMAbotics,USA,Englewood
5494,Bizarbots Robotics,USA,Holbrook
5495,Aluminati,USA,Snohomish
5496,Robo Knights,USA,Vacaville
5497,Foxes,USA,Silverton
5498,The Wired Devils,USA,Grosse Ile
5499,Bearium,USA,Berkeley
5500,Jaguars Robotics & ROVs,USA,Long Beach
5501,Bobcats,USA,Burr Oak
5502,Cobrots,USA,Jonesville
5503,Smithville Tiger Trons,USA,Smithville
5504,The Loose Connections,USA,Pinconning 
5505,V2 - Volts Squared,USA,Alpena
5506,Midcoast MAINEiacs Robotics Team,USA,Searsport
5507,Robotic Eagles,USA,San Francisco
5508,Wolfbots,USA,Knoxville
5509,Like a Boss,USA,Midland
5510,The Da Vinci Coders,USA,Los Angeles
5511,Cortechs Robotics,USA,Cary
5512,Pizza Mecánica,Chile,Recoleta
5513,Monroe Robotics,USA,North Hills
5514,MavBots,USA,Carlsbad
5515,Blue Power Robotics,China,Shanghai
5516,Iron Maple,China,Shenzhen
5517,The Engineers on Fire,USA,Flint
5518,Techno Wolves,USA,Raleigh
5519,LASS Robotics,Canada,Brampton
5520,Duck and Cover,USA,Henrico
5521,WOLF TEAM ROBOTICS,Colombia,SOPO
5522,Stargazer,China,Shenzhen 
5523,Redneck RoboWarriors,USA,Grass Lake
5524,MacroProcessors,USA,Birch Run
5525,Alcona Tool Cats,USA,Harrisville
5526,Type C - Peñoles,Mexico,TORREON
5527,Cyber Phoenix,USA,Flint
5528,Ultime,Canada,Trois-Rivieres
5529,Visalia Vanquishers,USA,Visalia
5530,Greenhills Lawnmowers,USA,Ann Arbor
5531,Orange Crush,USA,Dearborn
5532,The Panther Bots,USA,Detroit
5533,Electric Horse Power,USA,Clio
5534,Onaway Onabots,USA,Onaway
5535,Bionic Bison,USA,New Buffalo
5536,Titan Alliance,USA,Albany
5537,Dia and the Brobots feat. J-Kwelin,USA,Fairfield
5538,Vikingbots,USA,Saginaw
5539,DVHS Cyborgs,USA,Tucson
5540,Lincoln High School Tigers,USA,Los Angeles
5541,Shakopee Sabers,USA,Shakopee
5542,RoboHerd,USA,Buffalo
5543,M.I.N.T.T.Z - Mechanically Insane Nerdy Tech Teenz,USA,Greensboro
5544,SWIFT Robotics,USA,Vass
5545,PiedmontSTEM,USA,concord
5546,⚒️ A.R.T. ⚒️,USA,Petersburg
5547,The Talons,USA,Hale
5548,Psi Factor,USA,Yukon
5549,Gryphon Robotics,USA,Falls Church
5550,BRONChO BOTS,USA,Bethany
5551,Harding Revolution,USA,Memphis
5552,SENSORED,USA,Green Bay
5553,Robo'Lyon,France,Neuville-sur-Saône
5554,The Poros Robotics,Israel,Netanya
5555,Spartans,USA,Warren
5556,Carriagetown Robotics,USA,Amesbury
5557,BB-R8ERS,USA,Pinecrest
5558,Ad Astra,Turkey,Bursa
5559,Gear Grinders,USA,Camden
5560,Central Lake Trobotics,USA,Central Lake
5561,Raider Robotics,USA,Flushing
5562,AnchorBots,USA,Maple City
5563,Phalanx,USA,Lynn
5564,GRANBOTS,Australia,Granville
5565,Auburn Girls,Australia,Auburn
5566,Sugar Rush,USA,Sugar Land 
5567,Code Red Robotics,USA,Milan
5568,Solid Rock,USA,Bentonville
5569,Tech Titans,USA,Washington
5570,Ookpik,Canada,Montreal
5571,RATCHET,USA,Knoxville
5572,Rosbots,USA,San Antonio
5573,Ivanhoe,Australia,Ivanhoe
5574,P.A.N.T.H.E.R.S.,USA,Grand Rapids
5575,SHOCK,USA,Boyne Falls
5576,Team Terminator,USA,Spirit Lake
5577,Kinematic Wolves,USA,Detroit
5578,Metro Mechanical Monsters,USA,Oklahoma City
5579,Trojanbots,USA,Albany
5580,BRAEZEN KNIGHTS,Canada,Toronto
5581,Hornets,Canada,Brampton
5582,Rex Machina,USA,Sharpsburg
5583,SistamatiK,USA,Saint Louis
5584,ICRobotics,Australia,Wantirna South
5585,"Blood, Sweat & Gears",USA,Edmeston
5586,Bond Brigade,USA,Kiel
5587,Titan Robotics,USA,Alexandria
5588,Reign Robotics,USA,Seattle
5589,Red Devils,Canada,Woodstock
5590,Alumiboti,USA,Buffalo
5591,Manta Mechanics,USA,Miami
5592,Far North Robotics,Australia,Cairns
5593,Devil Robotics,Australia,Hobart
5594,GI Joz,USA,Toccoa
5595,NRHS TigerBytes,USA,New Richmond
5596,Wolverine Robotics,Canada,Toronto
5597,RoboMaidens,Canada,Fort Mcmurray
5598,sjmp,Canada,toronto
5599,The Sentinels,USA,Bayside
5600,Taiyuan Beijing Team,China,Beijing
5601,Semia Team 1,China,Shanghai
5602,STEMLAB® SCHOOL,China,suzhou
5603,The WarriorBots,USA,Auburn
5604,Feixueqingzang,China,Xi'ning
5605,Team DaoZu,China,Qingdao
5606,Blue Hurricane,China,Shenyang
5607,Team Firewall,USA,Wake Forest
5608,Lassiter Robotics,USA,Marietta
5609,COOL School,USA,Gladwin
5610,Turbulence,USA,Saugatuck
5611,Neon Tigers,USA,Verden
5612,Robo-Raptors,USA,Burton
5613,ThunderDogs,USA,Alamogordo
5614,Team Sycamore,Israel,HOLON
5615,Miners RC,Canada,Fort McMurray
5616,Green Machine,USA,Fort Walton Beach
5617,Northern Lights,Canada,Fort McMurray
5618,PLS,Canada,Plessisville
5619,RoboJags,USA,Detroit
5620,Community Team 1,Canada,Calgary
5621,Cyberian Huskies,USA,Edmond
5622,Robo Hornets,USA,Stanton
5623,Robotic Rams,USA,Augusta
5624,TIGER TECH Robotics,USA,South Plainfield
5625,TrojanBots,USA,Wailuku
5626,Nu-matic Ninjas,USA,Norwood Young America
5627,πrtz (Pi-rates),USA,San Diego
5628,cyborg chakra,USA,Jacksonville
5629,Community Team 2,Canada,Calgary
5630,The Nomads,Canada,Calgary
5631,SpartanDroids,Canada,Guelph
5632,The Asimovians,USA,Appling
5633,Hyde Cyber Wolves,USA,Bath
5634,Jesterminators,USA,Lakewood
5635,Demacia,Israel,Ness Ziona
5636,Moona,Israel,Majd el Kurum
5637,North Community High School Polars,USA,Minneapolis
5638,JukeBots,USA,Madison
5639,Loose Wires,USA,Pharr
5640,Pegasus Robotics,USA,Philadelphia
5641,Byron Robotics,USA,Byron
5642,Mumford Mechanical Mustangs,USA,Detroit
5643,TBD,USA,Richmond
5644,FHS ,USA,Fairfield
5645,Community Team 4,Canada,Calgary
5646,Spider-Bots,USA,Tampa
5647,BadgerBots,USA,Los Angeles
5648,Melbourne RoboCats 5648,Australia,Burwood East
5649,The Pithons,Kingdom,London
5650,Carbonite Crusaders,USA,Macomb
5651,Maynard Jackson RoboJags,USA,Atlanta
5652,Eagles,Canada,Ottawa
5653,Iron Mosquitos,USA,Babbitt
5654,Phoenix,Israel,Arad
5655,KelRot,Türkiye,Istanbul
5656,Panther-bots,USA,Cabot
5657,Rawhide Robotics,USA,Lusk
5658,STORMBOTICS,USA,Stephen-Argyle
5659,Team Supreme,USA,Bridgehampton
5660,Symmetrical Chaos,USA,Burton
5661,RoboCards,USA,Whittemore
5662,Cardinal Commanders,USA,Dryden
5663,Ground Control,Australia,Perth
5664,Big Red Robotics,USA,Muskegon
5665,FENERBAHÇE DOGUS SPARC,Türkiye,ISTANBUL
5666,Purple Lightning,USA,Trenton
5667,The Digital Eagles,USA,New Albany
5668,NHHS1,Canada,Bancroft
5669,Techmen,USA,Rosemead
5670,Al-Hayah,Israel,Jerusalem
5671,"ROBIN, Robótica Inemita",Colombia,Medellín
5672,First Nations-STEM,Canada,Wiikwemkoong
5673,CougBorgs,USA,Detroit
5674,The Gearhounds,USA,Eaton Rapids
5675,WiredCats,USA,Mattawan
5676,The H.E.R.O.E.S,USA,Hillsdale
5677,The Subatomic Smarticles,USA,San Jose
5678,Knightrise,USA,Valley Glen
5679,Girls on Fire,USA,Winston-Salem
5680,KYS Robotics,Canada,Toronto
5681,Dragonbots,USA,San Antonio
5682,Equus Engineering,USA,Mesquite
5683,R.A.V.E.N.,USA,Auburn
5684,Titans of Tech,USA,Hamilton
5685,Robo Terriers,USA,Litchfield
5686,Wirecats,USA,Simsbury
5687,The Outliers,USA,Portland
5688,Robo Cats,USA,Pittsford
5689,CK Cyber Pack,Canada,Chatham
5690,SubZero Robotics,USA,Esko
5691,Team Tiger,USA,Memphis
5692,ChiefBots,USA,Cheboygan
5693,Springport High School,USA,Springport
5694,Hamady Hawks,USA,Flint
5695,Heavy Duty Eagles,USA,Redford
5696,Prepa Tecmilenio - Faraday,Mexico,Villahermosa
5697,Bearcats,USA,Bridgeport
5698,Raider Robotics,USA,Decatur
5699,Robo Sapiens,Canada,Toronto
5700,SOTA Cyberdragons,USA,San Francisco
5701,RAIJINbotics,Japan,Machida
5702,Robotowatomi,USA,Wilson
5703,Eagles Crew,USA,Midland
5704,Weird & Wired,USA,Lansing
5705,DESERT EAGLES - JOHN DEERE,Mexico,Torreón
5706,Tahquamenon Phenomenon,USA,Newberry
5707,Roseville High School Robotics,USA,Roseville
5708,Zebrotics,USA,Ann Arbor
5709,Rudyard Nerf Herders,USA,Rudyard
5710,The O-Bots,USA,Charlotte
5711,Battling Bathers,USA,Mt. Clemens
5712,Hemlock's Gray Matter,USA,Hemlock
5713,Beecher Cyber Bucs,USA,Mount Morris
5714,F.R.O.G.S,USA,Brimley
5715,DRC,Israel,Dabburiya
5716,PrepaTec - Keybot,Mexico,PACHUCA
5717,Sasquach,USA,Soddy Daisy
5718,Campion Bears,Canada,Brampton
5719,Pink Titans,Canada,Scarborough
5720,Jagobotics,USA,Hinckley
5721,Wolf Pack,USA,Newark
5722,Plutonium Panthers 5722,USA,Inlet Beach
5723,Robert Land Academy,Canada,Wellandport
5724,Spartan Robotics,USA,Salem
5725,Cerberus,Canada,Lethbridge
5726,RHUMBOTZ,USA,San Antonio
5727,Omegabytes,USA,Forest City
5728,MC2,USA,Santa Rosa
5729,MAD Dragons,USA,De Witt
5730,The Professionals,USA,Monett
5731,Tiny Giants,Australia,Yanco
5732,ROBOTIGERS,USA,Bloomfield
5733,NGeek,USA,Philadelphia
5734,RoboReign,USA,Augusta
5735,Control Freaks,USA,Wayland
5736,Kingsmen Robotics,USA,Kings Park
5737,Mars Style,China,Beijing
5738,warriors,USA,Central Falls
5739,Crestbots,USA,Dallas
5740,Trojanators,USA,Cranberry Township
5741,Coyotes,USA,Alice
5742,Gators,Canada,Langley
5743,Robo-Wolves,USA,Jacksonville
5744,RoboRunners,USA,Knoxville
5745,Gearheads,USA,Three Oaks
5746,Human Error,USA,Deep River
5747,Athena,Israel,Beer Sheva
5748,Adna Pirate Robotics,USA,Adna
5749,Tokyo Technical Samurai,Japan,"Aoki,Kawaguchi-shi"
5750,Martian Mechanics,Mexico,Naucalpan
5751,Myerbott,USA,Deep River
5752,Bevbotics,USA,Beverly
5753,St. Joseph Academy Flashes,USA,St. Augustine
5754,Brooks Academy Robotics,USA,San Antonio
5755,Central Catholic Robotics,USA,San Antonio
5756,REC'in Crew,USA,Detroit
5757,Eagletrons,USA,Orchard Lake
5758,C-Bots,USA,Saint Louis
5759,TroBotics,Canada,Brampton
5760,The Marinators,USA,Marina
5761,Illawarra,Australia,Cordeaux Heights
5762,FranklinBots - TEAM HYDRA,USA,Franklinton
5763,Lightning Robotics,USA,Broomfield
5764,Grasshopper Bots,USA,Loch Sheldrake
5765,ToroBots,USA,Los Angeles
5766,ET Robotics,USA,Hawthorn
5767,VPE and Veritas Robotics,USA,Duluth
5768,Leuzinger Resistors,USA,Lawndale
5769,Radio Rangers R^2,USA,Santa Fe
5770,ReMIT ,USA,Inglewood
5771,Marfa Robohorns,USA,Marfa
5772,The Mighty Morphin Power Bots,USA,Los Angeles 
5773,YAFL Mechatronics,Türkiye,BEYLIKDUZU
5774,Maximum Overload,USA,Flint
5775,CRHS RoboCats,USA,Malakoff
5776,Phoenix,Canada,Toronto
5777,Static Storm,USA,Sumter
5778,The Power-Struck Girls,USA,Marrero
5779,CB Tech,USA,Moses Lake
5780,Harvesters,USA,Pampa
5781,Petchey Robotics Team,United Kingdom,London
5782,Sullivan 4H-Newport,USA,Newport
5783,RoboDucks,USA,Eunice
5784,Vassar Voltage,USA,Vassar
5785,The Shield,USA,Baton Rouge
5786,Pro-Botics,USA,Irving
5787,NEXUS Robotics,Canada,Calgary
5788,Eagle Spec Ops,USA,Allen
5789,The Other Owls,USA,Bensalem
5790,Proto-Titans,USA,Plano
5800,Magic Island Robotics,Brazil,FLORIANOPOLIS
5801,CTC Inspire,USA,Independence
5802,Los STEMateros,USA,Los Angeles
5803,Apex Robotics,USA,Seattle
5804,TORCH,USA,Richmond
5805,SMbly Required,USA,Rancho Santa Margarita
5806,Basement Lions,USA,Bronx
5807,CANbotics,Canada,North Bay
5808,Revive Robotics,USA,Lodi
5809,The Jesubots 5809,USA,Kansas City
5810,X-Bots Robotics,USA,Whittier
5811,BONDS,USA,Dayton
5812,Drewbotics,USA,Riverdale
5813,Morpheus,USA,Concord
5814,ROBOTA,Ecuador,Guayaquil
5815,Bond Science Engineer,China,SHENZHEN
5816,Gra-V Robotics,USA,Orlando
5817,Uni-Rex,USA,Fresno
5818,Riviera Robotics,USA,Santa Barbara
5819,Mecha Makos,USA,Key Biscayne
5820,PathFinder,China,YuLin
5821,The Saunders Robotics Club,Canada,London
5822,WolfByte,USA,Chicago
5823,ACE,China,Shenzhen
5824,Orion,China,SHANGHAI
5825,Amherst Robotics,Canada,Amherstburg
5826,Avis Automata,USA,Chippewa Falls
5827,Code Purple,USA,Kirkland
5828,Flying Riots,USA,Albany
5829,Awtybots,USA,Houston
5830,LIFE Engineering,USA,Bowie
5831,Revolution Maker,China,Macau
5832,FULL OF AMBITION,China,zhongshan
5833,Team-5833,China,Shenzhen
5834,R3P2,Canada,Toronto
5835,Sage Hill Robotics,USA,Newport Coast
5836,Mechanic Mutts,USA,Saint Louis
5837,Unity4Tech,USA,Waterloo
5838,Mitochondria,China,Kunming 
5839,Blue Whales,China,Nanjing
5840,Shock Wave,USA,Dawson
5841,The Patriots,USA,Frederick
5842,Royal Robotics,USA,New Port Richey
5843,Flurb,USA,East China
5844,Phoenix Tech,USA,Boston
5845,Twisted Gears,USA,Athens
5846,SouthCoast Corsairs,USA,North Dartmouth
5847,Ironclad,USA,Bradley
5848,ROBO C3,USA,Edison
5849,Joker,China,Qingdao
5850,Guangzhou  lego xueyuan,China,Guangzhou
5851,Striking Vikings,USA,Downey
5852,Illusion Robotics ,USA,Merced
5853,FEAR The Termigators,USA,Ypsilanti
5854,GLITCH,USA,Asheville
5855,Blue Collar Bruisers,USA,Milwaukee
5856,Bullbots,USA,Waterbury
5857,Walnut Valley Robotics,USA,Walnut
5858,Golden Hurricane,USA,Huntsville
5859,i,Canada,Canton de Hatley
5860,Full Metal Muskrats,USA,Algonac
5861,ManGeKyo,China,guangzhou
5862,Atomic Disco Robotic Engineers,USA,concord
5863,Hypercubed,USA,Brusly
5864,Robo-Pelicans,USA,Port Allen
5865,Droide,Canada,Terrebonne
5866,Fe [Iron] Tigers,USA,Wolfforth
5867,fighters science,Mexico,Los Mochis
5868,UTM Veracruz,Mexico,Veracruz
5869,QHHS Aqueducks,USA,Quartz Hill
5870,League of Logic,Canada,London
5871,Chickadees,USA,Boise
5872,Wiredcats,USA,Davie
5873,Farmersville Robotics,USA,Farmersville
5874,Prepa Tecmilenio BorderBots,Mexico,Nuevo Laredo
5875,ICE Cubed,USA,Fernley
5876,ARTEMIS,Australia,Sydney
5877,Mechalodons,USA,Corona
5878,The Great Lakers,USA,Mackinac Island
5879,Shadow of Orion,China,Beijing
5880,AF North HS,Netherlands,Brunssum
5881,TVHS Dragons,USA,Albany
5882,Titan Robotics,USA,Twin Valley
5883,Spice Gears,Poland,Kraśnik
5884,Gray Storm,USA,San Diego
5885,Villanova WiredCats,Canada,LaSalle
5886,LAAE,USA,Hacienda Heights
5887,PrepaTec IMPERATOR,Mexico,Monterrey
5888,M.E.T.A. Robotics,USA,Lubbock
5889,Commandobots,USA,Tulsa
5890,Tec Milenio Durango,Mexico,Durango
5891,UASGC Robosquad,USA,New York
5892,Energy HEROs,USA,Houston
5893,International Grammar School,Australia,Ultimo
5894,CyberJags,USA,Edinburg
5895,Peddie Robotics,USA,Hightstown
5896,Fire 6,China,Beijing
5897,APEX Robotics,Canada,Calgary
5898,RoboFalcons,USA,Darlington
5899,FROST,USA,Littleton
5900,The Fighting Mongooses,USA,Dalton
5901,Electric Eels,USA,Detroit
5902,The Wire Clippers,USA,Portsmouth
5903,ThorBots,USA,Westby
5904,Iron 101,China,Beijing
5905,RoboCorps,USA,San Jose
5906,Titanium Badgers,USA,Bennington
5907,CC Shambots,USA,Novi
5908,Spartans,USA,Stafford
5909,Cardinal Gibbons Cyber Chiefs,USA,Fort Lauderdale
5910,Supertronix,Canada,Matane
5911,PARAGON,Canada,Scarborough
5912,Copper Hawks,Canada,Jordan
5913,Patriotics,USA,Pequot Lakes
5914,Robotic Warriors,USA,Caledonia
5915,Mercy Midnight Storm,USA,Detroit
5916,ELEKTRON,Mexico,Reynosa
5917,Supernova,USA,Mooresville
5918,Pumatrons,USA,Kansas City
5919,JoCo RoBos,USA,Smithfield
5920,VIKotics,USA,Palouse
5921,Binary Power,Canada,Mississauga
5922,scots,Canada,Toronto
5923,WildC.A.T.S.,USA,Angleton
5924,Golden Gate Robotics,USA,San Francisco
5925,Holden High Robotics,USA,Holden
5926,Da Moose,USA,Port Huron
5927,Globetrotters,USA,Zeeland
5928,MetalBoost,Israel,Petah Tikva
5929,Raider Robotics,USA,Lake Park
5930,Lunar Kitties,USA,Newcastle
5931,Bots of Prey,USA,Caldwell
5932,Prepa Tecmilenio - Quetzales,Mexico,Mérida
5933,JudgeMent Call Robotics,USA,Salt Lake City
5934,Crowbotics,USA,DeKalb
5935,Tech Tigers,USA,Grinnell
5936,TigerBots,USA,Hanover
5937,MI Robotics,USA,Mercer Island
5938,Razor Steel Robotics,USA,Dover
5939,Lakes Lancers,USA,Lakewood
5940,BREAD,USA,Redwood City
5941,Cast Iron Orcas,USA,Everett
5942,Warriors,USA,Walla Walla
5943,The Bad News Gears,USA,Carmel
5944,Robotic Pioneers,USA,Mooresville
5945,|CTRL| (Absolute Control),USA,Fulton
5946,The SPartans,Turkey,Istanbul
5947,Robojags,USA,Belmont
5948,PrepaTec - Lebotics,Mexico,Cuernavaca
5949,TechGarage,USA,Delray Beach
5950,Trojans,USA,Dry Fork
5951,Makers Assemble,Israel,Tel Aviv
5952,RoBuck,Canada,Verdun
5953,NOLABOTS,USA,New Orleans
5954,Portable Chargers,USA,Victoria
5955,Trailblazers,USA,Brookhaven
5956,Falcons,USA,Milwaukie
5957,CAT 5 CyberCanes,USA,Newport News
5958,Blue Wave Robotics,USA,Providence
5959,PrepaTec - Titanium Rams,Mexico,Tampico
5960,Mission Eagle ROBO-RANGERS,USA,Mission
5961,the pythons,Israel,rehovot
5962,perSEVERE,USA,Lowell
5963,CA Frost High School,USA,Grand Rapids
5964,The Praetorians,USA,Voorheesville
5965,Power Struck Girls,USA,Marrero
5966,HB Oiler Robotics,USA,Huntington Beach
5967,Freedom FORCE,USA,Orlando
5968,Little Apple Cyborgs,USA,Manhattan
5969,English Skunkworks,USA,Jamaica Plain
5970,Beavertronics,USA,Beaverton
5971,Raider Robotics Team,USA,Metairie
5972,Juarezbots,Mexico,juarez
5973,Moonshots,USA,Gates Mills
5974,Mechanical Dragons,USA,Salt Lake City
5975,Beta Blues,USA,Portland
5976,CyberSaders,USA,Waukesha
5977,Rosemary Rebels+POIC,USA,Portland
5978,Roboplugs,USA,Speedway
5979,Apex,USA,Columbia
5980,East Grand Rapids Robotics,USA,Grand Rapids
5981,Thunderbotz,USA,San Antonio
5982,Merrill's Circuits of Destruction,USA,Merrill
5983,Blast Furnace Bots,Australia,Lithgow
5984,Salina Robocats,USA,Salina
5985,Project Bucephalus,Australia,Wollongong
5986,┌ Iron Fangs ┐,USA,San Antonio
5987,Galaxia in memory of David Zohar,Israel,Haifa
5988,Narooma High RoboRebels,Australia,Narooma
5989,Panthers,USA,Ewen
5990,TRIGON,Israel,Modiin
5991,Chargers 5991,USA,Westbrook
5992,Pirates,USA,West Orange
5993,Istech Robotics Society,Türkiye,Bakirköy
5994,Captain Retros,Canada,Montreal
5995,Servo Serpents,USA,Rancho Mirage
5996,R.U.R.,Czech Republic,Prague
5997,Knightling Boltz,USA,St. Gabriel
5998,The Chillbots,USA,International Falls
5999,Byte Force,USA,Milaca
6000,Firehawk Robotics,USA,Los Angeles
6001,CIP,Colombia,Medellin
6002,ZooBOTix,USA,Kalamazoo
6003,SUM,USA,Buies Creek
6004,f(x) Robotics,USA,Selma
6005,Cardinaltronics,USA,Custer
6006,Albury High School,Australia,Albury
6007,RoboPod,Australia,laurieton
6008,Lions,Canada,Surrey
6009,CYBERHEART,Canada,Etobicoke
6010,Tecmilenio - Teravolts - 6010,Mexico,MAZATLAN
6011,Cyber Trojans,USA,Sturgis
6012,STEAMROLLERS,USA,Bedford
6013,Robowolves,USA,Detroit
6014,ARC,Türkiye,Istanbul
6015,Juicy Bots,USA,Hackensack
6016,Tiger Robotics,USA,Hackettstown
6017,PrepaTec - Cyberius,Mexico,Santa Catarina
6018,TICK,China,Lanzhou
6019,Metabots,USA,Metamora
6020,John Glenn Robotics,USA,Bay City
6021,Team T.I.G.E.R.S,USA,Sussex
6022,Wrench Warmers,USA,Blooming Prairie
6023,DISCBOTS,USA,Atlanta
6024,R Factor,India,Mumbai
6025,Adroit Androids,Türkiye,Istanbul
6026,Tiger Strike,USA,Broken Arrow
6027,Brain Waves,USA,Newark
6028,Rs Artisan,China,Wuhan
6029,Railbots,USA,Lincoln Park
6030,Tarbiya 360,USA,Sacramento
6031,Falcons,USA,Pentwater
6032,Pirate Robotics,USA,Dayton
6033,Gadget Agents,USA,Beal City
6034,Eagle Storm,USA,Florissant
6035,House of Ulladulla,Australia,Ulladulla
6036,Peninsula Robotics,USA,Palo Alto
6037,Vikings 51,USA,Huntersville
6038,ITOBOT,Türkiye,Bayrampasa
6039,Cypress Circuits,USA,Pebble Beach
6040,Getobotics,Canada,Montreal
6041,Cougar Robotics,Canada,Lethbridge
6042,Robocamp,Colombia,Calera
6043,Tesla Tigers,USA,Allegan
6044,Circuit Breakers,USA,Moose Lake
6045,Sabre Robotics,USA,Sartell
6046,Tecking,Canada,King City
6047,Proctor Frostbyte,USA,Duluth
6048,Ant-valanche,Mexico,Querétaro
6049,Pegasus,Israel,Dimona
6050,Wee Waa Bush Bots,Australia,Wee Waa
6051,Rocktaπ,USA,Converse
6052,Clarke Road Trojans,Canada,London
6053,Robusters,USA,Colon
6054,The Dukes,USA,Alliance
6055,BOSS,USA,Batesville
6056,Brotherhood of Steel,USA,Rothsay
6057,Thunderbots,USA,Dearborn
6058,ROBOTURK,Turkey,Besiktas
6059,System Overload Robotics,USA,Livermore
6060,Circuit Serpents,USA,Rosamond
6061,Carbon Crusaders,Australia,Muswellbrook
6062,WHAM (Willyama High Advanced Mechatronics),Australia,Broken Hill
6063,QLD Pineapples,Australia,Rothwell
6064,IstanBULLS,Türkiye,İstanbul
6065,Titanium Dragons,USA,Grand Rapids
6066,Rambler Robotics,USA,McBain
6067,The Underdogs,USA,Saint Charles
6068,Delta Overload,USA,Indianola
6069,BHS Robotics,USA,Bloomington
6070,Gryphon Machine,Canada,Mississauga
6071,The Aluminators,USA,Bay City
6072,Triton Tech 6072,USA,Newport Beach
6073,Cav-Bots,USA,Carrollton
6074,RoboBucks,USA,Roscommon
6075,Leland Zebrotics,USA,Leland
6076,ReVamp,USA,Northport
6077,Wiking Kujon,USA,Posen
6078,RoboRams,USA,Holt
6079,JET SET,USA,Powers
6080,A.D. Johnston First,USA,Bessemer
6081,Digital Dislocators,USA,Manchester
6082,Calgary Tech Coalition (CTC),Canada,Calgary
6083,Overlooking,Chinese Taipei,Chiayi
6084,Swoop Robotics,USA,Cincinnati
6085,Green Devil Bots,USA,Brown City
6086,Ignition,USA,Mt. Morris
6087,Cybertronic Lancers,USA,Ellsworth
6088,Stephenson Eagles,USA,Stephenson
6089,Cyber Cougars,USA,Dearborn Heights
6090,Wayland Wildcats,USA,Wayland
6091,Eagle 1,USA,Deckerville
6092,Q-Bots,USA,Quincy
6093,Unplugged,USA,Sandusky
6094,Manic Mechanics,USA,Montague
6095,PARDUX,Turkey,ISTANBUL
6096,UPSM Cobrots,USA,Detroit
6097,Botcats,USA,Brethren
6098,bIrobot,USA,Beaver Island
6099,Knight Riders,USA,Detroit
6100,MS Mobots,USA,Morley
6101,Strange Quarks,USA,Ann Arbor
6102,Mustangs,USA,Blanchard
6103,Space Pirates,USA,Plaquemine
6104,Desert Eagles in memory of Yehonatan Maimon,Israel,Ofakim
6105,Firebirds with Skills,USA,Nashville
6106,PrepaTec - TecGear,Mexico,IRAPUATO
6107,CyberJagzz,USA,Huntsville
6108,DRAGONBOTS,USA,Clinton Township
6109,Longhorn Robotics,USA,Payson
6110,Doc Botics,Canada,Ajax
6111,Paul Bentley Laforet,USA,Houston
6112,Cyberstangs,USA,Munising
6113,M.A.R.C. 1,USA,Menominee
6114,Hamilton CyberHawks,USA,Hamilton
6115,Ellington Saints,USA,Grand Rapids
6116,Cougar Robotics,USA,Garden City
6117,Wingspan,USA,Pontiac
6118,Dunedoo Central School,Australia,Dunedoo
6119,Prototype Pumas,USA,Coldwater
6120,CyberStangs,USA,New Haven
6121,RoboVikes,USA,Grayling
6122,Potential Energy,USA,Bear Lake
6123,Mad Scientist Club,USA,Lake Elsinore
6124,Overdrive,USA,Fontana
6125,Jagbots,Canada,Toronto
6126,Robo-Blazers,USA,San Antonio
6127,BHS Pumatrons,USA,Bisbee
6128,M.O.T.O.R (More Than Our Robot),USA,Hart
6129,"Warp Speed, Scotty !",USA,Spokane
6130,Vipers,Canada,Toronto
6131,NLR Robotics,USA,North Little Rock
6132,Iron Rangers,USA,Crosby
6133,b a s h,USA,North Richland Hills
6134,Robo Ram,Mexico,Zapopan
6135,Arctos,Canada,Toronto
6136,The Robo Ravens 6136,USA,Detroit
6137,Falcon Robotics,USA,Constantine
6138,Dogbotics 1,USA,Centreville
6139,ThunderBotz,USA,Dublin
6140,SMT Titans - The 'Tita'BOTS,Canada,Scarborough
6141,O'Connor Robotics,Canada,North York
6142,Cross Keys High School,USA,Atlanta
6143,APEX Automation,USA,Sarver
6144,Angelbots Gold,USA,El Paso
6145,War Eagles,USA,Crawfordville
6146,Blackjacks,USA,Dawson
6147,Tonkabots,USA,Mound
6148,CASS Electro Knights,Canada,Woodstock
6149,hand by hand,Israel,arara negev
6150,Bluebotics,USA,Adrian
6151,Red Devil Robotics,USA,Ironwood
6152,Robo-Falcons,USA,DEARBORN HEIGHTS
6153,Blue Crew,USA,Farmington
6154,Universal Robots,Denmark,Frederikssund
6155,ElektraBots,USA,San Antonio
6156,PrepaTec - Infinity Robotics Team,Mexico,Ciudad Obregon
6157,Marshall Mechs,USA,Benton
6158,PiRbot2,USA,Birmingham
6159,ALIANZA MEDELLIN,Colombia,Medellin
6160,Bombatrons,USA,Barnum
6161,Equilibrium,USA,Gray
6162,Cap Alpaca 6162,Canada,London
6163,Mustangs,USA,Birmingham
6164,Moonshot Slaybots,USA,Dike
6165,Aurora,Turkey,Istanbul
6166,Thorobotics,USA,Holmen
6167,CB Bearbots,USA,Hemingway
6168,alzahrawi,Israel,iksal
6169,Chaos Squad,Canada,Lacombe
6170,Prepa Tecmilenio Vitronik,Mexico,San Luis Potosí
6171,⚛ Chain Reaction ⚛,USA,Plano
6172,The Mad Dogs,USA,Fairfield
6173,Elgin Metal Mayhem,USA,Elgin
6174,Kaprekar's Constants,USA,Winters
6175,EVW Mystery Machine,USA,Eden Valley-Watkins
6176,MTS,USA,MInneapolis
6177,Atomic-Robotic-Dogs,USA,Atlanta
6178,Techno Titans,Canada,Moose Jaw
6179,PhotonBox,China,Shenzhen
6180,Mechanical Lions,USA,Mission
6181,Cryptic Cyborgs,USA,Archbold
6182,Royals,USA,Rogers
6183,RIGS - Robotics Inspired Greenland Students,USA,Greenland
6184,C4 (Capital City Chaotic Coders),USA,Tallahassee
6185,TV Patriots,USA,New Madison
6186,Hope BotCats,USA,Hope
6187,Narrabri High School- Kaputar Klockworks,Australia,Narrabri
6188,Sting Robotics,Canada,Fort Saskatchewan
6189,Cyber Raiders,USA,Amelia Court House
6190,Cybernetic Crusaders,USA,Canton
6191,RoboKryptonite,Chinese Taipei,Taipei
6192,IEA Robotim,Turkey,Istanbul
6193,The Legend of Robotics,USA,Bay City
6194,The Aftershocks,USA,Farmville
6195,GOLDBOTS,USA,Brooklyn
6196,Spontaneous Disassembly,USA,College Station
6197,Semia United,China,Beijing
6198,Bayou Bots,USA,Pensacola
6199,E-Hawks - Peñoles,Mexico,Torreón
6200,PrepaTec - XRAMS,Mexico,Juárez
6201,The Highlanders,USA,Somerville
6202,The Centurions,Canada,Windsor
6203,Titanium Knights Robotics,USA,Hackensack
6204,Team Pedare,Australia,Adelaide
6205,SD Tech,China,Shanghai
6206,Shandong T,China,Taiyuan
6207,Beichen,China,Changchun
6208,Mechstangs,USA,Portage
6209,Robo Warriors,USA,Lubbock
6210,The Dragons Lair,USA,Salt Lake City
6211,Hayden Robotics,Canada,Burlington
6212,Kaniva College,Australia,Kaniva
6213,Team Quantum,USA,Lanham
6214,PHEnix,USA,Burgaw
6215,Armored Eagles,USA,Apex
6216,movers and shakers ,USA,chester
6217,Bomb-Botz,USA,Cannon Falls
6218,Tecmilenio - TAURUS - 6218 ,Mexico,Hermosillo
6219,Cuttin' Edge Robotics,USA,Blountville
6220,The Golden Griffins,USA,Los Alamitos
6221,Vandals,USA,Miami
6222,Flying Tigers,USA,Hemingway
6223,Arsenal of Engineering,USA,Menomonee Falls
6224,Saint Dominators,USA,Auburn
6225,SLC Roarin' Robotics,USA,Fort Pierce
6226,Blue Devils,USA,Burlington
6227,Robohovers,China,Xi'An
6228,MAT Robotics,Türkiye,Istanbul
6229,spartans,Mexico,metepec
6230,Team Koi,Israel,Jerusalem
6231,AKINCILAR,Turkey,istanbul
6232,Florya Bisons,Türkiye,istanbul
6233,Phoe-Bots,USA,Mission
6234,Madson,USA,kuna
6235,Robo-Nerds,USA,Midlothian
6236,Robots at The Center of the Universe,USA,Ashland
6237,Martin Motion,USA,Neponset
6238,Popcorn Penguins,USA,Los Altos
6239,The Irrational Engineers,USA,Capitol Heights
6240,Eagles of the Knight,USA,Warrenton
6241,CowTech,USA,San Jose
6242,Chaos Theory,USA,Selma
6243,Energy NERDs,USA,Houston
6244,Light SaBres,USA,Sartell
6245,Overlooking 2,Chinese Taipei,Minxiong Township
6246,Union Knight Robotics,USA,La Porte City
6248,Millbrook High School,USA,Raleigh
6300,The Northwoodians,USA,Lake Placid
6301,Nerointellect-sim Engineering & Robot Design Soiree   N.E.R.D.S.,USA,Taunton
6302,Greeneville High School Robotics,USA,Greeneville
6303,Citadel,Turkey,Istanbul
6304,EAGLE,China,zhenjiang
6305,Stable Circuits,USA,Fresno
6306,Atonement Academy CrewStators,USA,San Antonio
6307,Courtland High School,USA,Fredericksburg
6308,SPCS - Hafabots,USA,Yigo
6309,SPCS - Koko Tek,USA,Yigo
6312,Hippocampinae,USA,Christchurch
6313,Hippocampus,USA,Christchurch
6314,DM Robotics The WolfPack,USA,Scottsdale
6315,Code Error 404,USA,Laredo
6317,Disruptive Innovation,USA,Davenport
6318,FE Freedom Engineers,USA,Freedom
6319,Tecmilenio ENKI-NOVA 6319,Mexico,AHOME
6320,Iron Hawks,USA,Manchester
6321,■ R-Cubed  Rouse Raider Robotics ■,USA,Leander
6322,OneClay ARMORY,USA,Green Cove Springs
6323,Hayden Robotics,Canada,Burlington
6324,The Blue Devils,USA,Salem
6325,Reset Robotics,USA,Alpharetta
6326,⚡ Baltimore Bolts ⚡,USA,Baltimore
6327,The Fighting Gophers,USA,Media
6328,Mechanical Advantage,USA,Littleton
6329,The Bucks' Wrath,USA,Bucksport
6330,6330 - Arc Angels,Canada,Mississauga
6331,Sabotage,Canada,Windsor
6332,Bull City Botics,USA,Durham
6333,Scavenger Robotics,USA,Putnam
6334,Aluminati,USA,Midlothian
6335,Terminal Velocity,USA,Burlington
6336,Javawockies,Canada,London
6337,Terror Bytes,USA,Pittsfield
6338,DRIVING STEEL,USA,Macomb
6339,Pelican Falls First Nations High School,Canada,Sioux Lookout
6340,The Marist Manatees,USA,Atlanta
6341,Firestorm Robotics,USA,Acworth
6342,BT Robotics,Canada,Ancaster
6343,Steel Ridge,USA,Ridgefield
6344,Yale Jiggawattz,USA,Yale
6345,Nimrod Nation,USA,Watersmeet
6346,Cybears Robotics Team,USA,Norwalk
6347,St. James Lions,Canada,Guelph
6348,PrepaTec - HORUS,Mexico,Colima
6349,Albany High Indians,USA,Albany
6350,Clawbots,USA,Enumclaw
6351,Rundle College Robotics,Canada,Calgary
6352,LAUNCH TEAM,USA,Surprise
6353,EFZ Robotics,China,Shanghai
6354,Jiayi Superhuman Strength,China,Shanghai
6355,Patriots,USA,Sandusky
6356,MetaRobotics,China,Shenzhen
6357,The Spring Konstant,USA,Dripping Springs
6358,The Buhlean Operators,USA,Buhl
6359,TechKnow Difficulties,USA,Aurora
6360,Quanzhou No.5 Middle School,China,Quanzhou
6361,The Blazer,China,Shanghai
6362,Shengxue Corps,China,Shanghai
6363,BirdBots,USA,El Campo
6364,Ten Ton,Canada,West Vancouver
6365,Imperial star destroyer,China,Shanghai
6366,RAM Rodz Robotics,USA,Simpsonville
6367,The ElectroLights,USA,Dorchester Center
6368,Unknown,China,Shanghai
6369,Mercenary Robotics,USA,McKinney
6370,Texas Titans,USA,Helotes
6371,Spencer Robotics,USA,Spencer
6372,Chi-squared Robotics,USA,Gilbert
6373,River City Robotics,USA,Chattanooga
6374,NanChong Union,China,Nan Chong
6375,MC²,China,Beijing
6376,Further Dream,China,Shanghai
6377,Howdy Bots,USA,Austin
6378,LYNX,Canada,Mississauga
6379,Terabyte of Ram,USA,Pleasant Hill
6380,ORION ROBOTICS,Türkiye,Istanbul
6381,Red Raider Robotics,USA,Sheboygan
6382,RoboHornz,USA,Vista
6383,PLUG&PLAY,China,Shenzhen
6384,Hisar Ravens,Turkey,Gokturk ISTANBUL
6385,TrueMoe,China,Jinhua
6386,Guangzhou research robot club,China,GUANGZHOU
6387,Discobots Canada,Canada,Brampton
6388,WonderWorks Robotics,Turkey,istanbul
6389,Matster Mechanist,China,Nanjing
6390,Hephaestus,Canada,Surrey
6391,Ursuline Bearbotics,USA,Saint Louis
6392,Dimension Creator,China,Chengdu
6393,Pioneer,China,Zhengzhou
6394,MITO,China,Suzhou
6395,Xindu No.2 High School ,China,Chengdu 
6396,Steel Tempest,USA,Pensacola
6397,Romero Robotics,Canada,Toronto
6398,Kilo-bots,USA,Santa Paula
6399,Tinspiratio,China,Jinan 
6400,The Manhattan Project,USA,Manhattan
6401,8-bit RAMs,USA,New City
6402,GÖKTÜRKLER,Türkiye,İSTANBUL
6403,D.P. Todd Secondary,Canada,Prince George
6404,Brazilian Storm,Brazil,São José dos Campos
6405,EntreBots,USA,Palmdale
6406,Cyber/Scorpions,Canada,Salt Spring Island
6407,Tecmilenio - DEVOLT - 6407,Mexico,Chihuahua
6408,Syntechs Robotics,Canada,Port Moody
6409,Odrinias,Turkey,Edirne
6410,Supreme Eagles,USA,Salinas
6411,Gravediggers,USA,Sandy
6412,For Sale By Owner,USA,Cedar Rapids
6413,Degrees of Freedom,USA,Chandler
6414,Voyager,China,Shenzhen
6415,Gultepe Robotics Team 6415,Türkiye,Istanbul
6416,MEVOLUTION ROBOTIC TEAM,Turkey,Büyükçekmece
6417,Fridolins,Switzerland,Glarus
6418,The Missfits,USA,San Francisco
6419,Kernel Chaos,USA,West Des Moines
6420,Fire Island Robotics,USA,Muscatine
6421,WarriorBots,USA,Muskego
6422,GearHeadz,USA,Rocky Point
6423,Ward Melville Iron Patriots,USA,East Setauket
6424,Stealth Panther Robotics,USA,Knob Noster
6425,The Conclave,USA,Coldwater
6426,Robo Gladiators,USA,Durham
6427,Glendale,Canada,London
6428,STEMINEERS,USA,Coopersville
6429,4th Dimension,Türkiye,BORNOVA
6430,Kalsedon,Türkiye,Eskişehir
6431,NoktaParantez,Türkiye,Istanbul
6432,Valkyries,Australia,Waverley
6433,HZ4Z,China,Hangzhou
6434,Bossley Park High School Wolfgang,Australia,Bossley Park
6435,Jetson's Robotics,Türkiye,Istanbul
6436,PARS ROBOTICS,Türkiye,istanbul
6437,The Pacific Quakers,USA,Portland
6438,MEF THUNDER FTD,Turkey,Besiktas
6439,tanx,China,Shanghai
6440,Canobolas,Australia,Orange
6441,Turbo Turtle,China,Nanjing
6442,Modern Americans,USA,Pendleton
6443,AEMBOT,USA,Hillsboro
6444,PrepaTec Chihuahua- Sigma Robotics,Mexico,Chihuahua
6445,CTEC Robotics,USA,Salem
6446,Redhawks,USA,Blythewood
6447,Bad 2 the Bone - Bingara Central School,Australia,Bingara
6448,LBJ Early College High School ,USA,Austin
6449,DigiBots,Australia,Warnbro
6450,The Reaper,China,Jinhua 
6451,Wired Warriors,USA,Whiteland
6452,GPrep Thumpin Pup,USA,Spokane
6453,Bog Bots!,USA,Kelliher
6454,Chicken Strips,USA,Pasco
6455,The Coded Collective,USA,Waterloo
6456,Oregon Trail Academy Wi-Fires,USA,Boring
6457,Roots Charter High School,USA,West Valley City
6458,Semiahmoo Robotics,Canada,Surrey
6459,AG Robotik,Türkiye,Büyükçekmece
6460,Air Guardians,USA,Mansfield
6461,Iron Stallions,Canada,Wingham
6462,techJOYnT,USA,Edmond
6463,Robotic Reapers,USA,Port Ewen
6464,Danger Noodle Danger,USA,Seminole
6465,Mystic Biscuit,USA,Bend
6466,Tiger Tech,USA,Stanfield
6467,Tiger Robotics,USA,Lenox
6468,The Positronic Panthers,USA,Ponte Vedra
6469,Junkyard Dogs,USA,Goochland
6470,Templeton STEM,Canada,Vancouver
6471,Lee County High School Trobots,USA,Leesburg
6472,H-TECH,Turkey,uskudar
6473,Rock Star Robotics,USA,Orlando
6474,Indigo Dynamics,USA,Fairfield
6475,Helium-3,China,Beijing
6476,Supernova Star Squad,Australia,Coonabarabran
6477,Conqueror of Istanbul,Turkey,Buyukcekmece
6478,CASHS Bot Team,Australia,Seville Grove
6479,AZTECH Robotics,USA,Tempe
6480,SAGE Robotics,USA,Minneapolis
6481,Deus Ex Machina,Canada,Parkhill
6482,Wildcat Robotics,USA,Joseph City
6483,Prepa Tecmilenio - CHARGER,Mexico,JUÁREZ
6484,TechKnowLogic,USA,Greenwich
6485,Mecha Mustangs,Canada,Surrey
6486,Ten More Tons,Canada,West Vancouver
6487,Clockwork Knights,China,Shanghai
6488,RoboRams,USA,Houston
6489,Bronco Bolts,USA,Zachary
6490,Panther Robotics,USA,Geneva
6491,Short Circuits,USA,Fairhope
6492,Pangburn S.W.A.T.,USA,Pangburn
6493,Red Steel,USA,University Center
6494,Wings of Liberty,China,Shanghai
6495,Future Star,China,Beijing
6496,AREA 27,USA,Durham
6497,Pymble P-Platers,Australia,Sydney
6498,Castle Robotics,USA,Newburgh
6499,Innovos Robotics,USA,Orange
6500,GearCats,USA,Raleigh
6502,DARC SIDE,USA,Durham
6503,Iron Dragon,USA,Seattle
6504,FCHS Jagwires,USA,Falls Church
6505,ElectroPanthers,USA,Washington
6506,Steel Boot Robotics,USA,Salinas
6507,Tecmilenio CYBORG HAWKS  6507,Mexico,Reynosa
6508,Hastings Heroes,Australia,Port Macquarie
6509,Southern River,Australia,Gosnells
6510,Pymble Pride,Australia,Pymble
6511,Oberoi,India,Mumbai
6512,Coastal Catastrophe 6512,USA,Shallotte
6513,The Wyverns,Canada,Woodbridge
6514,Sutton Robotics League,Canada,Sutton West
6515,Unimatics,USA,Calexico
6516,Robonados,USA,Lebanon
6517,So-Kno Robo,USA,Knoxville
6518,JagBots,USA,Phoenix
6519,The Vegas Vortechs,USA,Las Vegas
6520,GreenAms Robotics Team,Vietnam,Hanoi
6521,FPT,Vietnam,hanoi
6522,Tomaree High School,Australia,Salamander Bay
6523,Condobolin,Australia,Condobolin
6524,Wilder Wolves FRC,Australia,Seville Grove
6525,Greater Sydney Robotics,Australia,Sydney
6526,Cyber Rangers,USA,Garland
6527,RamShock,USA,Lake Mary
6528,Terror Bytes,USA,Gibraltar
6529,Beantown Blitz,USA,Roxbury Crossing
6530,Ra,USA,Phoenix
6531,Redhawks,USA,Cedar Springs
6532,TechnoPaths,USA,Detroit
6533,BeaverTech noducks,USA,Beaverton
6534,Saints Scholars,USA,Grand Rapids
6535,Edison Sustainabots,USA,Huntington Beach
6536,TheDarkSide,USA,Vinton
6537,WIHS Robotics,Canada,Windsor
6538,Linc-Bots,USA,Ypsilanti
6539,Success Robotics Team,USA,Ontonagon
6540,Dynamo,Canada,Mont-Royal
6541,T-FROGS,France,LA TALAUDIERE
6542,Technomancers,USA,Pittsburg
6543,pumaTECH,USA,Oakton
6544,A-Team Robotics,Canada,Amherstburg
6545,Tawas Braves,USA,Tawas City
6546,Naatsisʼáán Robotics,USA,Navajo Mountain
6547,Flaming Metal Robotics,USA,Magnolia
6548,Perry RAMBOTS,USA,Perry
6549,caseville eagles,USA,Caseville
6550,Wildcat Robotics,USA,Evart
6551,MOOTeam,USA,Port Huron
6552,RoboCats,USA,Houghton Lake
6553,Roboticus,USA,Oxnard
6554,Phoenix Robotics,USA,La Mirada
6555,Ad Astra,Turkey,Bursa
6556,Spartan Robotics 6556,USA,Waldron
6557,S.R.U - Special Robotics Unit,USA,Baraga
6558,Aluminum Sting,USA,Lanse
6559,Bay-Arenac,USA,Bay City
6560,Charging Champions,USA,Irvine
6561,Omecha Wolf Pack,USA,Scottville
6562,She Heroes,USA,Mercedes
6563,ROBO CORR,Canada,Quesnel
6564,TDSS Titans,Canada,Woodbridge
6565,Team Bobcat,USA,Arapahoe
6566,Battering Rams,USA,Madison Heights
6567,The Broken Drill Bits,USA,Saint Clair Shores
6568,Decatur Robotics Team,USA,Decatur
6569,Gladiators,USA,Ontonagon
6570,Whiteford Bobcats,USA,Ottawa Lake
6571,Lakeview Wildcats,USA,Lakeview
6572,Forest Area,USA,Fife Lake
6573,Alanson Viking Robotics,USA,Alanson
6574,Ferradermis,USA,Whitewater
6575,Tempe T-Rex,Australia,Tempe
6576,High School Science Education,Vietnam,Hanoi
6577,South City International School,India,Kolkata
6578,G D Goenka,India,New Delhi
6579,Komplete Kaos Inc,Australia,Helensburgh
6580,Positive Charge,USA,Marshall
6581,Hancock Robotics,USA,Hancock
6582,Vestabots,USA,Vestaburg
6583,Human Error,USA,Plymouth
6584,AHC Transformers,USA,Kensington
6585,Hózhóogo Naasháa Doo (Walk in Beauty),USA,Many Farms
6586,Tuskin' Raiders,USA,Texarkana
6587,WCA Cougars,USA,Hillsdale
6588,Counter-Torque Robotics,USA,Lawton
6589,Cardinal Robotics,USA,Bloomingdale
6590,SaviTech,USA,Brooklyn
6591,Panther Powered Robotics 6591,USA,Stockbridge
6592,Sexton Redbots,USA,Lansing
6593,HyperDrive Robotics,USA,Richmond Hill
6594,EV ROBOTICS,USA,Lansing
6595,QUAKE,USA,Lansing
6596,Ashley BearBots,USA,Ashley
6597,Eagles,USA,Saginaw
6599,Northport Wildcats,USA,Northport
6600,Tech Heads,USA,Baldwin
6601,Easy Company,USA,Staten Island
6602,Belle Bots,USA,Little Rock
6603,Cornerstone Crushers,Canada,Weyburn
6604,Tecmilenio - Equipo ITAC - 6604,Mexico,CULIACAN
6605,Prepa Tecmilenio -  Imperium Fons,Mexico,Cuernavaca
6606,Prepa Tecmilenio Pink Hawks 6606,Mexico,Metepec
6607,Tecmilenio - ARMY ROBOT TECHNOLOGY - 6607,Mexico,Veracruz
6608,Prepa Tecmilenio - ARCADIA,Mexico,Guadalajara
6609,Suwannee Bulldogs,USA,Live Oak
6610,Robot Roll Call,USA,Burton
6611,WolverBots,USA,Au Gres
6612,NexGen Robotics,USA,Antioch
6613,Gogebic Range Robotics,USA,Hurley
6614,ROBOTEDIST,Turkey,İSTANBUL
6615,Bellevillains,USA,Belleville
6616,Mechanical Pumas,USA,Detroit
6617,NASA BHS Black Hawks Robotics Club,USA,Bellingham
6618,WARHBOTS,USA,Flat Rock
6619,GravitechX,USA,Livermore
6620,Voltage Vikings,USA,North Smithfield
6621,Artemis,USA,Chatham
6622,Stan Robotix,Canada,MONTREAL
6623,Robot Maroc,Morocco,Meknès
6624,Marinette RoboMarines,USA,Marinette
6625,İEA Robotics,Turkey,İstanbul
6626,Robohana,USA,Andrews
6627,Niles Nordic Knights,USA,Niles
6628,KMS BOTKICKERS,USA,Kerkhoven
6629,Concord Boyne Kestrels,USA,Boyne City
6630,F.U.N.  (Fiercely Uknighted Nation),USA,La Porte City
6631,Rocket Robotics,USA,Reese
6632,Northview Robotics,Canada,Toronto
6633,Robo-Elephants,USA,Detroit
6634,Tecmilenio Phoenix Forces 6634,Mexico,San Nicolás de los Garza
6635,JaXon Falcon Works,USA,Jackson
6636,Full Metal Beavers,USA,Jamaica
6637,BetaWolves,USA,Carney
6638,Fulton Pirates,USA,Middleton
6639,The Mechanical Minds,USA,Hickory
6640,Metal Eagles,USA,Mayflower
6641,GSLRobotX,Turkey,Istanbul
6642,Harrison Stingers of Steel,USA,Harrison
6643,Walnuts and Bolts,USA,Racine
6644,Atomic Automatons,USA,Rocklin
6645,Alloy Obsession,USA,Crosby
6646,Belton Robotics Spacemakers,USA,Belton
6647,PrepaTec - VOLTEC,Mexico,MONTERREY
6648,MechaSpartans,USA,Ozone Park
6649,CHA Circuits ,USA,Saint Helen
6650,Tribebots,USA,Fresno
6651,Golden Bots,USA,Sterling
6652,Tigres,Mexico,San Nicolas de los Garza
6653,West Wyalong,Australia,West Wyalong
6654,Central Robobcatics,USA,Knoxville
6655,Texan Robotics,USA,Arlington
6656,Ryu Botics,USA,Payson
6657,Arborbotics,USA,Visalia
6658,Rockbotics,USA,Los Angeles
6659,CouBots,USA,Escondido
6660,MarkerBots,USA,Saint Louis
6661,Polaris,Canada,North York
6662,FalconX,USA,Pleasant Hill
6663,Kamikaze Krew,USA,Onamia
6664,LADYBOTS,USA,Pharr
6665,C-Otters,USA,Monterey
6666,Hephaestus,Mexico,Guadalupe
6667,STEM Clippers,USA,Chester
6668,Scorpion,USA,Hesperia
6669,ATL Eagles Robotics,USA,Delray Beach
6670,Red Cat Robots,USA,Milwaukee
6671,Adamas Robotics,USA,Fort Worth
6672,Fusion Corps,USA,Irving
6673,Alexis Tech Warriors,Canada,Glenevis
6674,MIT Iron Eagles,USA,Phoenix
6675,Ingenious Innovators,USA,New Britain
6676,Prepa Tecmilenio - Thunder Hawks - 6676,Mexico,Obregón
6677,Team Avengers,USA,Pascagoula
6678,DKRobotics,Denmark,Svendborg
6679,TESLA Robotics,Canada,Calgary
6680,TRIObotics,USA,Pocatello
6681,FHC Warriors,Canada,Whitehorse
6682,A.S.T.R.O. Vikings,USA,Alamogordo
6683,The ROAR-Botics,USA,Glendale
6684,RoboCats,USA,Carrizo Springs
6685,Amped Up,USA,West Palm Beach
6686,Bionic Broncos,USA,West Palm Beach
6687,Owltronics,USA,Garland
6688,West Valley Middle College Robotics Team,USA,San Jose
6689,Robit,Mexico,Mexico City 
6690,MV roboPride,USA,Penacook
6691,Torque,USA,Wolfeboro
6692,Robofalcons,USA,San Bernardino
6693,TrailBLAZERS,USA,Columbia
6694,INNOBOTICS,Mexico,Mexicali
6695,GalvaKnights,USA,San Marcos
6696,Cardinal Dynamics,USA,Corbett
6697,EUROBOTICS,Turkey,İSTANBUL
6699,Thunder Robotics,USA,Atwater
6700,Patriot Robotics,Canada,Calgary
6701,Phoenix,Canada,Moose Jaw
6702,PrepaTec - StingBots,Mexico,Tlajomulco de Zúñiga
6703,Prince George Secondary School Robotics Club,Canada,Prince George
6704,Mid Pacific Owl Robotics,USA,Honolulu
6705,Wildcat5e,USA,Dunwoody
6706,Golem,China,Shenzhen
6707,RCW Jaguar Robosapiens,USA,Renville
6708,Lobos Conalep,Mexico,Almoloya del Rio
6709,S.P.U.D. INC,USA,Big Lake
6710,Southside Robotics,USA,Atlanta
6711,Millennial Falcons,USA,Atwater
6712,Mountaineers,USA,Chatsworth
6714,A. R. Johnson's Panthers,USA,Augusta
6715,Hephzibah High Robotics,USA,Hephzibah
6716,Circuit Br8kers,USA,Augusta
6717,SPARTANS,USA,Castle Dale
6718,Rocket Dogs,USA,Oakland
6719,P.O.W.E.R.,Canada,Vancouver
6720,Walker-Hackensack-Akeley,USA,Walker
6721,Tindley Trailblazers,USA,Indianapolis
6722,LED Robotics,USA,New Port Richey
6723,Mechanical Mounties,USA,Williamstown
6724,Raiders Robotics,Canada,Red Deer
6725,WildBOTS,Canada,London
6726,MITOX,China,Suzhou
6727,HOT Bots,USA,Belton
6728,The Fast and the Curious,USA,Morrilton
6729,RobCoBots,USA,Lumberton
6730,CCS Nuclear Knights,USA,Oklahoma City
6731,Record Robotics,USA,Belmont
6732,BHS RoboRaiders,USA,Bruce
6733,PSJA North Raiders,USA,Pharr
6734,Sydney TAFE,Australia,Sydney
6735,Rauner College Prep,USA,Chicago
6736,Knights of the Sea,Israel,AKKO
6737,H.R.T,Israel,HAIFA
6738,Excalibur,Israel,Modi'in
6739,Tel Shevaa,Israel,tel sheva
6740,G3 - Glue Gun & Glitter,Israel,Pardes Hana
6741,Space monkeys,Israel,Bat Yam
6742,Augmented Jays,USA,Westland
6743,Tiger Engineering,USA,Fort Myers
6744,MEHLVILLE RC,USA,Saint Louis
6745,DAPCEP,USA,Detroit
6746,Mustangs,USA,Syosset
6747,East Jefferson High School,USA,Metairie
6748,MustangRobotics,USA,Mesa
6749,tERAbytes,USA,Hopkins
6750,HenBotix,USA,McDonough
6751,RoboFlash,USA,Dallas
6752,charger robotics,USA,Keller
6753,CBA RoboKings,USA,Midland
6754,Trailbots,USA,Edinburg
6755,Overdrive,USA,Fontana
6756,Cross Creek Razorbacks,USA,Augusta
6757,Apex Robotics FPHS,USA,Forest Park
6758,Otternauts,USA,Kasson
6759,Rebel,USA,Pearl River
6762,Oscats,USA,Hillsborough
6763,FUSION,USA,Manchester
6764,Flash Drives,USA,Fillmore
6765,Columbus City Schools Walnut Ridge Scotts,USA,Columbus
6766,AtomStorm,China,Shenzhen
6768,Denison Robo-Jackets,USA,Denison
6769,Future Star,China,Beijing
6770,Semia United,China,Beijing
6771,Raven,China,Beijing
6772,The Marist Manta Rays,USA,Atlanta
6773,Max Throttle Mavericks,USA,McKinney
6774,Oh-Kno Robo,USA,Knoxville
6800,Valor,USA,Austin
6801,Robot Crabshell ,China,Guangzhou
6802,Snot Otters,USA,Cedar Bluff
6803,HAI-Panda,China,Shanghai
6804,Team Wolfpack,USA,Livingston
6805,Quack Attack,USA,Omaha
6806,Mineola Wild Reds,USA,Mineola
6807,REAL Robotics,USA,Racine
6808,William Tennent Robotics,USA,Warminster
6809,Aviators,USA,Enid
6810,Starship Robotics,USA,Maringouin
6811,Gunnery Gears,USA,Washington
6812,Andover Snowflakes,USA,Andover
6813,Pangaea,USA,CLEVELAND
6814,Ellipse,USA,Santa Rosa
6815,The Memphis MechWarriors,USA,Memphis
6816,POPCORN PENGUINS,USA,San Jose
6817,10 Factorial,USA,Rolla
6818,Navigator,China,Suzhou
6819,Viking Robotics,Sweden,Växjö
6820,Tecmilenio - Scorpion Bots - 6820,Mexico,DURANGO
6821,Rogue Techs,USA,Chino
6822,THE SHISHKABOTS,USA,Sunnyvale
6823,USM Robotics - Wildcats,USA,Milwaukee
6824,LVA Robot Pigeons,USA,Las Vegas
6825,STRONGHORNS,USA,North Las Vegas
6826,Experiment 6826,USA,Las Vegas
6827,hexagon,China,Beijing
6828,Hazel Green,USA,Meridianville
6829,Ignite Robotics,USA,Suwanee
6830,Hogbotics,USA,Pharr
6831,A-05 Annex,USA,Hood River
6832,STEAMex,Mexico,Monterrey
6833,Python Robotics,USA,Phoenix
6834,Bionic Warriors,USA,Pataskala
6835,Steel Satyr,Mexico,Puebla
6836,The Tinkerers,Australia,Manly
6837,Tecmilenio - Bellum - 6837,Mexico,Azcapotzalco
6838,X-SHARC,Türkiye,ÇEKMEKÖY
6839,Terminators,Greece,Karditsa
6840,Trojan Robotics,USA,Kirby
6841,Cerberus 2.0,Canada,Lethbridge
6842,Polaris,USA,Marietta
6843,Guardian Gears,USA,Lees Summit
6844,Provotypes,USA,Provo
6845,River Bots,USA,Astoria
6846,MAGNETUDE,USA,Murfreesboro
6847,Les Lions,Canada,Montreal
6848,Hades,Mexico,Puebla
6849,Juventics,Mexico,Guadalupe
6850,Cell-Ticks,USA,Ocala
6851,Empereurs,Canada,Laval
6852,JV BX,USA,Temperance
6853,JaegersTec,Mexico,Tuxtla Gutierrez 
6854,Viking Robotics,Canada,London
6855,Badger Robotics,USA,Arkadelphia
6856,RoboRaptors,Canada,London
6857,Mechanized Garbage,USA,San Fernando
6858,Fern Creek Tiger Robotics,USA,Louisville
6859,Big Metal Lakers 6859- BML Robotics,Canada,Bracebridge
6860,Equitum Robotics,USA,Paterson
6861,The Tyros Team,USA,Livonia
6862,The Reavers,USA,Detroit
6863,Squirrels,USA,Woodbine
6864,GryphTech Robotics,Canada,Gravenhurst
6865,Manitoulin Metal,Canada,M'Chigeeng
6866,Markham Space Invaders,Canada,Markham
6867,Panthera Tech,Canada,North York
6868,Cadet Robotics,USA,Hilton
6869,Gladiateurs,Canada,Saint-Jerome
6870,BEAM Robotics,USA,Buffalo
6871,QC DogSquad,USA,Queen Creek
6872,Panthera Ferro,Canada,Brossard
6873,The Generals,USA,New York
6874,Mediterra,Türkiye,Dosemealti
6875,Amazon Warriors Robotics,Canada,Windsor
6876,UHS Wolfpack,Canada,Unionville
6877,Mechanical Mustangs,USA,Grand Rapids
6878,SJB Odyssey,Canada,Hamilton
6879,Aquatic Robotics,USA,Avon
6880,Universal Serial Brawlers (USB),USA,Yorktown Heights
6881,South Lions Roarbotics,Canada,London
6882,Fahrenheit Robotics,USA,Fredericksburg
6883,Leviathan Robotics,USA,Santa Rosa
6884,Deep-Space Robotics,USA,Hollister
6885,The Pilots,USA,San Diego
6886,Synthesizers,USA,Warsaw
6887,Dalton Catabots,USA,Dalton
6888,Foothills Robotics,USA,Lenoir
6889,DC Current,USA,Bloomfield
6890,Legendary Cyber kNights,USA,Macomb
6891,Indians,USA,Asher
6892,Big Cat Robotics,USA,Wellsville
6893,Bladerunners,USA,Greenbelt
6894,Iced Java,USA,Mount Holly
6895,Mechanical Madness 4-H,USA,Walpole
6896,CABOTS - Fresnillo PLC - Conalep Caborca,Mexico,Caborca
6897,Astraea Robotics,USA,East Brunswick
6898,The Undergraduate School of Carrots ,USA,Plano
6899,Macon Bots FRC,USA,Franklin
6900,Hoodie-bots,USA,Maud
6901,Knights Robotics,USA,Frisco
6902,STRIKE,Brazil,FOZ DO IGUAÇU
6903,MEXICAN HOPE,Mexico,METEPEC
6904,TeraWatts,USA,Los Angeles
6905,Raiders of the ARC- TEAR-A-BYTE,USA,Alpharetta
6906,Reybots,USA,Chicago
6907,The G.O.A.T,China,Shanghai
6908,Infuzed,USA,Cary
6909,SAKURA Tempesta,Japan,Chiba
6910,Mill Creek Steel Talons,USA,Hoschton
6911,SO BOTZ,USA,Orangeburg
6912,InterGalactic Transformers,USA,Saint Paul
6913,North Crawford Robotics Club,USA,Soldiers Grove
6914,Retro5ive,USA,Allen Park
6915,Bulldogs,USA,Hesperia
6916,Iron Thunder,USA,Columbus
6917,Voyageur Robotics,Canada,Atikokan
6918,Napa Cellar Rats,USA,Napa
6919,The Commodores,USA,Albany
6920,Force Fusion,Netherlands,Oirschot
6921,Technados,USA,Pennsauken
6922,Apache Genesis,USA,Nogales
6923,Royal Blue Robotics [RB]^2,USA,Saint Francisville
6924,Hogarth Hornets,Canada,Markham
6925,W.A.Robotics,USA,College Park
6926,RobotiCats,USA,Clovis
6927,The Franklinton Firebirds,USA,Columbus
6928,Blue Armadillos,USA,Greeneville
6929,Cuivre & Or,Canada,Rouyn-Noranda
6930,Hill Robotics,USA,Staten Island
6931,The Red Company ,USA,Tucson
6932,SMART,USA,Sylva
6933,Archytas,USA,Bethel
6934,Scorps,USA,Camarillo
6935,The Brainy Bunch- Ingram Tom Moore HS,USA,Ingram
6936,Vault 6936,USA,Beavercreek
6937,McCallie Robotics,USA,Chattanooga
6938,STEM3 West Robotics,USA,Los Angeles
6939,The Houde Academy,China,Shenzhen
6940,Violet Z,China,Shanghai
6941,IronPulse Robotics,China,Shanghai
6942,SAIE,China,Shenzhen
6943,Blue Bears,USA,Newark
6944,Wolverines,USA,Cumming
6945,Children of the Corn,USA,Blairstown
6946,F & E,China,Kunming
6947,Savage Tumaz,Chinese Taipei,Taipei
6948,EAGLES,Türkiye,Kartal
6949,F.E.W Bots,China,Nanjing
6950,The Breakfast Club,USA,Stuart
6951,Spartans,USA,Porter
6952,Vector Machines,China,Shenzhen
6953,Quetzals,Canada,Brossard
6954,Titans of Industry,USA,Dearborn
6955,Los Chilis,Chile,Santiago
6956,SHAM-ROCK-BOTICS ☘,USA,Westfield
6957,A.C.E.S. (Army of Christian Engineering Students),USA,Henderson
6958,CougarBots,USA,Warren
6959,Organized Chaos,USA,Centralia
6960,The Rusty Huskies,USA,Riverside
6961,SIbots,USA,Chesnee
6962,Antares,USA,Mountain View
6963,Blood Sweat and Gears,USA,Remus
6964,BearBots (FRC),USA,Columbus
6965,Tecmilenio XibalBots 6965,Mexico,Cancún
6966,Sons Of God ,Mexico,Toluca
6967,A.T.Vortex,China,Shanghai
6968,Team Pi,Netherlands,Eindhoven
6969,Cyborgs6969,USA,West Nyack
6970,Barbarian,China,Qingdao
6971,The Sky Savior,China,ZhengZhou
6972,NEXUS Robotics,Canada,Calgary
6973,Obliq Tech ,Ethiopia,Adama
6974,Zia Robotics,USA,Albuquerque
6975,The Neil McNeil Brotherhood Bots,Canada,Scarborough
6976,Electric Eagles,USA,Kansas City
6977,Cyber Squad,Canada,North York
6978,QuickStrike Niagara,Canada,Saint Catharines
6979,The 5 Nighters,Canada,Lacombe
6980,VERTIES,China,Zhengzhou
6981,Clockwork Concord,USA,Concord
6982,Team CEL Paraguay,Paraguay,Asunción
6983,Tecmilenio - STEMHAWKS - 6983,Mexico,Monterrey
6984,Magical Monkey,China,Nanjing
6985,ENKA TECH,Türkiye,Dilovası
6986,PPT Bots,China,Nanjing
6987,Falcon Automation,Canada,Fenelon Falls
6988,ACI35,Türkiye,Göztepe
6989,KAISER,Türkiye,Istanbul
6990,Ambition,China,Shanghai
6991,Crosbotics,China,Shanghai
6992,FrancoBots,Canada,Sarnia
6993,Dragons ,USA,Lubbock 
6994,Citadel,Turkey,Istanbul
6995,NOMAD,USA,Escondido
6996,Koalafied,Australia,Adelaide
6997,Bad wolf,China,Chongqing
6998,Unipards,Chinese Taipei,Tainan
6999,B.E.S.T.,Turkey,Sinop
7000,Newton's 4th Law,China,Chengdu
7001,Buning Power,China,Zhengzhou 
7002,风云蹦豆,China,Taiyuan
7003,Robots A-Gogo,Chinese Taipei,Changhua
7004,Ossining Owls,USA,Ossining
7005,RAHS Phoenix,USA,Seattle
7006,IMC,China,Shenzhen
7007,RROOTT,China,Beijing
7008,YakRob,Turkey,İstanbul
7009,Carp & Donkey,China,ZhengZhou
7010,SINFEN ROBOTICS,Turkey,MERKEZ
7011,ROBOFEN,Turkey,ISPARTA
7012,Rainerum Robotics,Italy,Bolzano
7013,ACCN Techtronix,Canada,Scarborough
7014,YIWU TEAM,China,yiwu
7015,Bannerlords,Turkey,Istanbul
7016,PV Shock Bots,USA,Putnam Valley
7017,Fellowship of the Gear,USA,Mesa
7018,EOLOTICS - Peñoles,Mexico,El Espinal
7019,Rubber Ducks,USA,Hopkins
7020,IM ROBOT,USA,Iron Mountain
7021,TC Robotics,USA,Arcadia
7022,ACE Robotics,Canada,Cambridge
7023,Tamworth Titans,Australia,Tamworth
7024,ENFORCERS,USA,Egg Harbor Township
7025,BETA,USA,Fountain Valley
7026,Team Vinity,USA,Fort Lauderdale
7027,Radioactive Rebels Robotics,USA,Parish
7028,Binary Battalion,USA,Saint Michael
7029,Scotbotics,USA,Laurinburg
7030,The ROBOlympians,USA,Lake Placid
7031,Duanesburg Jr./Sr. High School,USA,Delanson
7032,Raptors,USA,La Pine
7033,Manna Roosters 7033,Brazil,Curitiba
7034,2B Determined,USA,West Linn
7035,MEF Thunders,Türkiye,istanbul
7036,The Beta Bots,USA,Brooklyn
7037,Jeunes D'Argent - FresnilloPLC,Mexico,"FRESNILLO, ZACATECAS"
7038,Totino-Grace Pizza Pi's,USA,Minneapolis
7039,❌⭕,Israel,PARDES HANA
7040,POTROBOTS,Mexico,TURUACHI
7041,Doomsday Dogs,USA,Carlton
7042,Poly Rabbotics,USA,Long Beach
7043,RoboPirates,USA,Rocky River
7044,FeneRobotics,Turkey,Atasehir
7045,MCCrusaders,USA,Denville
7046,UNIMATE,Mexico,San Luis Potosí
7047,Magic Frog,China,zhengzhou 
7048,Red River Rage,USA,Fargo
7049,Marine Machines,USA,Shreveport
7050,SARNIC,Türkiye,ISTANBUL
7051,RoboDons,USA,Baldwin Park
7052,Falcotronix,Canada,Thunder Bay
7053,Robo Huskies,Canada,St-Hubert
7054,SC Sailors,USA,Byron Center
7055,Quantum Steam,USA,Bay Village
7056,The F.A.S.T. Team - Fowlerville Area Scientific Technicians,USA,Fowlerville
7057,Titanators,USA,Orange Cove
7058,StrathDroids,Canada,Strathroy
7059,Bot-E Builders,USA,Prescott
7060,Riverside Military Academy Eagle Bots,USA,Gainesville
7063,Wagner TRILOBYTES,USA,San Antonio
7064,Voltron Robotics,USA,Lansing
7065,Wolverine 1 ,USA,Montgomery
7066,Faulkner County Library Gadget Droids,USA,Conway
7067,Team Streak,Israel,Jerusalem 
7068,Mechanical Masterminds,USA,Saint Francis
7069,Taipei 101,Chinese Taipei,Taipei
7070,ADİL,Türkiye,Istanbul
7071,ITU-Robee,Türkiye,ISTANBUL
7072,O.G.R.E. (Opelika's Greatest Robotics Engineers),USA,Opelika
7073,Ottawa Hills High School,USA,Grand Rapids
7074,Reapers,Australia,North Sydney
7075,Gearbreakers,USA,Pleasant Plains
7076,WestTech Sentinels,USA,Augusta
7077,Hawk of Flames,USA,Las Vegas
7078,BENG DOU,China,TAIYUAN
7079,Co-Bot,Israel,Haifa
7080,Vision,China,Beijing
7081,NEYC,China,Shenyang
7082,Rogozin,Israel,Kiryat Gat
7083,Green Hekma,Israel,Nazareth
7084,Hillman Pyrobots,USA,Hillman
7085,Wired Warriors,USA,Pawleys Island
7086,IOROBOT,Türkiye,Arnavutköy
7087,BCS,Canada,Balcarres
7088,Somerset Robodogs,USA,Somerset
7091,KnightOwls,USA,Dallas
7092,Bionic Bulldogs,USA,Lyford
7093,Veritas Valiants,USA,Austin
7094,Alpha Omega,USA,Bay Saint Louis
7095,HiMach,China,Beijing
7096,Educated Business,USA,Los Gatos
7097,The Archers ,USA,Myrtle Beach
7098,Seoul High School,USA,APO
7099,Osan Middle/High School,USA,APO
7100,Noble Mechanical Knights,USA,North Berwick
7101,Genesee Robotic Wolves,USA,Genesee
7102,PrepaTec - Daedalus,Mexico,Zapopan
7103,Robo Remedy @ Manitowoc Lutheran High School,USA,Manitowoc
7104,The Bot Brothers,USA,Savannah
7105,PBG AREA ROBOTICS,USA,Palm Beach Gardens
7106,MPV StingerBots,USA,Mulberry
7107,Blazer Robotics,USA,Boca Raton
7108,volTRan,Türkiye,Fatih
7109,Clare Chaos Theory,USA,Clare
7110,Heights Bytes,USA,Haddon Heights
7111,RAD Robotics,USA,Huntsville
7112,EverGreen,Israel,Kadima-Zoran
7113,Control Rising,Australia,Perth
7114,Robo-Raiders,USA,High Point
7115,Red Lion Bots,USA,Houston
7116,Électriks,Canada,Shawinigan
7117,Robotic Dragons,USA,De Soto
7118,ScotBots,USA,Shoreline
7119,Sunset RoboBison,USA,Dallas
7120,ThunderChicas,USA,Dallas
7121,Keller Fusion Robotics,USA,Keller
7122,WYSIWYG,USA,Des Moines
7123,Emerald City Robotics,USA,Mount Vernon
7124,8-bit Destroyers - Cranebrook HS,Australia,Cranebrook
7125,Tigerbotics,USA,Glen Rose
7126,Atom.OS,USA,Newmarket
7127,LongMetal Robotics,USA,Longmeadow
7128,XLR8,Australia,Wantirna
7129,Pilbara Protons,Australia,South Hedland
7130,Future Shock,Chinese Taipei,Taichung
7131,Mavericks,Canada,Caledon
7132,Axeman,Canada,Mississauga
7133,STEAM Makers,USA,Farmington
7134,rOctopus,Turkey,Aydin
7135,System Reset,Canada,Surrey
7136,Titanium Titans,Canada,Etobicoke
7137,Project 212,USA,Concord
7138,Wing It,USA,Fischer
7139,AERO,Colombia,MANIZALES
7140,OKSEF ROBOTICS,Turkey,IZMIR
7141,Cyberhounds,USA,Fort Madison
7142,Saydel High School Robotics Team---Vulcan Eagles,USA,Des Moines
7143,The Cyber-Eagles,USA,Detroit
7144,NexTech Hydra,USA,Okemos
7145,RoboHawks,USA,Detroit
7146,Infinity Robotics,China,Shenzhen
7147,Rising Falcons,USA,Ann Arbor
7148,Faster Than Light,China,Zhengzhou
7149,WuKong,China,Beijing
7150,Ogemaw Overdrive,USA,West Branch
7151,Real Robotics,USA,Herriman
7152,Owltonomous,USA,Boca Raton
7153,Aetos Dios (Eagles of Zeus),USA,Manchester
7154,TheROK,USA,Kingsford
7155,The Robotic Rangers,USA,Manton
7156,Metal Heads,USA,Norway
7157,μBotics,USA,Brea
7158,The Conspirators,Canada,Langley
7159,Burnaby Central Secondary,Canada,Burnaby
7160,Ludington O-Bots,USA,Ludington
7161,LeopardBots - Peñoles,Mexico,Zacazonapan
7162,Maraudeurs,Canada,Laval
7163,A.I. Metal Pies,Australia,Macquarie Fields
7164,RHODE REBELS,USA,Providence
7165,Perkins Pirates,USA,Sandusky
7166,Red Thunder Robotics,USA,Laingsburg
7167,Spectrum ThunderBots,Canada,VICTORIA
7168,Infinity,USA,Detroit
7169,Belmont Bytes,Canada,Victoria
7170,Spooky Action Robotics,Canada,Comox
7171,Wolverine Wildcats,USA,Wolverine
7172,AEA Robolution,USA,Oscoda
7173,Garibaldi Robotics,Canada,Maple Ridge
7174,Charger Robotics,USA,Dearborn Heights
7175,Team Red Line,USA,Clinton
7176,ROC,Canada,Unionville
7177,Turismo,Israel,tayibe
7178,Yeti,USA,Walled Lake
7179,Crossfire,USA,Garland
7180,Wellstone Lions,USA,Minneapolis
7181,Lions,USA,Florence
7182,Robotic Indians,USA,Leighton
7183,W.A.R.,USA,Las Vegas
7184,BIT CHALLENGE,China,Foushan
7185,TartanBots,USA,Glendora
7187,Gear Cats,USA,Delton
7188,SaddleBots,USA,Warren
7189,EX NIHILO,Canada,Kelowna
7190,Vancouver Rainstorms,Canada,Vancouver
7191,Gator Nation Innovators,USA,Melvindale
7192,Blue Thunderneers,USA,Croswell
7193,Invictus,USA,Fort Myers
7194,iRam,USA,New Port Richey
7195,Twin River Robotics,USA,Portland
7196,Tech Tigers,USA,Detroit
7197,Mountie Megabots,USA,Jackson
7198,TL Fearsome Gears,USA,Monticello
7199,Thunder,Canada,Maple Ridge
7200,Banting Robotics,Canada,Alliston
7201,Crobotics,Croatia,Rijeka
7202,Cyber Orioles,USA,Morrice
7203,Cyber Bearcats,USA,Battle Creek
7204,Freedom Gliders,USA,Prospect
7205,Dene Strong Engineering,Canada,La Loche
7206,Titanium Rex,USA,Center Line
7207,Angry Birds,Canada,Delta
7208,CMA Voyagers,USA,Charlevoix
7209,Titanium Trojans (Homer Robotics Club),USA,Homer
7210,RoboJackets  7210,USA,Greenville
7211,Hollywood,USA,Holly
7212,LCS Warriors,USA,Lebanon
7213,Gladwin Knights,USA,Gladwin
7214,Tiger-OPS Robotics,USA,Marana
7215,Patriots,USA,Hollywood
7216,CHARGERS ROBOTICS,USA,North Miami Beach
7217,SallaBots / ULSA Laguna,Mexico,TORREON
7218,Bradford Botdogs,USA,Southfield
7219,Olivet Eagles,USA,Olivet
7220,Steel Falcons,USA,Brighton
7221,Viking Robotics,USA,Jackson
7222,The Fighting Anomalocari,USA,Parma
7223,MVHS Robotics,USA,Vermontville
7224,RoboDrakens 7224,USA,Hazel Park
7225,Mechatronic Mustangs,USA,Milford
7226,Error 404,USA,Lansing
7227,Tornado,Turkey,Kayseri
7228,Tigers,Türkiye,İstanbul
7229,Electronic Eagles,USA,Sacramento
7230,Mythic Mechanix,USA,Irvine
7231,Team Freedom,Dominican Republic,Distrito nacional
7232,Pharaohs,USA,Detroit
7233,Hope Of Detroit Warriors,USA,Detroit
7234,Lee Robotics,USA,Wyoming
7235,Red Lake Ogichidaag,USA,Redlake
7236,ROBOGEDİK,Turkey,Pendik
7237,UniBots,USA,Bridgeview
7238,coolker,China,zhengzhou
7239,Hell Robotics,Norway,Skatval
7240,Nitro Knights,USA,Cambridge
7241,NexTech Knights Robotics,USA,Grand Rapids
7242,FRC 7242,China,Hong Kong
7243,Robo-Lobo-Bellos,USA,Denver
7244,Huskies Robotics,USA,Atlanta
7245,LionBot Robotics,USA,San Lorenzo
7246,Thom Collegiate Trojans,Canada,Regina
7247,Magical Smurfs,USA,Fair Haven
7248,Tactical Hams,USA,Wyoming
7249,CVH SPARTANS,USA,Chula Vista
7250,OsCODEa 0w|5,USA,Oscoda
7251,Warrior Robotics,USA,Salamanca
7252,Ionia Bulldogs,USA,Ionia
7253,Timber Wolf,USA,Portland
7254,Knowmads,USA,East Lansing
7255,Mechanical Mettle,USA,Charleston
7256,Irish Robotics,USA,Kalamazoo
7257,Semiconductors,USA,Sauk Centre
7258,Robolobos - Hiawatha Collegiate,USA,Minneapolis
7259,Mechanical Mustangs,USA,Granby
7260,Diamondback Turtles  (Heritage High School),USA,Rogers
7261,Mulgrave Robotics,Canada,Victoria
7262,QBOT,Canada,Quesnel
7263,TOPPS TECH,USA,Pine Bluff
7264,Cougar Robotics,USA,New Braunfels
7265,Skeleton Crew,USA,Hampstead
7266,NBHS Steampunks,USA,North Brookfield
7267,Lisgar Robotics Club,Canada,Ottawa
7268,BCNY Gerry Robotic Lions (East Harlem),USA,New York
7269,ISB VoltBots,USA,Cambridge
7270,The Bandits,USA,Burgaw
7271,Hangar 84,USA,Roswell
7272,Envirobots,USA,New York
7273,ZooM 7273,USA,Zumbrota
7274,Brashear Bulls Robotics,USA,Pittsburgh
7275,PRIDE Robotics,USA,New Orleans
7276,Success Initiative Robotics,USA,Spartanburg
7277,Mandela United Squadron,Canada,Calgary
7278,Toormina High School,Australia,Toormina
7279,Xishan Senior High School Team,China,Wuxi
7280,MITO Octopus,China,Changshu
7281,F.G.,China,Shanghai
7282,Semia United 1,China,Shanghai
7283,Semia United 2,China,Shanghai
7284,Semia United 3,China,Shanghai
7285,Sneaky Snakes,Türkiye,Şişli
7286,Enigma,Israel,daliat el carmel 
7287,Esquimalt Atom Smashers,Canada,Victoria
7288,NOMMA D3V1LB0TS,USA,New Orleans
7289,Blue Eagles,USA,Fowler
7290,TARHUNDA,Turkey,ADANA
7291,TYANA - NİĞDE GAZOZU,Turkey,NİĞDE
7292,HITTITE ANGELS,Türkiye,Çorum
7293,COTANAK ROBOTICS,Turkey,Piraziz
7294,RoboCirak,Turkey,Istanbul
7295,SPECTRUM,Turkey,SAMSUN
7296,TeRoBoT,Türkiye,Levent
7297,KAFKAS KARTALLARI,Turkey,KARS
7298,TOROS,Türkiye,Istanbul
7299,Robotic Eagles,Mexico,Santa Catarina
7300,Dectro,Turkey,Edirne
7301,Jackbots,USA,Saint Maries
7302,afaq school team ,Israel,kfar manda
7303,Reach Robotics,USA,Haslet
7304,CAPA MEE6,Turkey,ISTANBUL
7305,Rambo Robotics,USA,Snow Hill
7306,Epping High School,USA,Epping
7307,Team Muskwa,USA,Rancho Palos Verdes
7308,DeepVision,USA,Los Altos
7309,Green Lightning,USA,Storm Lake
7310,Lightning Gears,Mexico,Culiacan
7311,Boring Robots,USA,Virginia
7312,T3,USA,Tomball
7313,SBA Talon Tech  #7313,USA,Cordova
7314,Tornadoes,USA,Franklin
7315,Giga Knights,USA,Albany
7316,Ursuline Academy High School ,USA,New Orleans
7317,Armor Robotics,USA,San Francisco
7318,Nanuet Knightronz,USA,Nanuet
7319,1UP,USA,Garland
7320,Astralis,Turkey,Diyarbakir
7321,Águila Robótica,USA,Irving
7322,YVHS Robotics,USA,Yucca Valley
7323,TriTron,USA,Oxnard
7324,The RoboRaiders,USA,Oxnard
7325,ASU  Brave Guide Right ,USA,Natchez 
7326,Red Riot,USA,Oxnard
7327,Metal Jackets,USA,Oxnard
7328,Frontier High School,USA,Camarillo
7329,The Afghan Dreamers,Afghanistan,Jadeh Mahbas
7330,C.O.U.G.A.R.S (Cybernetic Operational Unit Generated For Artificial Robotic Syst,USA,Dendron
7331,Bionic Riot Rebel Robotics Baton Rouge ,USA,Baton Rouge
7332,Vancouver Puddle Jumpers,Canada,Vancouver
7333,Ghost,Netherlands,Eindhoven
7334,Esquimalt Proton Pulverizers,Canada,Esquimalt
7400,ThunderMiners,USA,Melville
7401,DevTech117,USA,Concord
7403,Lightning Blue Lizards,Colombia,Envigado
7405,IcyNights,China,Zhangjiagang
7406,Ministry of Mechanics,USA,Cleveland
7407,Wired Boars,USA,Wallingford
7408,Pearl City Cats,USA,Boca Raton
7409,GLOW,USA,Boca Raton
7410,Texas Toast FRC,USA,Clute
7411,CrossThreaded,USA,Cedar Falls
7412,KDHS Robotic Owls,USA,Metairie
7413,Plus Ultra,USA,Pacific Grove
7414,RetroRobotics,USA,Collegeville
7415,Jaguar Robotics Sponsored By Feit Electric,USA,West Hills
7416,Northern Horizons,USA,Bethlehem
7417,Bionic Bombers,USA,Williamsfield
7418,Channelview TechnoFalcons,USA,Channelview
7419,TECH Support,USA,Dublin
7420,Napa County Robotics - OtterBots,USA,Napa
7421,PrepaTec - OVERTURE,Mexico,Monterrey
7422,WildBots,USA,Las Vegas
7423,GrizzBot,USA,Las Vegas
7424,Sin City Robotics,USA,Las Vegas
7425,Green Valley Robotics,USA,Henderson
7426,PAIR OF DICE ROBOTICS,USA,Las Vegas
7427,Protocol X Robotics,USA,Milton
7428,Gigawatts,USA,Fort Payne
7429,Convergence,USA,Midlothian
7430,System Overload,USA,Marion
7431,Wingspan,USA,Melbourne
7432,NOS,USA,Independence
7433,Iona Fusion,Australia,PORT MACQUARIE
7434,Beyond The Stars,USA,Dayton
7435,CYBERTRONICS,USA,Saint Charles
7436,8-Bit Miners,USA,South Jordan
7437,Lionautics,USA,Lancaster
7438,Brain Busters,USA,Sherborn
7439,Qubit Robotics,Türkiye,İstanbul
7440,Robo Lions (FRC),USA,Livingston
7441,Chile Watts Robotics,USA,Chula Vista
7442,Jaguar Robotics,USA,Port Saint Lucie
7443,Jag-Wires,USA,Spring Lake
7444,MOON STAR ROBOTICS,Türkiye,istanbul
7445,Garage Robotics,USA,Palo Alto
7446,S.E.A. Monsters,USA,Madison
7447,Rōnin Robotics,USA,Irvine
7448,S.C. Robotics,USA,Adair Village
7449,Lithium Robotics,USA,Acworth
7450,oTECH Aimbots,USA,Kissimmee
7451,AvengerRobotics,USA,Cumming
7452,Dupo Tigers,USA,Dupo
7453,Lobo Robotics,USA,Littlerock
7454,Huskies on Hogs,USA,Evansville
7455,Narbots,USA,Harbor City
7456,Aurobots,Canada,Aurora
7457,suPURDUEper Robotics,USA,Indianapolis
7458,Senior Robotics Team,Türkiye,Atatürk Mah.
7459,Taubatexas Robotics,Brazil,Taubaté
7460,Avi and Friends,USA,Sylvania
7461,Sushi Squad,USA,Redmond
7462,Disruptive Technologies,USA,Danbury
7463,Incandescent Mice,USA,Apex
7464,ORION,USA,Norman
7465,Magnetech,Türkiye,Atakum
7466,Cymurghs,Türkiye,Izmir
7467,Devils Burn-In,USA,West Memphis
7468,FireBolts,USA,San Francisco
7469,META ROBOTICS,Türkiye,Istanbul
7470,RAMBOT ROBOTICS,USA,Sylvester
7471,Robo Montagnards,Canada,Mont-Saint-Hilaire
7472,R2JESU Robotics,USA,Saint Louis
7473,Mechanics!,USA,Tecumseh
7474,JXN United,USA,Ridgeland
7475,WIRED 7475,Canada,Woodstock
7476,EOM Robotics 7476,Canada,Kanata
7477,Giddy GOATS,USA,Mishawaka
7478,ISTECH,Turkey,İstanbul
7479,Cardinal Robotics,USA,Elizabeth
7480,Machine Mavericks,Canada,Kingston
7481,istiklal,Türkiye,Kastamonu
7482,Lincoln Panther Robotics,USA,Riverside
7483,Mechanically Challenged,USA,Viola
7484,Wings of Steel,USA,Fort Campbell
7485,Mo Co Robo,USA,Craig
7486,Hudson Hybrids,USA,Hudson
7487,Palm Beach County Sheriff PAL WestGate,USA,West Palm Beach
7488,Milagro & Village Academy,USA,Delray Beach
7489,R2R,USA,Boca Raton
7490,Boys & Girls Club of Riviera Beach,USA,West Palm Beach
7491,Cyber Soldiers,USA,Burton
7492,Turbo Torque,USA,The Woodlands
7493,Phoenix Force Robotics,USA,Tukwila
7494,Circuit Bizurkers,USA,Missouri City
7495,SHAbotics,USA,Mount Pleasant
7496,Robo Indians,USA,Mascoutah
7497,MARAHO,Chinese Taipei,Taipei
7498,Wingus & Dingus,New Zealand,Auckland
7499,Stallion Robotics,USA,Tifton
7500,MARAUDERS,USA,Fort Lauderdale
7501,Golden Gears,USA,Brooklyn
7502,CyberBuggies Northridge High School,USA,Middlebury
7503,Radicubs,USA,Frisco
7504,CyBearBots,USA,Brewster
7505,PTU,China,SHANGHAI
7506,WILDCARDS,USA,Arlington
7507,Terminators Educational Robotics Team,Greece,Karditsa
7508,STartEM ,USA,Temple
7509,Brainstorm Robotics,Canada,Six Nations of the Grand River and Brantford
7510,Prowlers,USA,Houston
7511,GWAMA FRC Robotics,USA,Waco
7512,Lions Bots,USA,Mobile
7513,Muskrat,China,Shenzhen
7514,EVE Robotics,USA,Atlanta
7515,Dark Side Robotics,USA,Williamstown
7516,Louisville Centrons,USA,Louisville
7517,Massis Robotics,USA,Encino
7518,Generals FRC,USA,Houston
7519,Silver Warriors,USA,Clewiston
7520,Team MineKee,Canada,North York
7521,ULTIMATE Robotics,USA,Laredo
7522,ElephantRobo,China,Shanghai
7523,SpringBots,South Africa,Centurion
7524,Regen,China,zhengzhou
7525,Pioneers,USA,Nashville
7526,Welcome to team,Chinese Taipei,kaohsiung
7527,Kaohsiung power,Chinese Taipei,Kaohsiung
7528,Nuts and Bolts,USA,Morgan Hill
7529,Mulan,China,Shenzhen 
7530,Raiders of the Lost Spark,USA,Watertown
7531,Servos Strike Back,USA,Dubuque
7532,Gophertronics,Canada,Winnipeg
7533,OSO-TECH,USA,El Paso
7534,Dragonflies,USA,Fort Worth
7535,Purple Poison,USA,Arlington
7536,ANKA ROBOTICS,Türkiye,Başakşehir
7537,Thunderbots,USA,Henderson
7538,Metal Mountain,USA,Lawrenceville
7539,Elev8,India,Mumbai
7540,Timberwolf Robotics,USA,Sandia Park
7541,Maple River Robotics 7541,USA,Mapleton
7542,Entel Foreign language school,China,Hangzhou
7543,Graphene ,China,Hangzhou
7544,IZMIR ROBOTIK,Türkiye,Konak
7545,Leptechons,USA,Yuma
7546,Prepa Tec - MinerZ,Mexico,Guadalupe 
7547,Hawkinators,USA,Glendale
7548,Le Jardin Academy,USA,Kailua
7549,LYBOTICS YOUTH TEAM,Libya,Tripoli
7550,DieForTonga,Tonga,Nukualofa
7551,Extreme Mechanism,Chinese Taipei,Zhuqi
7552,PERSEUS,Türkiye,HATAY
7553,OSTC -  SWEET BOTS,USA,Wixom
7554,Green Rockets,Israel,Jaffa of Nazareth
7555,Maestro,Canada,Lachine
7556,PRISER,Turkey,Istanbul
7557,dasheng,China,Hangzhou
7558,ALT-F4,Canada,North York
7559,Sweet Springs Robotics Team,USA,Sweet Springs
7560,Meteor Bots,USA,Chicago
7561,Blue Flamingos,Australia,Keiraville
7562,NSU Demons Robotics,USA,Natchitoches
7563,SESI SENAI MEGAZORD,Brazil,Jundiaí
7564,Lakers,Canada,Oshawa
7565,SESI SENAI ROBONÁTICOS,Brazil,São Paulo
7566,Z SESI SENAI NIÓBIO,Brazil,Campinas
7567,SESI SENAI OCTOPUS,Brazil,Bauru
7568,Tro-Bots,USA,Marianna
7569,Optimus Robotics,Türkiye,Ataşehir
7570,New Tech,Poland,Zamosc
7571,SESI/DN #1,Brazil,Brasília
7572,Uplift Robotics,USA,Lake Forest
7573,MULEBOTICS,USA,Muleshoe
7574,Les Sentinelles,Canada,Montreal
7575,Stark Robotics,Türkiye,Büyükçekmece
7576,FMWill,Türkiye,Istanbul
7577,VELABOTS - Peñoles,Mexico,Velardeña
7578,Quantum Mechanics,USA,Jamestown
7579,SESI/DN #2,Brazil,Brasília
7580,SESI/DN #3,Brazil,Brasília
7581,SESI/DN #4,Brazil,Brasília
7582,SESI/DN #5,Brazil,Brasília
7583,Embers,Australia,Mount Kembla
7584,RoverBots,USA,Easton
7585,The Thunder,Turkey,Büyükçekmece
7586,The Salted Fishballs,China,Hangzhou
7587,Metuchen Momentum,USA,Metuchen
7588,H.I.I Robot,China,HANGZHOU
7589,Lishan Blue Magpie,Chinese Taipei,Taipei
7590,Wisigoths,Canada,Trois-Rivieres
7591,Aurora,China,Beijing
7592,Sugar Nerds,Saint Kitts and Nevis,Basseterre
7593,SymbiOHSis,New Zealand,Auckland
7594,Nautilus,China,Shenzhen
7595,Crosspoint at Shanghai & Suzhou United,China,Suzhou
7596,Trojan Horses,USA,Rushford
7597,Team HorsePowered,USA,Fraser
7598,SCA Constellations,USA,Wixom
7599,Blue Pride,USA,Philadelphia
7600,VORTEX,Türkiye,Istanbul
7601,Shenzhen Unity Stallion,China,shenzhen
7602,Agri-bots,USA,Scottville
7603,7603 VESPA ROBOTICS,Canada,Markham
7604,Sickle and Hammer,China,hangzhou
7605,ASTRO,Canada,Sainte-Therese
7606,Liberty Robotics,USA,Parma Hts.
7607,The Blackbirds,USA,Palmdale
7608,Owlenators,USA,Chicago
7609,Half Bananas,USA,Bridgeview
7610,HZYulan,China,hangzhou
7611,Amal Hawks Robotics,Türkiye,Istanbul
7612,HIS ,China,Hangzhou
7613,Revoltage,Turkey,Silivri
7614,Phoenix Robotics,Canada,Newmarket
7615,PatBots,Canada,Saint-Laurent
7616,Cerberus,USA,Sweeny
7617,RoboBlazers,USA,Carmel
7618,WHS Vikings,USA,Williams
7619,illumiBOTi,USA,Manitowoc
7620,Anthem Bolts,USA,Anthem
7621,Iron Rangers,USA,Spring Branch
7622,Ten More Tons,Canada,West Vancouver
7623,Morebotics,Canada,Hamilton
7624,YOUNG,China,Shanghai
7625,STORMING,China,Changsha
7626,NLHS,Chinese Taipei,Taoyuan
7627,Bearcat Robotics,USA,Monroe
7628,LISA,Switzerland,Altdorf
7629,Deus ex machina 14,China,Hangzhou
7630,SCIE FIRST,China,Shenzhen
7631,Cool Guy,Japan,Toyota
7632,An Kang Robotics Maker,Chinese Taipei,New Taipei City
7633,GRYPHUS ROBOTICS,Colombia,NEIVA
7634,New Hawks,USA,Sandy
7635,SWIS ROBOTICS,China,Shenzhen
7636,Robomania,Chinese Taipei,Daya Dist.
7637,Asimov Effect,Turkey,Sinop
7638,Northern Exposure Robotics Division,USA,Ironwood
7639,ENJOY VARIETY,China,SHENZHEN
7640,CK Steam UNION,China,hangzhou
7641,Normal Force,Chinese Taipei,Tainan
7642,BozlakS,Turkey,kırşehir
7643,UWCDR,Armenia,Dilijan
7644,CCHS,Chinese Taipei, Changhua City
7645,NK MTC,Chinese Taipei,Taipei City
7646,Cadets,USA,Cresco
7647,Juventics,Mexico,Guadalupe
7648,McMainFrame,USA,New Orleans
7649,Feles Numine,USA,Santa Fe
7650,Monte Pacis Robotics,Switzerland,Gossau
7651,Bethlehem Eagles,USA,Bethlehem
7652,Miami Beach Bots,USA,Miami Beach
7653,Minebots 7653 - Fresnillo PLC -CECyTE 18 Ciénega,Mexico,Santiago Papasquiaro
7654,Robot In Shed,USA,Henderson
7655,Hamburg Robotics Team,USA,Hamburg
7656,MC Hammers,USA,Michigan Center
7657,Thunderbots,USA,Evansville
7658,MagiTech,USA,Kalamazoo
7659,HNMCS Robotics,Canada,Mississauga
7660,The Byting Irish,USA,Ann Arbor
7661,IllumiNautili,USA,New Orleans
7662,3RingCircuits,USA,Lebanon
7663,Sleuth Robotics,USA,Fresno
7664,Big Celtic 6,Canada,Guelph
7665,GL Gadgets,USA,Grand Ledge
7667,OtterBots,USA,Napa
7668,GatorBots,USA,New York
7669,Techno R4v7ns - Peñoles,Mexico,Gomez Palacio
7670,Highlanders,USA,Claysville
7671,Fire Hazard 7671,USA,Creedmoor
7672,SCORPIONS ROBOTICS,Türkiye,ANTALYA
7673,Formosan Sika,Chinese Taipei,New Taipei City
7674,RaiderBots,USA,Rochester
7675,Spark Guardians,USA,Gatesville
7676,THS RoboDogs,USA,Thomson
7677,Bodacious Bulldogs,USA,Swanville
7678,DONKERRY,Mexico,Ciudad de Mexico
7679,ROBOVAN,Turkey,Ipekyolu
7680,DFORCE,Turkey,ANKARA
7681,haxhax,Turkey,Afyonkarahisar
7682,FUSION ROBOTICS,Türkiye,Bahçelievler
7683,Harmonia,Türkiye,istanbul
7684,first nilufer team,Turkey,BURSA
7685,SZALTech,Turkey,Istanbul
7686,Acabots,USA,Lafayette
7687,Corcebots - Peñoles,Mexico,Bermejillo
7688,Creekside Robotics,Canada,Burnaby
7689,WMC Robotics,USA,Muskegon
7690,Ironworks Robotics,Canada,Richmond Hill
7691,TSA All Stars,USA,Tomball
7692,Beach Bums  7692,USA,Southfield
7693,Craft Robotics,USA,Morehead
7694,THE IRON LIONS,USA,West Hartford
7695,Trojan Thunder,USA,Highland
7696,Gear Hounds ,USA,Grandview
7699,VeneBot Robotics,Venezuela,Maracaibo
7700,West Tech Paladins,Canada,Westmount
7701,Aérobot,Canada,Montreal
7702,Lions.exe,USA,Clarendon
7703,RoboBears,USA,Cave Creek
7704,Kimball E-TECH / HarozTec,USA,Dallas
7705,Mustangs Robotics,USA,Sugar Land
7706,Rottweilers Robotics,Mexico,Torreón
7707,Cutting Edge Robotics,China,Shanghai
7708,Tiger Nation,USA,Terrell
7709,Formosa Pangolin,Chinese Taipei,Ban Qiao District
7710,Mowat Mustangs,Canada,Scarborough
7711,Applewood Axemen ,Canada,Mississauga
7712,ACCN UMOJA,Canada,Scarborough
7713,Norse Code,USA,Felch
7714,RedRoad,USA,Washington
7715,Robo-Banditos,USA,Elizabeth City
7716,JLW Formula 01,USA,Detroit
7717,Steam Punks,Dominican Republic,Santo Domingo
7718,HVPA Dragons,USA,New Paltz
7719,Java Knights,Indonesia,Depok
7720,⚠️ Dallas Area Robotics Experience ⚠️ ,USA,Carrollton
7721,UHS Wolfpack,Canada,Markham
7722,Resurrection MechaPhoenix,Canada,Kitchener
7723,Tiger Robotics,Canada,Thunder Bay
7724,Molokai Robotics,USA,Hoolehua
7725,PrepaTec - NUTS & VOLTS,Mexico,Monterrey
7726,ShanDong Experimental High School,China,Jinan
7727,Iteration Beaker,China,Jinan
7728,CAAFE,USA,Windermere
7729,RAMs,Türkiye,Tuzla
7730,uNReal,USA,Thiells
7731,CTB Robotics Team,Vietnam,Thai Binh
7732,Artificial Intelligence,China,Wuxi
7733,GreenHSGS Robotics Team,Vietnam,Ha Noi
7734,High School of Education Sciences,Vietnam,Hanoi
7735,Silver Knights,Canada,Markham
7736,DRAMA KINGS,China,Qingdao
7737,RaptorBotics,USA,Denver
7738,Helion,China,Beijing
7739,Royal Tech Warriors,USA,Tarboro
7740,Iron Donkeys,Mexico,Pachuca
7741,RSSH,Chinese Taipei,Kaohsiung
7742,Cosmos Robot Works,Türkiye,Üsküdar
7743,ShanDong Experimental High School,China,Jinan
7744,Wild Cards,USA,Collinsville
7745,College Heights,Canada,Guelph
7746,Culture,USA,Saint Louis
7747,Hancock High Tech,USA,Saint Louis
7748,TECHTOLIA ROBOTICS,Türkiye,istanbul
7749,Level UP,USA,Dallas
7750,Alpine Robo-Bucks,USA,Alpine
7751,The A.E.A.-ALTimate Electric Androids,USA,West Branch
7752,ROBYBAM,Mexico,Tijuana
7753,Tj Robotics,Mexico,Tijuana
7754,STAR,USA,Saint Augustine
7755,Phantom Circuits,USA,Casa Grande
7756,Bionic Blue Devils,USA,Hopewell
7757,Atomic Dishwashers,Canada,Owen Sound
7758,MEVOLUTION,Türkiye,ISTANBUL
7759,Bulldog Bytes,USA,Irvington
7760,Griffin Innovations,USA,Pomfret
7761,Eagle Tech,Turkey,Kartal
7762,AutoPilots,USA,Warren
7763,Carrborobotics,USA,Carrboro
7764,Voltech,Chile,Santiago
7765,STEM SOPÓ,Colombia,SOPÓ
7766,Panthers,USA,Heber Springs
7767,Rock City Robots,USA,Little Rock
7768,The AutoMatons,USA,Iron River
7769,The CREW,USA,Royal Oak
7770,Infinite Voltage,USA,Churchville
7771,Lakewood Robotics,USA,Lakewood
7772,The Lucky 7's,USA,Montrose
7773,UB Ignite,USA,Park Hills
7774,Duval Techs,USA,Jacksonville
7775,Dunedin Talons,USA,Dunedin
7776,MVR,USA,Okanogan
7777,Septobots,USA,Greenfield
7778,D' Elite Cookies,USA,Bakersfield
7779,Under Pressure,Australia,Perth
7780,Colyton High School,Australia,Colyton
7781,Port Moody Robotics,Canada,Port Moody
7782,Wolverine Circuit Breakers,USA,Rock
7783,St. Mary's Preparatory,USA,Orchard Lake
7784,Vassar Voltage,USA,Vassar
7785,Mechanical Mustangs,USA,Shenandoah
7786,Power Surge,USA,Woodbury
7787,Reynolds Reybots,Canada,Victoria
7788,The Electro Vikings,USA,Inkster
7789,Oakland Panthers,USA,Detroit
7790,Baywatch Robotics,USA,Harbor Springs
7791,Lincoln Abes,USA,Warren
7792,ROBOTAYFA,Turkey,Reyhanlı
7793,Team Zimbabwe,Zimbabwe,Harare
7794,Eagle Engineers,USA,Marion
7795,Norse Code,USA,Winthrop
7796,Breaker Robotics,Canada,Richmond
7797,RipSaw Robotics,USA,Cloquet
7798,Cougar Coders,USA,Helena
7799,Phat Cache,Canada,Calgary
7800,Electric Comets,Canada,Windsor
7801,Frisch CouGears,USA,Paramus
7802,Dust Devils,USA,Dayton
7803,Pioneer Robotics,USA,Omak
7804,Team Sabotage,USA,Cabot
7805,Walnut Grove Gators,Canada,Langley
7806,KDHS Kolts,Canada,Kapuskasing
7807,Cambridge Panthers,USA,Garden City
7808,Kalkaska Dragoneers,USA,Kalkaska
7809,FROST BYTE  Robotics,USA,Bangor
7810,Eagle Robotics,USA,Muskegon
7811,Flamin' Hot Tigers,USA,Battle Creek
7812,Robot Warriors,USA,Ionia
7813,New Haven RoboRaptors,USA,New Haven
7814,RV Gearheads,USA,Three Oaks
7815,CavBots,USA,Spencer
7816,Wizards of Wire,USA,Ishpeming
7817,Lansing Catholic Cougars,USA,Lansing
7818,Williamston High School Vespidae,USA,Williamston
7819,Automataardvarks,USA,Portland
7820,DawgBots,USA,Detroit
7821,Ravenna Bulldogs Robotics,USA,Ravenna
7822,Generals Robotics,USA,South Hamilton
7823,Double Negative,USA,Rogers City
7824,165th Airlift Wing Air National Guard Eagles,USA,Savannah
7825,DAMBAZE,Turkey,İZMİT
7826,Robotic Sentinels,USA,Marquette
7827,Yooper Robotics,USA,Crystal Falls
7828,KALROBOTICS,Türkiye,Kadikoy
7829,test team turkey,Turkey,test
7830,Ultimate Robotics,Türkiye,Üsküdar
7831,BALİSTA BİLSEM,Türkiye,İSTANBUL
7832,Hayata Destek,Turkey,İstanbul
7833,FALCONS,USA,West Palm Beach
7834,Neville High School,USA,Monroe
7835,APRIKOD,Turkey,KULUNCAK/MALATYA
7836,NEC@ Co-Lin,USA,Natchez
7837,Mechanised Chaos,USA,San Antonio
7838,Crobotics,Australia,Crows Nest
7839,Night Fury,Türkiye,Beşiktaş
7840,EMONER ROBOTICS,Türkiye,Istanbul
7841,TECHNO-ROB,Türkiye,ÇAYIROVA
7842,LVGalaxy,USA,Lake Village
7843,The Galactic Defenders,Canada,Bentley
7844,Yirara College,Australia,Alice Springs
7845,8BIT,Israel,Jerusalem
7846,Zombie Squad,USA,Barton
7847,Lincoln's Horse Power....Abraham Lincoln Robotics Club,USA,San Francisco
7848,WI-FIghterz,USA,Pontiac
7849,Da Vinci's Creation,USA,Saint Paul
7850,Bio-Bots,USA,Coon Rapids
7851,NeuraBl!nk,Ukraine,Kyiv
7852,DENİZYILDIZLARI_MTAL,Turkey,DARICA
7853,Kronecker Delta,USA,Elizabeth
7854,MTCPS Bathers,USA,Mount Clemens
7855,Chronic Robophobia,USA,Mesick
7856,UPAD  Fusion,USA,Detroit
7857,OPFI Robo Knights,USA,Oak Park
7858,Warriors,USA,Olivia
7859,Summit Electro-Dragons,USA,Romulus
7860,Falcon,USA,Sterling Heights
7861,The Wildkatz - RoboKatz,USA,Alba
7862,Mott Bears,USA,Flint
7863,ATA,USA,DETROIT
7864,The Bear Bots,USA,Cook
7865,HODAbotics,USA,Detroit
7866,Balista,Turkey,İstanbul
7867,NEBULA,Turkey,TEPEBASI
7868,FC Mustangs,USA,Forrest City
7869,The Fun Gang,USA,New Haven
7870,The RoboHawks,USA,Reno
7871,South Gate High School Robotics,USA,South Gate
7872,Wimberley Wavelengths,USA,Wimberley
7873,AURORA,Turkey,Istanbul
7874,RoboCats,USA,Monroe
7875,MNIC Robotics,USA,Saint Paul
7876,AC JONES ROBOTICS,,
7877,Neuro Brytes,USA,Camden
7878,PBHS Robotics Team,USA,Pine Bluff
7879,TigerBots,USA,Hanover
7880,Rancho RAMBOTS,USA,Las Vegas
7881,Cuyahoga Heights High School,USA,Cleveland
7882,SKYFIRST,Israel,TEL AVIV
7883,CCHS RazorBots,USA,Augusta
7884,Delta Phoenix,Australia,Parramatta
7885,Panther Tech,USA,Elyria
7886,Cadet Robotics,USA,Frederick
7887,Final FRONTIER,USA,Camarillo
7889,OSAT,Canada,Edmonton
7890,SeQuEnCe,USA,Burlington
7891,Inov8,USA,Longmont
7892,Medford RoboTigers,USA,Medford
7893,Maple Lake High School,USA,Maple Lake
7894,The Hawk Nation,USA,Flint
7895,Trobots,USA,Homedale
7896,CyberNoles,USA,Osceola
7897,WHS Auto Barks,USA,Winslow
7898,Cool Geeks,USA,Honolulu
7899,Gibsland-Coleman STEM Club,USA,Gibsland
7900,Trial N' Terror,USA,Racine
7901,Snow Hill Robotics,USA,Snow Hill
7902,Markham FireBirds,Canada,Markham
7903,Tigers,USA,Rochester
7904,Mountaineers,USA,Highwood
7905,Night Hawks,USA,Clearfield
7906,Underdogs,USA,Salt Lake City
7907,Spartan Robotics,USA,Whitefield
7908,MARVELL MAKERS,USA,Marvell
7909,GTI WingNuts,USA,Salt Lake City
7910,Crossett Eagles,USA,Crossett
7911,Scrap Cat Robotics Team Puma,USA,Belding
7912,Flex Tech Robotics,USA,Novi
7913,"""Bear""ly Functioning",USA,Bristol
7914,CHS RoboDawgs,USA,Monroe
7915,Ripon Robotics,USA,Ripon
7917,Frontier,USA,Nashville
7918,ReCuRsIoN,USA,Burlington
8002,The Knack,USA,Hartland
8003,Bushmen Robotics,USA,Pine Bush
8004,Tigris ex Machina,USA,Waynesville
8005,Mega MeadowBots,USA,Las Vegas
8006,The Phantoms,USA,Los Angeles
8007,Hold Team 1,USA,Rochester
8011,Kirin,China,Guangzhou
8012,APEX Robotics,USA,Mesa
8013,Boston Lions,USA,Boston
8014,Fortitude Robotics,USA,Aurora
8015,The Cheetahs,China,Shanghai
8016,Eco Robotics,USA,Rohnert Park
8017,SCREW IT!!,Chinese Taipei,taichung
8018,Del Sol Dragons,USA,Las Vegas
8019,Patriot Engineering,USA,Mission
8020,CyberpunK,Chinese Taipei,Taipei
8021,Panther Robotics,USA,Surprise
8022,Raging Hawk Robotics,USA,Las Vegas
8023,Argonauts,USA,Lewiston
8024,Robotans,USA,Sparta
8025,Navigator Robotics,USA,Kapolei
8026,Tennessee Robotics Club,USA,Murfreesboro
8027,Not the Droids You Are Looking For,USA,Pittsburgh
8028,The Resistance Network,USA,Phoenix
8029,Steel Bronco Robotics,USA,Barrington
8030,Scrapbots,USA,Iron Station
8031,Luminous,Türkiye,Muratpaşa
8032,SAASquatch Robotics,USA,Seattle
8033,Highlander Robotics,USA,Piedmont
8034,Butterfly Effect,Türkiye,Bornova
8035,Potential Failures,Australia,Perth
8036,Sneaky Snakes,Turkey,Istanbul
8037,VW Cougar Robotics,USA,Van Wert
8038,R.O.B. (Robots Outta Bristow),USA,Bristow
8039,ArtisanSoul,Chinese Taipei,Taipei
8040,ZODIAC,Türkiye,TRABZON
8041,Lake City Ultrabots,USA,Lake City
8042,Fenrir,Türkiye,ANTALYA
8043,Neon Ryders,USA,Tulsa
8044,Denham Venom,USA,Denham Springs
8045,The Wallace Dynasty,USA,Castro Valley
8046,LakerBots,USA,Meredith
8047,YAKACIK ROBOTICS,Türkiye,kartal
8048,East Palo Alto Churrobots,USA,East Palo Alto
8049,Ironwood Ridge Robotics,USA,Oro Valley
8050,Nova Robotics,USA,Ball Ground
8051,TinkRex,USA,Tukwila
8052,Water Bears,Canada,Toronto
8053,Rage Against the Machine Robotics,USA,San Antonio
8054,FLARE,Türkiye,Kadıköy
8055,EGM Robotics - BOSS BOTS,USA,Frisco
8056,Laissez Faire,Türkiye,Gaziemir
8057,All Wired Up,USA,Groveland
8058,IEL ROBOTICS,Türkiye,İSTANBUL
8059,Robotics at Eastside Catholic (REC),USA,Sammamish
8060,VHS Robotics,USA,Valencia
8061,Butler Tech Robotics,USA,Hamilton
8062,O Hale Gnaw,USA,Tulsa
8063,Tornado Robotics,USA,Drumright
8064,Imperial Watch,USA,Drumright
8065,Robarks,USA,Porter
8066,WOLF ARMY ROBOTICS,Brazil,Lorena
8067,Alpha Lab,Canada,Longueuil
8068,Oakland Underground Robotics,USA,Waterford
8069,Super Hornets,USA,Saint Charles
8070,CyberGriffins,Türkiye,İSTANBUL
8071,R3-D3 Mersin,Türkiye,Mersin
8072,Tech Tigers,Canada,Ottawa
8073,Electron Affinity,Canada,Ottawa
8074,Rumble Bots,USA,Wewoka
8075,CyberTigers,USA,Dover
8076,Academy of Loudoun High School - Team Robo Loco # 5338,USA,Leesburg
8077,DREAM,USA,Saint Louis
8078,G FORCE,Turkey,Menemen
8079,River Robotics Team,Türkiye,Istanbul
8080,Sequoyah High School Robotics,USA,Canton
8081,UMEI Lightning Robotics,Canada,Leamington
8082,Tech-Mates,Canada,Surrey
8083,ALX Robotics,USA,Douglasville
8084,ALFA ROBOTICS,Türkiye,Ümraniye
8085,MOJO,USA,Milford
8086,Robo Warriors,USA,Anadarko
8087,Cougar Pride Robotics,USA,Show Low
8088,Bionic Panthers,USA,Liberty Hill
8089,Rockway Robotics,Canada,Kitchener
8090,Mavnesium,USA,Roxboro
8091,The Condors,USA,Castroville
8092,Greatest of All Times,Türkiye,Tekirdağ
8093,Ranger Force,USA,Spencerport
8094,Back Road Robotics,USA,Statesboro
8095,ORDU TOBB MESLEKİ VE TEKNİK ANADOLU LİSESİ,Türkiye,ORDU
8096,Cache Money,USA,Chicago
8097,AREA 27,USA,Durham
8098,Wildkat Robotiks FRC,USA,Willis
8099,APEIRON ROBOTICS,Turkey,TRABZON
8100,Grayson Robotics,USA,Grayson
8101,Coo-Coo Pigeons,China,Beijing
8102,NAMETBD-DCLSTEM,USA,Wayne
8103,Knight Robotics,USA,Kendallville
8104,Squid Worx Robotics,USA,Kissimmee
8105,Apollo Black Cat - Peñoles,Mexico,Torreón
8106,Toronto French School,Canada,North York
8107,THS Robotics,USA,Torrington
8108,Fantastic4Robotics,USA,Abingdon
8109,Pirate Robotics,USA,San Jose
8110,Sugared Knights,China,Beijing
8111,Whiter Tiger,China,Beijing
8112,Cyclotrons,USA,Ottawa
8113,Royal Thunder Robotics,Canada,Sarnia
8114,Rocketeers,USA,Boerne
8115,Platinum Peacocks,USA,Chesterfield
8116,Hatchet Robotics,USA,Washington
8117,Easton RoboRovers,USA,Easton
8118,Gearing With Grace,USA,Covington
8119,TigerBotics,USA,Imperial
8120,YORK MEMORIAL JAEGERS,Canada,North York
8121,I.C.R.T.,Chinese Taipei,Tainan
8122,Mechanical Mustaches,USA,Chicago
8123,Pace Enginerds,USA,Brownsville
8124,RHS BearBots,USA,Wyandotte
8125,Artnox Robotic,Turkey,Fatih
8126,Control Freaks,USA,Vicksburg
8127,Team Rabyte,Poland,Warsaw
8128,ACE INNOVATORS,USA,Reno
8129,ZZRT,Chinese Taipei,Taipei
8130,Absegami Robotics,USA,Absecon
8131,Magnetech Vega,Turkey,Samsun
8132,Sysmik,Canada,La Malbaie
8133,JayBots,USA,Jeannette
8134,SJP Eagle Botz,USA,Boca Raton
8135,Legacy Robotics,USA,Santa Ana
8136,STEAMLes,Lesotho,Teyateyaneng
8137,Byting Bulldogs,USA,Georgetown
8138,SpicyBots,USA,Tacoma
8139,Pirate Robotics,USA,Egg Harbor City
8140,RoboManiacs,USA,Cleveland
8141,LYBOTICS Girls Team,Libya,Tripoli
8142,The Legion,USA,Riverside
8143,SOLUTION TURK,Turkey,Istanbul
8144,Red Chair Robotics,USA,Cypress
8145,Tech Warriors,USA,Cleveland
8146,Albatros OSTIMTECH,Türkiye,ETİMESGUT
8147,Ekinoks,Türkiye,BEYLİKDÜZÜ / İstanbul
8148,QUANTUM RANGERS,USA,El Paso
8149,RoboTesla,Türkiye,Afyonkarahısar
8150,Tungsten,USA,Houston
8151,Wildfire,Türkiye,Istanbul
8152,Escouade,Canada,Saint-Charles-de-Bellechasse
8153,Tech4Peace,Türkiye,Istanbul
8154,Gibuu,Canada,Aiyansh
8155,Uranos,Turkey,Antakya
8156,Khalkedon TEAM,Turkey,İstanbul
8157,St. Augustine Prep,USA,Richland
8158,Bosphorus Robotics,Türkiye,Beşiktaş
8159,Golden Horn,Türkiye,Ataşehir
8160,Oly Rock Stars,USA,Matteson
8161,Chihuahuas Robotics Team,Mexico,Chihuahua
8162,FaTech,Turkey,istanbul
8163,Phoenix,China,Zhenjiang
8164,RADIUM,China,Foshan
8165,Bahlam Bots,USA,Seattle
8166,ROBOCUBE,Türkiye,Pendik
8167,Cognatives,USA,Durham
8168,Northeast,USA,Rochester
8169,Aries,Chinese Taipei,Kangshan
8170,Fi-Lab,Chinese Taipei,Taipei
8171,RL Robotics,China,Shanghai
8172,Celestial Shadow,China,Shenzhen
8173,Brighton College Gear Zero,United Kingdom,Brighton
8174,BityBots 8174,USA,Holladay
8175,Piece of Mind,Israel,Emek Yizrael
8176,Alien Robotics,Chinese Taipei,Douliu City
8177,Vector,USA,Tomball
8178,Sky Honor,Chinese Taipei,tainan city
8179,Robo Falcons,USA,Dearborn
8180,ChainsMaker,Chinese Taipei,Taipei
8181,Bilsem Robotics,Turkey,Başakşehir
8182,Loth Robotics,Türkiye,Beşiktaş
8183,WAO,China,shanghai
8184,ROBOTTACK,Türkiye,Silivri
8185,Blue Sky Eagle,China,NANJING
8186,Belle Glade Boys & Girls Club,USA,Belle Glade
8187,CyberPunks,Ukraine,Kyiv
8188,Grand Force,USA,Grand Forks
8189,SubCat Academy ,China,Shanghai
8190,İsov Robotic Team,Turkey,İstanbul
8191,STEAMBar,Barbados,Waterford
8192,Luminous,Turkey,Muratpaşa
8193,Steel Stingers,USA,New Lothrop
8194,Robo Bulls,USA,Ventura
8195,Bullbots,USA,Ventura
8197,Air Tigers,USA,Lanham
8198,Baker Hornets,USA,Mobile
8200,ANATOLIAN BEES,Türkiye,Düzce
8202,BeAr,USA,Rancho Cucamonga
8203,ROBARGEM,Turkey,ISTANBUL
8204,Keystone Robotics,China,Beijing
8205,Mind Over Metal,USA,Wilmington
8206,Team NeXT,India,newdelhi
8207,Orenda,Turkey,Izmir
8208,SYCAMORE,Türkiye,İstanbul
8209,SEZMECH,Türkiye,İstanbul
8210,Rambotics Inc.,USA,Houston
8211,Ranger Robots ,USA,Port Hueneme CBC Base
8212,Dragon Effect,USA,Port Hueneme CBC Base
8213,Trinity Christian High School,USA,Monterey
8214,Cyber Unicorn,China,GuangZhou
8215,High Five,Türkiye,Istanbul
8216,Vision Robotics,USA,Austin
8217,Generals Robotics,USA,Arlington
8218,German Engineering,Germany,Düsseldorf
8219,BG Robotics,Bulgaria,Sofia
8220,Space Tigers MBA Robotics,Türkiye,MERSİN
8221,TEDES,Turkey,eskisehir
8222,The Argonauts,USA,Cleveland
8223,Mariners,Israel,Tel Aviv
8224,STEM 4 ALL,Canada,Saint-Laurent
8225,Circuit Blazers,USA,Cleveland
8226,Hope,Chinese Taipei,Tainan
8229,Balikbayan Bots,USA,Las Vegas
8230,KoiBots,USA,Arlington
8231,BWW,Japan,Kawasaki-shi
8232,Girl Gang,USA,Lafayette
8233,Robo-Riff-Raff,USA,New Braunfels
8234,Panthinators,USA,Minneapolis
8235,Beyond the Flames,Singapore,SINGAPORE
8236,Ecobotic,Canada,Montreal
8237,ESATA,Turkey,Eskişehir
8238,ESES,Turkey,Odunpazarı
8239,INTERNATIONAL YELKIKANAT ROBOT COMMUNITY,Turkey,MALTEPE
8240,Nexify Robotics,Türkiye,İstanbul
8241,Iron Ram,USA,New York
8242,Tekno NFL,Türkiye,Niğde
8243,AstroCircuits,USA,Cleveland
8244,Delfines CBTech,Mexico,Tecámac
8245,ROBEAL,Türkiye,Erdek
8246,Tuku,Turkey,Sakarya 
8247,Grandview Ze-Bots,USA,Grandview
8248,ChainLynx,USA,Seattle
8249,Jinfeng Dynamics,China,Shanghai
8250,Rebel Robotics,USA,Littleton
8251,White cloud,China,guangzhou 
8252,Blue sword,China,foushan
8253,Kapok,China,guangzhou
8254,BEY-TEK,Turkey,Beyoğlu
8255,Robodogs,USA,Rolla
8256,Prepa Tecmilenio - ARMY ROBOT TECHNOLOGY,Mexico,Alvarado
8257,Zombie Apocalypse Counter Task Force,USA,Bronx
8258,Les dragons,Canada,Toronto
8259,Deakin Velocity,Australia,Geelong
8260,ROBİLSA,Turkey,Merkez
8261,PROGRESSUS,Türkiye,KUCUKCEKMECE
8262,Jump Robotics,USA,Palo Alto
8263,Robin,Türkiye,istanbul
8264,ATA ROBOTICS,Türkiye,İzmit
8265,MCHS Knights,USA,Mission
8266,Owlbot - Peñoles,Mexico,LAGUNA DEL REY
8267,Riptide Robotics 8267,USA,Long Beach
8268,Ashley Bears,USA,Saint Johns
8269,Patrionauts,USA,Perris
8270,Double N,Chinese Taipei,Taipei
8271,WESTSIDE 1002,USA,Augusta
8272,Antimatter Neko,China,Hangzhou
8273,Titanibot,China,Beijing
8274,Raider Robotics,USA,Houston
8275,Technical Difficulties,USA,Grand Rapids
8276,OPTRON#8276,Brazil,São José dos Campos
8277,PEI Bots,USA,Wheeling
8278,Alpha Robotics,Canada,Burnaby
8279,Lincoln Park Academy,USA,Fort Pierce
8280,K9.0 Robotics,USA,Detroit
8281,Allstars,USA,San Jose
8282,Metal Minds Robotics,Australia,Evandale
8283,Pantherbots,USA,Denver
8284,Urban Planners,USA,Brooklyn
8285,Bionic Bulldogs,USA,Ravenna
8286,E.A.G.L.E.S. Robotics,USA,Farwell
8287,Team Malfunction,USA,Aston
8288,Machine Hunters,Mexico,Monterrey
8289,STEM+M Ravens Robotics,USA,South Point
8290,Jaegers60 - Peñoles,Mexico,Ramos Arizpe
8291,Golden Yellow Experience - Peñoles,Mexico,Torreon
8292,Mechanical Menaces,USA,Palm Coast
8293,Prepa Tecmilenio - Startech,Mexico,Zapopan
8294,LVR Inn0vat0rs,Canada,Nelson
8295,SparTex,USA,El Paso
8296,Bengals,Canada,Scarborough
8297,WIHI Robo Wolves,USA,Ypsilanti
8298,Mighty Morphing Banana Slugs,USA,Luverne
8299,Techno Falcons,USA,Brighton
8300,Titan Robotics,USA,Jackson
8301,Sparks,USA,San Diego
8302,⚡️ Ｎｉ-ＴＲＯ  ⚡️,USA,Federal Way
8303,GatorBytes,USA,Federal Way
8304,Robot MaSTrs,USA,Morehead City
8305,Nepean Robotics,Canada,Nepean
8306,Sierra Linda High School Robotics,USA,Phoenix
8307,GRIZZLY,USA,Gans
8308,GFLRobotics,Türkiye,GÖLCÜK
8309,WILDCAT,Turkey,KÜÇÜKÇEKMECE
8310,ASO.TECHO,Türkiye,ANKARA
8311,PRISER,Türkiye,Istanbul
8312,Royals Robotics,Canada,Surrey
8313,Waygooks,South Korea,Pyeongtaek-si
8314,The Roar,USA,Carsonville
8315,Spartan Robots,USA,Monroe
8316,Les Cougars de L'Escale,Canada,Rockland
8317,South Kamloops Titans Robotics,Canada,Kamloops
8318,RSS Robotics,Canada,Kelowna
8319,HHS Robotics,USA,Hillsboro
8320,Capybara Robotics,Canada,Hamilton
8321,BEMS,USA,Vacaville
8322,Peter Skene Ogden Roughneck Robotics,Canada,100 Mile House
8323,PolarBots,USA,Grand Marais
8324,MECO Robotics,USA,Orlando
8325,Botcats,USA,Espanola
8326,Hopper Robotics,USA,Washington
8327,Paradise Rockets,USA,Paradise
8328,Miss Ice Bots,USA,Pellston
8329,Warrior 1,USA,Redford
8330,KillarneyRobotics,Canada,Vancouver
8331,Carson Graham Secondary,Canada,North Vancouver
8332,Alternate Reality,USA,Auburn Hills
8333,TOPAZ4X4,Israel,Beer Yakov
8334,Titan Robotics,USA,Colorado Springs
8335,CheckMate,Argentina,CABA
8336,Wolf Corp. FRC,USA,Walnut
8337,Central Creativity Team Wingnuts,USA,Laurel
8338,Bear Force,Canada,West Kelowna
8339,Penticton Robotics,Canada,Penticton
8340,F.R.A.Y,Israel,YARKA
8341,Pizza Byte,Panama,Panama City
8342,m(stee) squared,USA,Manistee
8343,Team Spring Valley,USA,Suffern
8344,OV Robo Birds,USA,Muskegon
8345,John McCrae Secondary School,Canada,Nepean
8346,Brooklyn STEAM Machine,USA,Brooklyn
8347,Broken Eagles,USA,New York Mills
8348,FG1946,Israel,tamra
8349,Newbotics,Canada,Newmarket
8350,TISS Pirates,Canada,Brockville
8351,Oozma Kappa,Mexico,Chihuahua
8352,CODE Gold,USA,Detroit
8353,Botqueros 2 the FUTURE!,USA,San Diego
8354,The Prairie People,Canada,BRANDON
8355,Melanin Minds,USA,Saint Paul
8356,Black Rhinos,Israel,Tel Aviv
8357,Chrysaora Robotics spr. by P.G. Co. 4-H and NASA,USA,Clinton
8358,The CITI Pack,USA,Red Oak
8359,GREENTECH,Turkey,KOCAELİ/BAŞİSKELE
8360,Chappa,Turkey,Fatih
8361,Toro Loco,USA,Detroit
8362,Circuit Breakers,USA,Detroit
8363,Marcellus Wildbots,USA,Marcellus
8364,Rising Stars Academy - Nebulas,USA,Center Line
8365,Modeltowners,USA,Gwinn
8366,Ida Bluestreaks,USA,Ida
8367,Godwin Heights High School Robotics,USA,Grand Rapids
8368,Red Eye Robotics,USA,Flint
8369,Coyotech Robotics,USA,Uvalde
8370,Glow With The Flow,USA,Katy
8371,Surgeons of Steel,USA,Shepherd
8372,HCN Storm,USA,Remer
8373,The Flying Octopi,USA,Blissfield
8374,Bongo Bots,USA,Leslie
8375,Tech Tigers,USA,Taylor
8376,Tech Titans,USA,Grand Rapids
8377,MLHS Mavericks,USA,Lansing
8378,Hudson Tigers,USA,Hudson
8379,WSA Panthers,USA,Detroit
8380,Clarenceville Trojans,USA,Livonia
8381,Rapid River STEM Classroom Team,USA,Rapid River
8382,The Pebbles-Robotics of Kingsford,USA,Kingsford
8383,Pioneers,Mexico,Tijuana
8384,The Internationals,Canada,Brockville
8385,Metal Madness,USA,Mount Morris
8386,Th3_IRON_G0@+$,USA,Puyallup
8387,MECH Mavericks,USA,Las Vegas
8388,West Mesquite Robotics 1,USA,Mesquite
8389,Team Mustang,USA,Houston
8390,Panthers,USA,Climax
8391,PANAMAFRC2020,Panama,Panama
8392,Mac Attack,USA,Houston
8393,The Giant Diencephalic BrainSTEM Robotics Team,USA,Baden
8394,Addison Panthers,USA,Addison
8395,Cougar Techs,USA,Keaau
8396,Pentbots1,USA,Pentwater
8397,Astrobots,USA,Grand Rapids
8398,MandUlorians,USA,Ferndale
8399,The Electric Mayhem,USA,Jackson
8400,Gear Jammers,USA,Boyne Falls
8401,Saraland Robotics Team,USA,Saraland
8402,Star Fusion2,Turkey,istanbul
8403,Glendale,Canada,Hamilton
8404,SKYWALKERS,USA,Fremont
8405,Reaching for the Skynet,USA,San Antonio
8406,SyZyGy,Ukraine,Kyiv
8407,USTEM Robotics,Kazakhstan,Almaty
8408,Kiss Kats,USA,Wink
8409,Kato Coyote's,USA,Mankato
8410,Oyster River Overdrive,USA,Durham
8411,4.BOTS,Mexico,LERDO 
8412,Battle Lake Schools,USA,Battle Lake
8413,CGLA Mustang Innovators,USA,Chattanooga
8414,Science Academy of South Texas,USA,Mercedes
8415,Dino Nuggies,USA,Fort Worth
8416,Wolfbotics 8416,USA,Ely
8417,Rambotics,USA,Maricopa
8418,Archbishop Chapelle High School,USA,Metairie
8419,D - Mind Breakers,Mexico,Mexico City
8420,8420 Almaty Roboman,Kazakhstan,Almaty
8421,CRUSADERS,USA,Littleton
8422,Husky Howlers,USA,Pillager
8423,Next Express,USA,Temperance
8424,Tractor Technicians Next Gen,USA,Mason
8425,Happy Rock Brave Bots,USA,Gladstone
8426,Automated Amphibians,USA,Novi
8427,ProtoBots,USA,Dearborn Heights
8428,The Outlaws,USA,Naples
8429,Valence Robotics,USA,Durham
8430,The Hatch Batch,USA,Washington
8431,Robo-Knights,USA,Kendallville
8432,Cyber Knights,USA,Kendallville
8500,ROBEST Robotics,Türkiye,Ankara
8501,Venus Robotics,Türkiye,Trabzon
8503,Raid One,Chinese Taipei,Taipei City
8504,YOVi,Ukraine,Dnipro
8505,Snowflakes1,Canada,Richmond Hill
8507,Jagwire Robotics,USA,Midlothian
8508,PE-TECH,Türkiye,Başakşehir
8509,Scramble,Japan,Seika-Town
8510,Giles,Canada,North york
8511,The Android P0SSE,USA,Oklahoma City
8512,Manzano Monarchs,USA,Albuquerque
8513,Sisters 1st,USA,Morristown
8514,Junior Squirrels,USA,Woodbine
8515,Photon,USA,Houston
8516,Wired Up,USA,Andover
8517,Bounty Hunters,USA,Essexville
8518,Ripple Robotics,USA,Oshkosh
8519,Iron Eagles,USA,Erie
8521,CyberLions,USA,Westminster
8522,Springport High School,USA,Springport
8523,Vic8ytes,USA,Provo
8524,TalaveraBots,Mexico,San Andres Cholula
8525,Hangzhou Wickham International,China,Hangzhou
8526,BearsChallengers,USA,San Juan
8527,ER404,USA,Saint Louis
8528,AstroChimps,USA,Tularosa
8529,KunPeng,China,Zhenjiang
8530,Phenyo,South Africa,Tzaneen
8531,TermiKnightors,USA,Milwaukee
8532,Classified,USA,Umatilla
8533,Rancho Reapers,USA,Camarillo
8534,Women of technology,USA,West Jordan
8535,The Lion Kings,USA,Loogootee
8536,Flames Robotics,Canada,Chatham
8537,MechanicAnts,USA,Imperial Beach
8538,Juniper Robotics,USA,Cincinnati
8539,ÖZKOÇ ROBOTİK,Türkiye,Istabul
8540,Wall-East,Singapore,Singapore
8542,Go2robots,Canada,Richmond Hill
8543,Bot Camp,Canada,North York
8544,Reinforcement,USA,Sutton
8545,Scott County Robotics,USA,Scottsburg
8546,\n,USA,Meridian
8547,M.E.,China,HangZhou
8550,The Ram Bots,USA,New Plymouth
8551,RoNex,USA,Lewiston
8552,Malad High School 1,USA,Malad City
8553,The Circuit Breakers,USA,Soda Springs
8554,Dream Team,China,Fengxian
8555,BALROB,Türkiye,BALIKESIR
8556,Lion Robotics,USA,San Juan
8557,ConquEra,Türkiye,Manisa
8558,Prepa Tecmilenio Golden Hawks,Mexico,Reynosa
8559,Dragon Robotics,Canada,Brampton
8560,INVENTORS,Türkiye,Sakarya
8561,Cartesian Robotics,Türkiye,Ankara
8562,TBD,USA,Kansas City
8563,KERNELS,China,shanghai
8564,Disco Ducks,USA,Princeton
8565,MACK-BOTS B.I.G.,USA,Boulder
8566,REBELBOTS,USA,Saint Louis
8567,Team Ultraviolet,USA,Wellesley Hills
8568,Cyber Seven,USA,Webster
8569,Zenith Polaris,Chinese Taipei,ZhongHe
8570,Binary-Bolts,India,Mumbai
8571,Enignet_0111,South Africa,Johannesburg
8572,Tech Inheritors of Al Khwarizmi,Canada,Pickering Main
8573,Rogue-Rangers LEGACY,USA,McAllen
8574,Audeamus,Canada,North York
8575,The Due Westerners,USA,Due West
8576,Golden Warriors Robotics,USA,Fulshear
8577,Georgia Cyber Academy Champions,USA,Atlanta
8579,Renegades of Archer Robotics!,USA,Lawrenceville
8580,Jayton J-Bots,USA,Jayton
8581,PizzaByte Robotics,Panama,Panama
8582,Brave-Solders,India,Delhi
8583,Juggernauts,China,GuangZhou
8584,Infinity Robotics,Chinese Taipei,Chiayi
8585,Bombax Leopard,Chinese Taipei,Taipei City
8586,Firebirds Robotics,USA,Devils Lake
8587,Rick n' Rolls,Poland,Warsaw
8588,Tech Devils,USA,Denville
8589,Quack Pack,USA,Tuscaloosa
8590,Cavbotics,USA,Fairfax
8591,Archangels,USA,Olmito
8592,Newton Squared,USA,Fairfax
8593,Team Octabyte,Australia,Prairiewood
8594,Blitz,China,北京
8595,This Is How We Play,Chinese Taipei,"Sanchong ,Dist."
8596,Girl Scouts2,USA,Orlando
8597,TISB TROJAN Bengaluru,India,Bengaluru
8598,Electro,USA,Mission
8599,SHARPLINE,Türkiye,SAMSUN
8600,Kernel Panic,USA,Los Angeles
8601,CSHS Falcon Robotics,USA,Cave Creek
8602,STEAMCo,Colombia,Palmira 
8603,The Discord Droids,USA,Carmel
8604,Alpha Centauri,USA,Lexington
8605,ASCTE,USA,Huntsville
8606,DEVOLT,Mexico,Chihuahua
8607,Ravens II,USA,Royal Oak
8608,Alpha Bots,USA,Battle Creek
8609,Salt lake county robotics,USA,West Jordan
8610,Lanier Voks,USA,San Antonio
8611,Cyber Patriots,USA,Cadillac
8612,Calvin Christian Robotics,USA,Grandville
8613,Barker Greybacks,Australia,Sydney
8614,Rivet & Rev It!,Australia,Thornlie
8615,SAZANKA Robotics,Japan,Shibuya-ku
8616,Mad Engineers BIS,India,Mumbai
8617,G-FORCE,India,Mumbai
8618,Operation Robotics,USA,Ann Arbor
8619,Sanborn Regional High School Robotics,USA,Kingston
8620,RoboJays,USA,Omaha
8621,KITS Angels FRC Akola Team,India,Akola
8622,The CyBirds,USA,Gambrills
8623,Michigan FC,USA,Dearborn Heights
8624,Sasquatch Robotics,USA,Andalusia
8625,MHS Eagles,USA,Mission
8626,Cyber Sailors,USA,Scituate
8628,Newark School of Global Studies,USA,Newark
8629,Everest 2,USA,Rochester
8630,CAP ROBOTICS,USA,Paterson
8631,Excelsior360!,USA,Friday Harbor
8632,Master Builders,USA,Jacksonville
8634,BOOTSTRAPS!,USA,Littleton
8636,Turkistan Robotics,Kazakhstan,Turkistan
8637,Packer Pelicans,USA,Brooklyn
8700,W.I.R.E.D,USA,Waupaca
8701,GRAFFITI,USA,Greendale
8702,Invincible Tyrannosaurus Warrior,China,JiaXing
8703,New Squirrels,USA,Woodbine
8704,Void Warranty,USA,Cape May
8705,Sci Tech FRC,USA,Pittsburgh
8706,MXS Bulldog Bots,USA,Newark
8707,The Newark Circuit Breakers,USA,Newark
8708,Ov3R1y K0Mp13X,USA,Dunbarton
8709,Pathfinder Tech,USA,Palmer
8710,BLUM BOBCAT ROBOTICS,USA,Blum
8711,The Midnight Ostrich Runners,USA,Broken Arrow
8713,Nordonia Knights,USA,Macedonia
8714,Robo Griffins',USA,Toms River
8715,Antilles Pirates 404,USA,Fort Buchanan
8716,Robowarriors,USA,San Diego
8717,Cyber Vipers,USA,Las Vegas
8718,Tigerbotics,USA,Warren
8719,Oakville Dynamics,USA,Saint Louis
8720,Desert Shields Robotics Team,USA,North Las Vegas
8721,Code Name M.I.T.,USA,Cape May Court House
8722,Team Alpha ,USA,Austin
8723,Woodpanda,Chinese Taipei,Taoyuan City
8724,Mayhem,USA,Bedford
8725,MistyPanther,Chinese Taipei,Zhonghe Dist.
8726,CryptoHawks,USA,Ijamsville
8727,Glitch 2.0,USA,Asheville
8728,Argonauts,USA,Troy
8729,Sparkling H2O,Canada,Kanata
8730,SPECIALS  & +1,Turkey,DIDIM
8731,Wild WYRE,Canada,Lindsay
8732,Trinity Force,USA,Anna
8733,Renaissance Robotics,USA,Athens
8734,Prepa Tecmilenio - DeltaT,Mexico,Alvarado
8735,Spartans300,Canada,Toronto
8736,The Mechanisms,USA,Marietta
8737,Rocket Rampage#8737,USA,Eddyville
8738,Slice,USA,Fuquay Varina
8739,Redhawk Robotics,USA,Ozone Park
8740,Prepa Tecmilenio - Quantum Force,Mexico,Monterrey
8741,Prepa Tecmilenio - Raccoons,Mexico,San nicolas de los Garza
8742,Argyll Attack,USA,Fairmount
8743,SYNTAX Robotics,Türkiye,Ankara
8744,Leviathans,USA,Eau Claire
8745,RoBeagles,USA,Phoenix
8746,Knights,USA,Raleigh
8747,BLACK SEA ROBOTICS,Türkiye,ünye
8748,Prepa Tecmilenio DEROS,Mexico,Durango
8749,Farmersville  Robotics,USA,Farmersville
8750,Tarpontron1cs,USA,Port Isabel
8751,Miramonte Robotics Team,USA,Orinda
8752,STEAMCo - Palmira,Colombia,Palmira
8753,Spectre,USA,Sarasota
8754,Meister Robotics,Türkiye,Beyoğlu
8755,OrcaBots,Türkiye,istanbul
8756,Magic Valley Logic Control,USA,Twin Falls
8757,GeodeBots,USA,Greensboro
8758,Tar-Robo Turtles,USA,Tarboro
8759,ARPEX,Türkiye,İSTANBUL
8760,Foresighters Robotics,Türkiye,DIDIM
8761,AHS TigerByte8761,USA,Adairsville
8762,Yücelen Foundation Robotics Team,Türkiye,Anamur
8763,Technical area,Colombia,Tocancipá
8764,Thunder Robotics,Canada,Thornhill
8765,Parallel Units,Canada,Stratford
8766,The Black Machine,USA,Packwood
8767,Dark Horse Robotics,USA,North Branch
8768,CTEC Titans,USA,Fresno
8769,G.O.R.T.s,USA,Spring
8770,FireBolts,USA,Charles City
8771,PioTech,USA,Wayne
8772,Magic City Wizards,USA,Birmingham
8773,Robo Rams1,USA,Birmingham
8774,REST Robotics,USA,Roseville
8775,Creekside,USA,Saint Johns
8776,Prepa Tecmilenio - DARK TECH,Mexico,Guadalupe
8777,SafranTech,Türkiye,Safranbolu
8778,HSUWerx,USA,Fort Walton Beach
8779,Messmer High School Bishops,USA,Milwaukee
8780,TED ROBOTICS,Türkiye,Ankara
8781,ANTALYAMTAL ROBOT KLUBU,Türkiye,ANTALYA
8782,TroBotics,USA,New Auburn
8783,Apeiron,Türkiye,Eskişehir
8784,HEVSEL,Türkiye,Diyarbakır
8785,AGAT ROBOTİCS,Türkiye,ÇUBUK
8786,Tecmilenio - TRC,Mexico,Cualiacan
8787,Mavericks,USA,Sherburn
8788,Special Forces BallistaBots,USA,Crestview
8789,The Lost 10mm Sockets,Canada,Dorchester
8790,Departure,Chinese Taipei,Tainan city
8791,Mighty Patriots,USA,Hialeah
8792,Robo Cougars 901,USA,Memphis
8793,Pumpkin Bots,USA,Half Moon Bay
8794,Black Storm,Türkiye,ALTINORDU
8795,The Chaotics,Türkiye,GÖLBASI
8796,MEF Robotics,Türkiye,istanbul
8797,FALCON ROBOTICS,Türkiye,MERKEZ
8798,DAMAS ROBO,Syria,Damascus
8799,IZELMAN ROBOTICS,Türkiye,Konak
8800,INDUSTRY ROBOTICS,Türkiye,Gebze
8801,The MidKnight Inventors,USA,Plainsboro
8802,Milwaukee United,USA,Milwaukee
8803,MechaMarines,USA,Marinette
8804,Cyber Bears Robotics,USA,Raleigh
8805,NKST36,Chinese Taipei,Tainan
8806,Our Lady of Providence Dream League,Chinese Taipei,New Taipei City
8807,SCREW IT,Chinese Taipei,Taichung
8808,SWLA Tech Pirates,USA,Lake Charles
8809,Precursor,China,Nanchang
8810,The Alphabots,China,Suzhou
8811,Yi Zhong Ren,China,Guangzhou
8812,Shenzhen College Of International Education,China,shenzhen
8813,FERRYMAN,China,Shanghai
8814,Blackhole,China,Shanghai
8815,Barnstormers,USA,Statesboro
8816,Coyotronics,USA,Frisco
8817,Buccaneer Robotics,USA,Homestead
8818,The Foe - Foe Engineering Group,USA,Houston
8819,The ARC-TECH BEARS,USA,Austin
8820,GV ROBOTICS,USA,Garden Valley
8821,TVRT-Trojanbots,USA,JACKSON JUNCTION
8822,Lc3 Thunderbirds,USA,Montrose
8823,A New Hope,USA,New Hope
8824,Wapello Royalty,USA,Wapello
8825,Team Eagle Eyed,USA,Kansas City
8826,Parkway Eagles,USA,Sterling Heights
8827,Cougar-Trons,USA,Edinburg
8828,EAL Robotics,Türkiye,Eskisehir
8829,Cemberlitas ,Turkey,atasehir
8830,Denby Tars Robotics Team ,USA,Detroit
8831,Sa-Hali Secondary Robotics,Canada,Kamloops
8832,AutoDawgs,USA,Petersburg
8833,Buzz City Robotics,USA,Charlotte 
8834,Blu Robotics,USA,Acworth
8835,PNGUoT Robotic Team 1 (PRT1),Papua New Guinea,Lae
8836,Wayne Enterprises Inc.,USA,Chisholm
8837,NIS Kyran,Kazakhstan,Almaty
8838,GWC Rambotics,USA,Birmingham
8839,Shoshone Robotics,USA,Shoshone
8840,Bay Robotics,USA,San Francisco
8841,OTTER,USA,Orlando
8842,SAR,USA,Santa Anna
8843,Amal Space and Aviation Maale Adumim,Israel,Maale Adumim
8844,Flamethrowers,Australia,North Wollongong
8845,Forest Hill Falcons,USA,West Palm Beach
8846,CABLE TIE FIGHTERS,Australia,ATWELL
8847,Milwaukee Cyber Cheese,USA,Milwaukee
8848,BLU CRU,USA,Chandler
8849,Storm Robotics,USA,Alpharetta
8850,Ed Bears,Canada,Scarborough
8852,Drew Robotics,USA,San Francisco
8853,Yukikaze Technology,Japan,Sapporo
8854,Pandamonium,USA,Birmingham
8855,Socrates,Ukraine,Kyiv
8856,Lapis Lazuli,Türkiye,İstanbul
8857,Tsinglan FRC,China,Dongguan Shi
8858,Beast from the East,USA,Wylie
8859,Bora Robotics,Türkiye,Kartal
8861,06ANGORA,Türkiye,ANKARA
8862,SERCEV ROBOTICS,Türkiye,ANKARA
8863,ANATOLIAN DEAF ETERNALS ROBOTICS,Türkiye,ANKARA
8865,Dacula Droids,USA,Dacula
8866,Innovation Robotics,USA,Alpharetta
8867,Yoc,Canada,Thornhill
8868,TEAM ATHENA,India,Delhi
8869,TISB TROJANS,India,Bengaluru
8870,RedCards,USA,San Diego
8871,Saber Dynamics,USA,Ewa Beach
8872,JJSJF / Gwinnett-NSBE Jr. 'SPECIAL OPS',USA,Snellville
8873,Rockefeller Robotics,USA,Mount Pleasant
8874,The Cybirds,USA,Richardson
8875,Dangerous Minds,Australia,Bangholme
8876,Lynwood Tech Tips,Australia,Parkwood
8877,Express Robotic,USA,Havana
8878,ArrowBot,USA,Ashby
8879,REDBird Robotics,USA,Del Valle
8880,Terra Cyborg,USA,Lombard
8881,YÜKSELEN İNTECRO ROBOTİC,Türkiye,Ankara
8882,INFINITY BR,Brazil,Goiânia
8883,Green Mountain Gears,USA,South Burlington
8884,Knight Owls,Canada,Toronto
8885,Socratic Schematics,USA,Lindon
8886,Metal Manes,USA,Loris
8887,West Central Area,USA,Barrett
8888,Flying Lions,USA,Riverside
8889,Project W,USA,Waterbury
8890,Last Minute,Australia,Ellenbrook
8891,Wild Raccoons,USA,Oceanside
8893,SCDS Robotics,USA,Sacramento
8894,HandShake,Chinese Taipei,New Taipei
8895,Redwolves Robotics,USA,Clinton
8896,Wolf Tech Robotics,USA,Puyallup
8897,Meek High School Tigers 8897,USA,Arley
8898,Royal Rebel Robotics,USA,Fullerton
8899,CyberEagles,USA,Harper Woods
9000,Zebracakes,USA,Durham
9001,Delta Force,Romania,Arad
9002,Falcon Dynamics - Foothill High School,USA,Henderson
9003,TuTu Turtles,USA,Chatham
9004,Milliones Mega Mechatronic Wildcats,USA,Pittsburgh
9005,Avian Robotics,USA,Charlotte
9006,Crescent Wing Robotics,USA,San Jose
9007,MIT (Muskogee's Innovative Team),USA,Muskogee
9008,G-Force Robotics,USA,Clayton
9009,KMC Robotics,USA,APO
9010,CrabBots,USA,Hampton
9011,Orangeburg Robotics,USA,Orangeburg
9012,Team Waffles,USA,Honolulu
9014,Vulcan Mechanics,USA,Philadelphia
9015,Questionable Engineering,USA,Jersey City
9016,Syosset SuperSonics,USA,Syosset
9018,ElRobotiKO,USA,Elko
9019,Ko'olaupoko,USA,Kailua
9020,MCT Galatasaray Robotics,Türkiye,Beyoğlu
9021,uSELESScASE,Türkiye,izmir
9022,MC Robotics,USA,Marion Center
9023,Future Martians,USA,Sammamish
9024,Callister,Türkiye,KOCAELİ
9025,Mechameleons,Türkiye,Istanbul
9026,Aero,Türkiye,İstanbul
9027,PATH to Domination,USA,Norristown
9028,GFORCE,Türkiye,MENEMEN
9029,Team NF,Türkiye,Çankaya
9030,Garabagh MecHack,Azerbaijan,Baku
9031,Wildbots,USA,Warsaw
9032,RoboWhales,USA,Cary
9033,Ocebots,USA,Arlington
9034,The Space Dolphins,USA,Mesquite
9035,Rust Belt Robotics,USA,Oakfield
9036,Ramen Robotics,USA,Bellevue
9037,HHS Black Ops,USA,Hurricane
9038,SF UNITY,USA,San Francisco
9039,Penn Robotics Golden Rooks,USA,Mishawaka
9040,Sunset Robo Knights,USA,Miami
9041,Kayseri Robotics,Türkiye,KAYSERİ
9042,SOARIN,USA,Erwin
9043,Valkyrie,Türkiye,Manisa
9044,TeraViks,USA,Coeur D Alene
9045,North Lions SESI/SENAI,Brazil,Recife
9046,SESI SENAI BBTECH,Brazil, Maceió
9047,TECHMAKER ROBOTICS,Brazil,Blumenau
9048,SESI/SENAI P0T1BAT (Potibat),Brazil,Natal
9049,SESI SENAI STEAMPUNK MONKEY FRC,Brazil,Curitiba
9050,Tucanus,Brazil,Nova Friburgo
9051,G-P Robotics - Symbiosis,USA,Portland
9052,B-3 Brandeis Bionic Bulldogs,USA,New York
9053,Prepa Tecmilenio - Iron Hawks,Mexico,Azcapotzalco
9054,Johnson City Joules,USA,Johnson City
9055,Knights of Katahdin (Ka TAH din),USA,Wilton
9056,CyberHuskies 9056,USA,Kents Hill
9057,G.I.R.L.,USA,Atlanta
9058,PEÑOLES-SABINAS,Mexico,SOMBRERETE
9059,COLTech Robotics,USA,Queen Creek
9060,Prepa Tecmilenio - Desert Robotics,Mexico,Hermosillo
9061,Mechanical Mutts,USA,Mediapolis
9062,Critical Circuits,Canada,Hamilton
9063,THIRD LAW,Türkiye,İZMİR
9064,Blackbird Robotics,USA,Allentown
9065,Prepa Tecmilenio - SpaceHawks,Mexico,Querétaro
9066,Cavalo Vendado,Brazil,Erechim
9067,The Goonies,USA,Searcy
9068,The Chargers,USA,Littleton
9069,WARGAM3S,USA,Venus
9070,CELESTIAL,Türkiye,KONAK
9071,SlicerTech,USA,La Porte
9072,TigerBots,USA,Hanover
9073,Skol Robotics,USA,Somerville
9074,Roboant,Türkiye,Odunpazarı
9075,Redskin Robotics,USA,Wapakoneta
9076,Villaciraptors,Canada,Montreal
9077,The Crown,Türkiye,Kadıköy
9078,GOOSE,Türkiye,Arnavutköy
9079,Mechanic  storm,Chinese Taipei,New Taipei
9080,ENIGMA,USA,Albuquerque
9081,Bluetonium,USA,Friendswood
9082,No Limit,USA,Pleasant Valley
9083,Team Inertia,Türkiye,Istanbul
9084,Octobots,USA,Goleta
9085,SESI SENAI MEGA HARPY,Brazil,Indaiatuba
9086,Wildcat Robotics,USA,Richmond Hill
9087,stemachines,Colombia,Yumbo
9088,Mark Infinity,USA,Irving
9089,ACS Phoenix,Bulgaria,Sofia
9090,Powerful Gears,Mexico,Zumpango 
9091,A.W.E.,USA,San Tan Valley
9092,Tower Robotics,USA,Ogden
9093,Veritas Robotics,Türkiye,Ankara
9094,The Earthquakers,USA,Wynnewood
9095,Potentia,Türkiye,İstanbul
9096,Bad Weather,USA,Stowe
9097,MachBusters,USA,Cincinnati
9098,FireHawks,Canada,Oakville
9099,ANKAROB,Türkiye,ÇANKAYA
9100,Robo Roses,USA,Belmar
9101,Green Mountain Robotics,USA,Burlington
9102,CyborgBulls,France,Saint-Christol-les-Alès
9103,Prepa Tecmilenio THUNDERVOLTS,Mexico,Mazatlan 
9104,FREEYOUNG ROBOTICS TEAM,Türkiye,Istanbul
9105,TechnoTalons,USA,Prosper
9106,Spires,USA,Grand Rapids
9107,STEAMBot,Botswana,Selebi Phikwe
9108,STEAMec,Ecuador,Quito
9109,Twisted Angels,USA,Richland
9110,SESI SENAI ATOMIIC,Brazil,São João del-Rei
9111,Pyro Mechanics,USA,Rohnert Park
9112,RoboRavens,USA,Denver
9113,Bulldog Robotics 2022,Canada,Markham
9114,Rotationaries,USA,Fremont
9115,Robotic For Future,Türkiye,İstanbul
9116,The Canucks & Bolts,USA,North Plainfield
9117,NE10 #CLASSICS,Türkiye,Balikesir
9118,Pb-ers Laguna - Peñoles,Mexico,Torreon
9119,Iron Legends,USA,Fort Wayne
9120,Silverbot - Fresnillo PLC,Mexico,Guanajuato
9121,Mavericks,USA,Victoria
9122,Prepa Tecmilenio - Iron Hawks,Mexico,Culiacán
9123,Salesian Ironmen,USA,New Rochelle
9124,GESTO ROBOTIC TEAM,Türkiye,Nilufer
9125,Mechanical Magicians,USA,Newark
9126,Silver Hawks,Chinese Taipei,Kaohsiung City
9127,EOM Robotics 9127,Canada,kanata
9128,ITKAN Robotics,USA,Plano
9129,Panorama,Türkiye,İstanbul
9130,Screwer,Chinese Taipei,Taichung City
9131,Kız Kulesi Robotics,Türkiye,Üsküdar
9132,Basaksehir Teknoloji Takımı,Türkiye,istanbul
9133,NEXT GEN Up!,Mexico,Coyoacan 
9134,Tecmilenio - DEVOLT,Mexico,Chihuahua
9135,STEAMSur,Suriname,Paramaribo
9136,Rampage,USA,El Paso
9137,Bionic Vipers,USA,Navasota
9138,Robo Hawks,USA,Mount Pleasant
9139,Reserve Robotics,USA,Hudson
9140,The Robobots,USA,Austin
9141,BILTECH,Türkiye,Istanbul
9142,TechM8,Türkiye,İstanbul
9143,Armor Robotics,USA,San Francisco
9144,Helix,Australia,Box Hill
9145,Equinox,Australia,Wollongong
9146,Burnouts,Australia,Blackburn North
9147,The Joebots,Australia,Hunters Hill
9148,Atlas Robotics,USA,Westland
9149,RoboCats,USA,River Falls
9150,Labyrinth Robotics,USA,Morganton
9151,RoboLynx,USA,Panaca
9152,Rat Fight,USA,Berea
9153,Bearcat Robotics,USA,Ruston
9154,MOSTEMRobotics,Türkiye,Manisa
9155,New Tech Kraken,Poland,Krakow
9156,Trojan Robotics - The Blacksmiths of Troy,USA,Carrollton
9157,Iconic Panthers,USA,Minneapolis
9158,AieaBots,USA,Aiea
9159,Shago Robotics Team,Türkiye,Kahramanmaraş
9160,YAL THUNDERS,Türkiye,BAKIRKÖY
9161,FBO TEAM,Türkiye,salihli
9162,ALL MIGHT,Brazil,Fortaleza
9163,HYDRA,Brazil,Salvador
9164,Tech Vikings,Brazil,Naviraí
9165,Starbots FRC,Brazil,Betim
9166,TecRobot,Brazil,São Leopoldo
9167,New Era Technology,Türkiye,Cukurova
9168,AGROBOT,Brazil,Rondonópolis
9169,AGROTECH,Brazil,Varzea Grande
9170,Angels of God,Mexico,Morelia
9171,ElektRobot,Serbia,Prijepolje
9172,Robo-Sharks,USA,Los Angeles
9173,STEAMoros,Comoros,Vouvouni
9174,CYPRUS ROBOTICS,Cyprus,GIRNE
9175,BrainMachine-FRC,Brazil,catalão
9176,Greenspire Steel Sturgeons,USA,Traverse City
9177,Spartan Sprockets,USA,Webberville
9178,Cyber One,Brazil,Serra
9179,Ballou Robotic Knights,USA,Washington
9180,Ursa Major Robotics,Canada,Surrey
9181,PlatyPirates,USA,Houston
9182,Tech Tr1be,USA,New Boston
9183,RoboComets,USA,Jonesville
9184,Zeta,United Kingdom,Sevenoaks
9185,PL ROBOTICS,Türkiye,"Tarabya, Istanbul"
9186,METATECH,Türkiye,Avcılar 
9187,PIXEL,Türkiye,Selçuklu
9188,Pantherbots2,USA,Ewen
9189,Disastrous Data,Australia,Rowville
9190,N.E.R.D.S,Australia,Northam
9191,My Chemical Robots,Australia,Kalamunda
9192,Technodogs,USA,Centreville
9193,Short-Circuited Eagles,USA,Waterbury
9194,Gemin√-1s,USA,Kent
9195,ProdiXy,Brazil,Manaus
9196,FERRÃO DE ARRAIA,Brazil,Macapá
9197,Wixom Warriors,USA,Wixom
9198,The Beach Botz,USA,Southport
9199,SESI SENAI SHARKS,Brazil,Taubaté
9200,SESI SENAI STARDUST,Brazil,Limeira
9201,TEAM FORCE,Türkiye,Çubuk
9202,Silicon Valley Technos,USA,San Jose
9203,Quake,USA,Lansing
9204,Aluminum Armada,USA,Pinckney
9205,Technical Marauders1,USA,Inkster
9206,GRP Titans,USA,Grand Rapids
9207,Redneck Robotics,USA,Millington
9208,Eddies Circuit,USA,Edwardsburg
9209,Falcon Force,USA,Jackson
9210,Fighting Falcons,USA,Jackson
9211,ACCE Underdogs,USA,Ypsilanti
9212,Infinity,USA,Harper Woods
9213,Tecuani,Mexico,Pesqueria
9214,Honking Narwhals,USA,Norfolk
9215,T-Town Tech,USA,Tekonsha
9216,DarienAdvancedRoboticsTeam (D.A.R.T.),USA,Darien
9217,Lansing Learning Hub,USA,Lansing
9218,Alpha #9218,Brazil,Rio de Janeiro
9219,Nine Tails,Brazil,Resende
9220,Geekos,France,VALBONNE
9221,Ertuğrul Gazi Anatolian High School Robotic Team,Türkiye,Kocaeli
9222,Eaglebots,USA,Hastings
9223,Brick and Mortar,USA,Newaygo
9224,Hazel Park Advantage,USA,Hazel Park
9225,Wired Wildcats,USA,Evart
9226,GRemlins Gabriel Richard CHS,USA,Riverview
9227,Backwoods Bots,USA,Gladwin
9228,The Cougar Coders,USA,Benton Harbor
9229,Fapatech Lab,Türkiye,İstanbul
9230,BALta,Türkiye,İstanbul 
9231,Haydarpasa Panthers,Türkiye,Istanbul
9232,IBBTECH,Türkiye,İstanbul
9233,Luminous Robotics Team,Türkiye,Muratpaşa
9234,Les aigles d'or,Canada,Montreal
9235,ThunderBolts,USA,Aldie
9236,Taft Greyhounds,USA,Taft
9237,The Dragonators,USA,Swartz Creek
9238,Jaybots,USA,Lansing
9239,Panthers robotics,USA,Kalamazoo
9240,Hydra,USA,Rosedale
9241,EV ROBOTICS,USA,Lansing
9242,Hamady Hawks,USA,Flint
9243,Maniac Robotics,USA,Orofino
9244,Belize IT,Belize,Belize City
9245,Laker Dreadnoughts,USA,Pigeon
9246,Cut Twice Measure Once,USA,Middleton
9247,SainTech Robotics,Türkiye,İstanbul
9248,Orchard View Cyber Cardinals,USA,Muskegon
9249,Copper Country Cats,USA,Chassell
9250,William D. Ford Career Technical Center,USA,Westland
9251,EliteBots,USA,Flint
9252,Wingspan,USA,Pontiac
9253,Prometheus,USA,Westland
9254,Wolverine Wildcats 1,USA,Wolverine
9255,Botmasterz,USA,Grosse Pointe
9256,Marshall Opportunity High School Team,USA,Albion
9257,Bots of Another Color,USA,Duluth
9258,The Warriors,USA,El Paso
9259,WAATBOTS,USA,Wilson
9260,Built4Bibb Robotics,USA,Macon
9261,Under Pressure,Brazil,Goiânia
9262,Humberside Huskies,Canada,Toronto
9263,ALD Lions,Canada,Burlington
9264,HUNTERS ROBOTICS,Türkiye,İSTANBUL
9265,KOSOVA ROBOTICS,Kosovo,Prizren
9266,Walled Lake Northern Knights,USA,Commerce Township
9268,Phoenix of Three Rivers Academy,Canada,Trois-Rivieres
9269,IGNITE Pathways Robotics,USA,Woodbine
9270,Crowe,Canada,Trail
9271,Cyber Porpoises,USA,Mission Viejo
9272,SHSS Robotics Team,Canada,Castlegar
9273,COYOBOTS,Mexico,Torreon
9274,Cyphersis,Chinese Taipei,Taipei
9275,MC Dodgy Bot 2023,Australia,Merredin
9276,Mechanical Panthers,USA,Kenly
9277,Sparkans,Canada,Calgary
9278,Omegatrons,USA,Lake Odessa
9279,Electrical Mayhem,USA,Palm Coast
9280,PrepaTec - High Altitude Robotics,Mexico,Toluca
9281,FaroTech,Poland,Warszawa
9282,PrepaTec- SINAVOLT,Mexico,Culiacan
9283,Eduwizzards22/23,Pakistan,Chenab Nagar
9284,eduwizards,Pakistan,Chenab Nagar
9286,The Metal Mammoths,USA,Coventry
9287,Bionic Bengals,USA,Las Vegas
9289,Vikings,USA,Houston
9292,Zen Maker Robotics,Canada,North Vancouver
9293,Caffeinated,USA,Marietta
9295,Harlem Rails,USA,New York
9296,TITANium,USA,Rocky Point
9297,BOGOBOTS,USA,Hampstead
9298,Greenies,USA,Arden
9299,R0b0t B0bcats,USA,Hagerman
9300,Olympians,USA,Inverness
9301,PrepaTec - MechRams,Mexico,Chihuahua
9302,PARATECH FRC,Brazil,Belém
9303,PORTAL,Israel,GIVAT SHMUEL
9304,legend's,Israel,Sdot negev
9305,MonT,Brazil,Montenegro
9306,RAIN7,USA,Orlando
9307,Spicy Chihuahuas,USA,La Porte
9308,Darling Rangers,Australia,Forrestfield
9309,Metal Mages,USA,New Orleans
9310,35 Roneagles,USA,New Orleans
9311,Warhorse Robotics,USA,Devine
9312,NERD Spark,USA,Albion
9313,ROBOhana,USA,Rosemary Beach
9314,Middleton Berserkers,USA,Middleton
9315,Coding Comets,USA,Columbia
9316,CUBATRONICS,USA,Lenexa
9317,SteamRollers,USA,Redmond
9330,Team 9330,,
9400,BagelBytes,USA,Santa Clara
9401,Midas' Mayhem,USA,Troy
9402,Explorer1,USA,Delray Beach
9403,Starstuff,USA,Alexandria
9404,Forge,USA,Pembroke Pines
9405,RouxBots,USA,New Orleans
9406,TechJunior,Canada,Montreal
9407,Heatwave Robotics,USA,Frisco
9408,Warren Warbots,USA,Downey
9409,Caelum,Türkiye,Istanbul
9410,PowerHouse,USA,Liberty
9411,Rhapsodia mechanicus,China,Beijing
9414,RAMS Robotics,USA,Memphis
9415,Westinghouse Robotics,USA,Pittsburgh
9416,International Θperatives of World Affairs,USA,Philadelphia
9418,Pastabots,USA,Spring
9419,VULCAN,USA,San Antonio
9421,Nexus,China,Hong Kong
9422,Team Forza,Türkiye,Başakşehir
9423,SL Robotics,USA,Herriman
9424,E.O. JAG BOTS,USA,East Orange
9425,Intra Milwaukee,USA,Milwaukee
9426,CLAWBOTICS,USA,Reno
9427,iDeer,Chinese Taipei,ShuLin
9428,The Cashew Chickens @ Springfield Robotics,USA,Springfield
9429,Tech Titans,USA,Jonesboro
9430,CTEC Robotics,USA,Salem
9431,"Snider Panthers- ""The Gold Standard""",USA,Fort Wayne
9432,Team 8-Bit,USA,Anthem
9433,Lil' Timmy's Big Team,Australia,Perth
9434,Mehmet Günenç Robotics,Türkiye,Bandırma
9435,Pure Imagination 2.0,USA,Grenada
9436,Giro,Türkiye,Selçuklu
9437,Cosmonauts,USA,Brooklyn
9438,Leopard Tech,USA,Cove
9439,Knights of Polaris,USA,Newark
9440,Bolts&Nuts,Türkiye,KADIKÖY
9441,Aero Jr,Türkiye,Başakşehir
9442,Miso Mechanics,USA,Seattle
9443,Aluminum Panthers,USA,West Newbury
9444,Perseverance,USA,San Antonio
9445,The Brave Bots,USA,Bonner Springs
9446,C Cubed,USA,Puyallup
9447,AsoTech Robo-lation,Türkiye,SİNCAN
9448,Wave Wranglers,USA,Victoria
9449,Yellowjackets,Canada,Calgary
9450,Velocity Raptors,USA,Woodinville
9451,Aydos,Türkiye,Pendik
9452,LHS Steel Stingers,USA,San Diego
9453,Mount Vernon Wildcats,USA,Mount Vernon
9454,HİTİT GRİFFİN ROBOTİCS TEAM,Türkiye,ÇORUM
9455,DinoMights,USA,Livingston County
9456,Nunez Robotics,USA,Chalmette
9457,Robot X,USA,Albuquerque
9458,SESI SENAI JACTECH,Brazil,Jacareí
9459,SESI SENAI RPRT HAWKS,Brazil,São José do Rio Preto
9460,SESI SENAI STEEL BULLS,Brazil,Sertãozinho
9461,SESI SENAI MecaChronos,Brazil,São Paulo
9462,Toefur's Titans,USA,Tulsa
9463,Cougar Robotics,Canada,Leamington
9464,Başakşehir Robotics,Türkiye,Maltepe
9465,Imagine High Axolotls,Canada,Chilliwack
9466,Static,USA,Holly Springs
9467,EsRobotik,Türkiye,ESKISEHIR
9468,Team Sirius,Türkiye,Istanbul
9469,LUMOS ROBOTICS,Türkiye,ISTANBUL
9470,Ctrl-Alt-Defeat,USA,Fremont
9471,EF Academy,USA,Pasadena
9472,K2C,USA,Catoosa
9473,CYGNUS ROBOTICS,Türkiye,Akçaburgaz /Esenyurt
9474,Red River Resistance (3R),Canada,St Pierre-Jolys
9475,Mon Valley Mammoths,USA,Monessen
9476,CYBER TIGERS,USA,Bay Minette
9477,Lambda (λ),USA,Suwanee
9478,Robo-Colts HSISL,USA,Sugar Land
9479,CREDENTIS,Türkiye,Belen
9480,The Gear Bears,USA,Flowery Branch
9481,STEAMCo - All Star,Colombia,Palmira
9482,STEAMCo - Imagina,Colombia,Florida
9483,Overcharge,Türkiye,Cekmekoy
9484,Robot's District,Brazil,Taguatinga
9485,HYOBOTS,Brazil,Linhas
9486,ALPHASTORM FRC,Brazil,Aparecida de Goiânia
9487,KRYPTON FRC,Brazil,Goiânia 
9488,Western Blue Tongues,Australia,Gosnells
9489,STEAMCo - UV,Colombia,Yumbo
9490,TAC BEARS,Türkiye,Tarsus
9491,Crypto Creek,USA,Sellersburg
9492,LadyTalons,USA,Prosper
9493,TechWasps923,USA,Fort Walton Beach
9494,Hanabi,Japan,"Myozai-gun,Kamiyama-cho"
9495,TechKnow Difficulties,USA,Aurora
9496,LYNK,USA,Spindale
9497,NIMBLE PANTHER,Türkiye,Küçükçekmece
9498,ZENSHIN Robotics,Japan,Bunkyo-ku
9499,KANARITECH - FRESNILLO PLC,Mexico,URUACHI
9500,G28 Robotics,USA,Atlanta
9501,Sidereal Envoy,Chinese Taipei,New Taipei
9502,Idigna,Türkiye,Kayapınar
9503,EF5 CHAOS,USA,Laurel
9504,Gunderson Grizzlies,USA,San Jose
9505,Vyserions,USA,Los Angeles
9506,Conspiracy Robotics,USA,Manor
9507,Rothschild Leadership Academy,USA,Columbus
9508,MOGUERA Telemechanics,USA,Cedar Rapids
9509,Cybears,USA,Yonkers
9510,Medusa,Türkiye,Istanbul
9511,West Noble 1,USA,Ligonier
9512,Horsepower,USA,Kingwood
9513,Circuit Crew 9513 - Caterpillar,Mexico,Gómez Palacio
9514,Blanson RoboJags,USA,Houston
9515,Panther Technik,USA,Houston
9516,Tuskegee RoboFalcons,USA,Houston
9517,IKE Technik,USA,Houston
9518,STEAMex Scorpions,Mexico,Durango
9519,RoboMasters,Türkiye,Istanbul
9520,Rock-it Robotics,USA,Fountain Valley
9521,Humble Rumble,USA,Humble
9522,Archimedes,USA,Flowery Branch
9523,Archers,Türkiye,Kocaeli
9524,SHS Cardinal Chaos,USA,San Antonio
9525,NileTech,Canada,North York
9526,LCG Robotics,USA,Hatillo
9527,WIHS TEAM,Canada,WINDSOR
9528,The Wolf Pack,USA,Clinton Township
9529,GOKARGETRONIC,Türkiye,Şile
9530,John Adams Robotics,USA,South Bend
9531,Ctrl V,USA,Corvallis
9532,Messy Bees,USA,Aurora
9533,Melissa High School,USA,Melissa
9534,Wolves Robotics (Basic HS),USA,Henderson
9535,The Knack,USA,Hartland
9536,ETERNAL ROBOTİCS,Türkiye,İSTANBUL
9537,SCDS1,USA,Savannah
9538,Stallions,USA,Castaic
9539,Junk Bots,USA,Fallon
9540,RRIT,USA,Hillsborough
9541,M-stee (squared),USA,Manistee
9542,Technodogs,USA,Centreville
9543,Cyclone Robotics,USA,Harlan
9544,OLMCHS_Robo,Federated States of Micronesia,Kolonia
9545,Caracal Robotics,Türkiye,SARIYER
9546,TechnoLeopards,India,Mumbai
9547,Lotus,Türkiye,Ankara
9548,Bark River Bronconaughts,USA,Bark River
9549,The Mechadogs,USA,Covert
9550,STRIX Robotics,Canada,Kelowna
9551,Tiger,USA,Hays
9552,Rambotics,USA,Lakewood
9553,NEO42,Canada,Lindsay
9554,Portage Pythons,USA,South Bend
9555,TEAM HELIOS,Türkiye,MUĞLA
9556,KulturTech,Türkiye,Istanbul
9557,Tecmilenio - TurtleTech,Mexico,Los Mochis
9558,The Steel Vipers,USA,Warren
9559,EagleTron,USA,High Point
9560,Dorlion,Türkiye,Eskişehir
9561,Dawson Dino Nuggets,USA,Dawsonville
9562,Royal Robotics,Canada,Milton
9563,STEAMex USA,USA,Houston
9564,Taishan Robotics,Chinese Taipei,New Taipei City
9565,CEZERİ,Türkiye,Başakşehir
9566,Red Storm Rookies,USA,Kentwood
9567,StormBreakers,USA,Vancouver
9568,AstroBots,USA,Leland
9569,Milliken Mills Silver Knights,Canada,Markham
9570,Valiant,USA,Emerson
9571,Patriot Prime,USA,Greenville
9572,CC Shambytes,USA,Novi
9573,MarauderTech,USA,San Diego
9574,Rock Bots,Australia,Indooroopilly
9575,Silver Robotics,Canada,Toronto
9576,Loretto Lightning,USA,Loretto
9577,Recoil,USA,Dripping Springs
9578,Player One,USA,Green Bay
9579,Tech Devils,USA,Osage
9580,Grizzly Gears,Canada,Barrie
9581,Bad Wolf 1,USA,Kent
9582,HHS NASA Snaggbotics,USA,Conyers
9583,Lavender Robotics,Türkiye,Salihli
9584,Spartan Squared,USA,Mountain View
9585,RobUL,Czech Republic,Ústí nad Labem
9586,Denbot,USA,Denver
9587,STEMgc,Australia,Richmond
9588,.,Türkiye,Belen
9589,Arcade Robotics,Canada,Deep River
9590,Bison Tech,USA,Birmingham
9591,DESTAN,Türkiye,Kemalpaşa
9592,Blues Robotics,Canada,Timmins
9593,Rhinos,Mexico,Mexico City 
9594,Ashley  Bears,USA,Ashley
9595,ECHO,Türkiye,Kadikoy
9596,Eureka,China,Beijing
9597,Luban Robotics,China,Beijing
9598,Flint,China,Qingdao
9599,Colorful Panda,China,Shanghai
9600,X-Flare Robotics,USA,Elkton
9601,BageTech,Türkiye,Istanbul
9602,CANINTECH,Brazil,SINOP
9603,MTECH,Brazil,Cuiabá
9604,TUIUTECH,Brazil,Cuiabá
9605,Creek Commanders,USA,Millers Creek
9606,Beastbots,USA,Chapel Hill
9607,RJR Cyber Demons,USA,Winston Salem
9608,Power Ponies,USA,North Little Rock
9609,Paraducks,India,Mumbai
9610,Blue Ivy,Türkiye,Fatih
9611,SESI SENAI SC CyberRain,Brazil,Joinville
9612,Bosse Bulldogs,USA,Evansville
9613,Lion's Byte,USA,Kennewick
9614,ROBOSSAUROS,Brazil,Sousa
9615,Redlands Robotics,USA,Highland
9616,Opus Orion,Australia,North Wollongong
9617,Metal Knight,Brazil,Sobral
9618,Tronarchs,USA,Allen Park
9619,U.FRC.,Türkiye,Basaksehir
9620,Eltynien,USA,Montezuma
9621,Payload,Canada,Whitby
9622,GRIDLOCK,USA,Cleveland
9623,U-Turn,Canada,LaSalle
9624,Dynamiques 9624,Canada,Longueuil
9625,WOLVES ROBOTICS,Türkiye,Gebze
9626,JagWire Robotics,USA,Andover
9627,Yellow Haze,USA,Lutz
9628,Erdem Robotics Team,Türkiye,Beşiktaş
9629,Yabusame Technology,Japan,Tokyo
9630,Pels,USA,Port Allen
9631,Chargers,USA,Tulsa
9632,Red M00n,USA,Christchurch
9633,Pine Bluff City Robotics,USA,Pine Bluff
9634,Zero Tolerance,USA,Cupertino
9635,Cyber Rabbit,China,Guangzhou
9636,Space Junk,USA,New York
9637,Grammar Gurus,Australia,Spring Hill
9638,"Tigers, Bro!",USA,Gobles
9639,Sibley-Ocheyedan,USA,Sibley
9640,Markhors,Pakistan,Lahore
9641,Robotics71,Canada,Comox
9642,I.N.T. Robotics,USA,New York
9643,Lady Voltage,USA,Cleveland
9644,NEIA Robotics,USA,Marlborough
9645,POC,Japan,Tokushima
9646,The Marinators,USA,Southampton
9647,Ladybug,Rwanda,Kigali
9648,Circuit Breakers,USA,Caro
9649,Mulgrave Robotics,Canada,West Vancouver
9650,Mio Thunderbotz,USA,Mio
9651,Ecorse Robo Raiders,USA,Ecorse
9652,Team Gambia,Gambia,KOLOLI
9653,O.V.R.T (Ohio Valley Robotics Team),USA,Steubenville
9654,Kelly Trojans,USA,Chicago
9655,Shallowater,USA,Shallowater
9656,X-Ray Robotics,Mexico,Reynosa
9657,SESI SENAI IPÊV4,Brazil,MOSSORÓ
9658,Camber,USA,San Antonio
9659,Vanier Vikings,Canada,North York
9660,Delgado Community College Dolphinbots,USA,New Orleans
9661,Huskie STEAM,USA,Breckenridge
9662,Valley Lutheran Chargers,USA,Saginaw
9663,Offshape Robotics,Canada,London
9664,The Lumberjacks,USA,San Antonio
9665,Vanderbilt Area Schools,USA,Vanderbilt
9666,AAE Knights,USA,Victorville
9667,ITEM # 9667 Cyborg Silverback (Independent Team of Engineers that Meet),USA,Mannford
9668,West Robotics,USA,Knoxville
9669,Regina Riveters,USA,Wilmette
9670,The Gadgeteers of St. Johns County,USA,Saint Augustine
9671,Robosnacks,USA,Grand Rapids
9672,Colon Magi Robotics,USA,Colon
9673,Volt Vespids,USA,Ithaca
9674,Trojan Power Robotics,USA,Crystal Falls
9675,COLOSSUS,Brazil,São Luis
9676,Hub City STEAM,USA,Marshfield
9677,Electric Calamari,USA,Loveland
9678,Step Up,Canada,London
9679,Madison Eagles,USA,Madison Heights
9680,SIA Phoenix Rising,USA,Spokane
9681,Shark Robotics,Canada,Richmond
9682,Norway Robotics,USA,Norway
9683,Equipe SESI-SENAI - Cacoal,Brazil,Porto Velho
9684,Cardozo Unstoppable,USA,Washington
9685,Crystal Oscillators,USA,Bay City
9686,Gwinn Modeltowners,USA,Gwinn
9687,NEX-TECH,Türkiye,istanbul
9688,Moltimun,Türkiye,İstanbul
9689,Haycar,Türkiye,İstanbul
9690,Defuse Robotics,Türkiye,Gebze
9691,TOBB_BİLSEM,Türkiye,Tepebaşı
9692,Sigma Powered By Adipro,India,Mumbai
9693,Miami Dade College Sharkbotz,USA,Miami
9694,TUBITECH,Türkiye,Gebze
9695,BAYKAR Robotics,Türkiye,Istanbul
9696,Hamichanics,USA,Los Angeles
9697,Bionic Bucs,USA,Mount Morris
9698,Zipbombs of BGCNF,USA,Green Cove Springs
9699,Bayou Crusaders,USA,Schriever
9700,YMCABattleJacks,USA,Bogalusa
9701,CrossWired Robotics,USA,Muskogee
9702,Nexus Robotics,Mexico,Metepec
9703,Q_Bots,USA,Quincy
9704,IgKnighted,USA,Chandler
9705,EastRamapo,USA,Suffern
9706,R^3   (Redwood Ranger Robotics),USA,Visalia
9707,Volt-Cats,USA,Graham
9708,Supersonic Circuit Breakers,USA,Bossier City
9709,Isotope Robotics,USA,Chesterfield
9710,Discovery Polybotz,USA,Springfield
9711,Cy-Fly,USA,Tallahassee
9712,Iron Sharks,USA,Pascagoula
9713,The TACA Titans,USA,Warwick
9714,High Altitude,USA,Rio Vista
9715,Tsinelas',Philippines,Manila
9716,IT Kids Robotics,USA,Orlando
9717,Poultronix,USA,Forest
9718,Wookie Mistakes,USA,Brandon
9719,ThunderTech Robotics,Canada,Maple Ridge
9720,Metal Head Robotics,USA,Saint Petersburg
9721,Red Hawk Robotics,USA,Cedar Springs
9722,Polar Robotics,USA,Grand Marais
9723,STEAMex Katatronik,Mexico,Puerto Vallarta
9724,Cross Circuit Christians,USA,Sanford
9725,young law,USA,West Palm Beach
9726,Notus Pirates,USA,Caldwell
9727,Warrior Robotics,USA,Redford
9728,BGCCF Joe R Lee Branch,USA,Maitland
9729,Knights,USA,West Roxbury
9730,Metal Maniacs,USA,Escondido
9731,All Saints Range Precision,USA,Bay City
9732,Rainbow Junkyard,USA,South Portland
9733,Gold Diggers,USA,Iron Mountain
9734,Jasper County Robotics,USA,Bay Springs
9735,Electric Dragons,USA,Romulus
9736,Tawas Braves,USA,Tawas City
9737,The Quackers,USA,Boise
9738,Ionic Bond,Israel,Tel Mond
9739,Firefly,Israel,Modi'in-Maccabim-Re'ut
9740,CANBus in memory of Roney Tal,Israel,yavne
9741,STORM,Israel,rishon lezion
9742,Walkerville Wildcats,USA,Walkerville
9743,MV TITANS,USA,Vermontville
9744,Breithaupt Bulldogs,USA,Detroit
9745,Lazer Sharkz,USA,Glenwood
9746,Pickford High School Panthers,USA,Pickford
9747,ElectroPanthers II,USA,Center Line
9748,Ann Arbor Academy Blue Herons,USA,Ann Arbor
9749,Arbor Prep Gators,USA,Ypsilanti
9750,ED Robotics,Sweden,Jönköping
9751,OIA PantherBots,USA,Hamtramck
9752,ITKAN Robotics Jr,USA,Plano
9753,Team Success,USA,Lansing
9754,Vestabots,USA,Vestaburg
9755,Red Devil Robotics,USA,Ironwood
9756,Robo Panthers,USA,Hesperia
9757,Mecha Marauders,USA,Marlette
9758,Pantron-X,USA,Watervliet
9759,Forge of Falcon,USA,West Branch
9760,Cristo Rey Jesuit Trailblazers,USA,Milwaukee
9761,LSMSA Robotics,USA,Natchitoches
9762,Raccoon Robotics,USA,Canton
9763,Cast Iron Clippers,USA,Martin
9764,Maritime Marauders,USA,Panama City
9765,LCS Cougars,USA,Adrian
9766,Northridge Vikings,USA,Johnstown
9767,Magnificat MagnifiBots,USA,Rocky River
9768,ROBOKNIGHTS,USA,Plaquemine
9769,Toronto Prep,Canada,Toronto
9770,Victory Church of Christ Robo Knights,USA,Atlanta
9771,FPro - Frankfort HS,USA,Frankfort
9772,Titans Robotics,USA,Winnetka
9773,Cardinal Robotics,USA,Wakefield
9775,Ravens,USA,Detroit
9776,Gator Gears,USA,Swartz Creek
9777,Knights of the Lab Table,USA,Gilbert
9778,Horizon Hawks Robotics,USA,Winter Garden
9779,Gladiator Robotics,USA,Hialeah
9780,Accelerated Learning Academy,USA,Flint
9781,Northgate Deep-Sea Welders Union,USA,Walnut Creek
9782,Wextech Titans,Canada,Scarborough
9783,Steppe Steppers,Ukraine,LVIV
9784,Cyberbots,Canada,Waterdown
9785,Alectrona,Canada,Aurora
9786,MHS Wolfpack Team 9786,USA,Monahans
9787,Fathom Robotics,USA,Baker
9788,R.A.M.,USA,Williamston
9789,Platinum Ringleaders,USA,Roanoke Rapids
9790,Crypto Creek II,USA,Sellersburg
9970,Off-Season Demo Team 9970,USA,Manchester
9971,Off-Season Demo Team 9971,USA,Manchester
9972,Off-Season Demo Team 9972,USA,Manchester
9973,Off-Season Demo Team 9973,USA,Manchester
9974,Off-Season Demo Team 9974,USA,Manchester
9975,Off-Season Demo Team 9975,USA,Manchester
9976,Off-Season Demo Team 9976,USA,Manchester
9977,Off-Season Demo Team 9977,USA,Manchester
9978,Off-Season Demo Team 9978,USA,Manchester
9979,Off-Season Demo Team 9979,USA,Manchester
9980,Off-Season Demo Team 9980,USA,Manchester
9981,Off-Season Demo Team 9981,USA,Manchester
9982,Off-Season Demo Team 9982,USA,Manchester
9983,Off-Season Demo Team 9983,USA,Manchester
9984,Off-Season Demo Team 9984,USA,Manchester
9985,Off-Season Demo Team 9985,USA,Manchester
9986,Off-Season Demo Team 9986,USA,Manchester
9987,Off-Season Demo Team 9987,USA,Manchester
9988,Off-Season Demo Team 9988,USA,Manchester
9989,Off-Season Demo Team 9989,USA,Manchester
9990,Off-Season Demo Team 9990,USA,Manchester
9991,Off-Season Demo Team 9991,USA,Manchester
9992,Off-Season Demo Team 9992,USA,Manchester
9993,Off-Season Demo Team 9993,USA,Manchester
9994,Off-Season Demo Team 9994,USA,Manchester
9995,Off-Season Demo Team 9995,USA,Manchester
9996,Off-Season Demo Team 9996,USA,Manchester
9997,Off-Season Demo Team 9997,USA,Manchester
9998,Off-Season Demo Team 9998,USA,Manchester
9999,Off-Season Demo Team 9999,USA,Manchester
10000,Neutron Star,China,Beijing
10001,Belt 2 Bot,USA,Philadelphia
10002,BotBuilders,Australia,Brisbane
10004,SCAROB (Star City Area Robotics),USA,Roanoke
10006,Lunar Robotics,USA,Lawrenceville
10010,The Quokkas,Türkiye,Istanbul
10011,Gridrunners,USA,Dayton
10012,SEASIDE Robotics,Brazil,Maracanaú
10014,REBELLION,USA,Prosper
10015,Bubbles,Canada,Aurora
10016,Absolute Zero,China,Chuansha
10017,GPS Robotics,USA,Wesley Chapel
10019,SESI SENAI MINERSKILLS,Brazil,Belo Horizonte 
10021,Guerin Catholic Golden Gears,USA,Noblesville
10027,Spontaneous Combustion,Canada,Unionville
10029,The Portotypes,USA,Portage
10032,Singularity,USA,Frisco
10034,GammaLand,Chinese Taipei,DongShan
10041,Ferzeri Legacy,Türkiye,Sultanbeyli
10042,Spirit Dynamics,Türkiye,Karabük
10043,Conscius Robotics,Türkiye,İstanbul
10044,Panther Robotics,Canada,Edmonton
10045,Casque Robotics,Türkiye,Kartal
10050,Sea Dragons,Türkiye,BAŞAKŞEHİR
10051,ASTRAL TECH ROBOTICS,Türkiye,Kocaeli/Gebze
10053,Front Runners,Türkiye,Didim
10055,Mehmet Günenç Robotics,Türkiye,Bandirma
10058,ShacShuca Robotics,Türkiye,Ankara
10059,Tech On Titans,USA,San Jose
10062,ATEMS Robotics,USA,Abilene
10063,S.C.R.A.P.,USA,Weymouth
10064,HanniBal,Türkiye,Bodrum
10066,CephaloSquad,USA,North Clarendon
10069,University Academic Charter School,USA,Jersey City
10070,Ghost Bots,USA,Abington
10072,WhirlyBots,USA,Wilson
10077,The H.E.I.S.T.,USA,Huntersville
10079,Arrowdynamics,USA,Bothell
10090,Sunflower,Türkiye,Ankara
10101,Critical Hit,USA,Huntsville
10105,BLACK MAMBA,Türkiye,Istanbul
10107,ThunderBirdz,USA,Concord
10108,Hazard5,USA,Enosburg Falls
10114,Phantom Talons,Chinese Taipei, Zhonghe Dist
10118,Robonauts EveryBot,USA,Houston
10120,Wulfa the Wolf,China,shanghai
10121,TMSA MechaTiger,USA,Apex
10131,Royal Turtles,China,131 Argyle St. KLN
10132,Kuanta Robotics,Türkiye,Pendik
10133,Manhattan Monsters,USA,Waterbury
10137,RoboKats,USA,Lexington
10138,VikingBot,USA,Lyndon Center
10139,Tsunami,Israel,Mate Asher
10140,Lord's Valley Robotics Team,Brazil,Jaraguá do Sul
10141,Turing Robotics,Türkiye,Bahçelievler
10142,ANDROMEDA,Türkiye,ADANA
10143,Northeast High Viking Robotics,USA,Philadelphia
10146,ROBIS,Türkiye,İstanbul
10147,ArmBots,USA,Glendale
10151,IOTRONIC / Polivirtual FRC,Mexico,Queretaro
10152,Orbotics,USA,Chappaqua
10154,PizzaByte 2.0,Panama,Panamá 
10156,Marshy Machines,USA,Marshfield
10157,Roman Robotics,USA,Philadelphia
10159,PHS MAC-ros,USA,Milton
10162,Viking Robotics,USA,Fort Walton Beach
10166,Thunder Vikes,USA,Port Hueneme
10167,Jeunes Sans Frontières,Canada,Brampton
10170,ND Robotics,USA,Lawrence Township
10172,Apex Archers,USA,Fort Wayne
10173,Minot Syber-Sentinels,USA,Minot
10174,SRC Robotics 2024-25,USA,Milton
10177,CyberClaws,USA,Miami
10180,MUCİTLER,Türkiye,Çorum
10181,ProtoWarriors,USA,Fife Lake
10183,ARC,USA,Las Vegas
10185,Nexify Robotics,Türkiye,İstanbul
10186,feenx,USA,Reno
10190,UNIMATE - SESI SENAI SC,Brazil,São José
10200,West Pionners,Brazil,Luzerna
10202,NOVATRON,Türkiye,Beylikdüzü
10203,LANCE,Türkiye,BEYOĞLU
10204,TeamAbra,Türkiye,Konya 
10205,MAGNETAR,Türkiye,Konak
10207,Doomsday Engineering,USA,Findlay
10208,Mayhem Manufacturing,USA,Findlay
10209,The Valtra,Türkiye,İstanbul
10211,Cyber Colts,Panama,Panama
10212,Circuit Bakers,USA,Dublin
10213,BALTA,Türkiye,BAHCELIEVLER
10214,Team Doritos,China,Beijing
10216,QUANTUMBEE,Türkiye,ANKARA
10217,Catahoula Blue Dogs,USA,Port Allen
10218,No Signal,Canada,Rockwood
10219,Bathtub Chickens,USA,Panama City
10221,#1 Sea Bass,USA,San Francisco
10223,Crimson Jewels,USA,Rochester
10224,MAV MECHANICS (NASA),USA,Henrico
10225,Prepa Tecmilenio - PYROX,Mexico,Guadalupe
10226,Leo High School,USA,Chicago
10228,Phoenix Robotics,USA,Zephyrhills
10229,Event Horizon,USA,New York
10230,The Splash,Türkiye,İSTANBUL
10231,Midnight Circuits,USA,North Charleston
10232,Killer Kardinals 2,USA,Plainfield
10234,TEDRA,Türkiye,ISTANBUL
10236,REXTED,Türkiye,Maltepe
10243,Yücel Boru ANATOLIAN WOLVES,Türkiye,Gebze
10244,WOLFS ROBOTICS,Türkiye,Gebze
10245,WAMS,USA,Waterbury
10246,ISTAF Team Infinitech,Türkiye,Bayrampaşa
10247,RedFox,Türkiye,Ankara
10248,Iron Byrds,USA,Fayetteville
10249,SpartanBots10249,USA,Huntington Park
10251,Chimera,Türkiye,Döşemealtı
10252,Mecha Lions,USA,San Jose
10254,Regal Seagulls,USA,Falmouth
10256,Team Scrap Metal,USA,Gilbert
10257,Vector Space,USA,Lynchburg
10260,RoboJags,USA,Jackson
10261,PYRONEERS,Greece,Athens
10262,Bionic Buzzers,USA,"Hastings-On-Hudson,"
10263,Temari Robotics,Brazil,gravatai
10264,STORM,USA,Menomonie
10266,Hopkins Galvanized Goats,USA,New Haven
10269,Beaverbots,USA,Knoxville
10279,The Erudites,Canada,Stouffville
10281,MechaWolves,USA,San Francisco
10285,Sacred Heart Outlanders,USA,Bloomfield Hills
10287,Kingdom Prep RC,USA,Milwaukee
10288,Interstate,USA,Winnetka
10291,MUTUM-X,Brazil,NOVA MUTUM
10295,FOREST GUARDIANS,Brazil,ALTA FLORESTA
10296,BIOBOTS,Brazil,Barra do Bugres
10297,PANTANALBOTS,Brazil,Cáceres
10298,LUVER CONTROL,Brazil,Lucas do Rio Verde
10299,HARVBOT,Brazil,Sorriso
10300,Obama FRC,USA,Pittsburgh
10302,Byte Force,USA,Cary
10303,C-TEC Robotics,USA,Newark
10304,Circuit Breakers,USA,Winston-Salem
10308,HiveMind,Türkiye,Sultangazi
10309,Jayhawks Robotics,USA,Columbus
10312,ByteForce,USA,McKinney
10313,CAPELLA Robotics,Türkiye,Karşıyaka
10316,The Western Blue Tongues,Australia,"Gosnells, 6110"
10317,CIA Robotics,USA,Chaffee
10321,MBA Imperio Robotics,Türkiye,İSTANBUL
10322,Beyond the Bell,USA,Flora
10323,DeMolay Dynamics,USA,North Port
10327,Perry Pumatronix,USA,Gilbert
10328,IBBTECH-JR,Türkiye,Istanbul
10332,Carroll Charger Robotics,USA,Fort Wayne
10333,Elevation,USA,Colorado Springs
10334,Sardis Robotics,Türkiye,Sardes
10335,Cyber Sharks,USA,Saint Johns
10336,BHA Tigers,USA,San Diego
10337,Technoka Robotics,Türkiye,Kaiıkoy
10338,10338 - CircuitMakers,USA,Cairo
10339,BrainShift,USA,Seaside
10340,ITKAN Girls,USA,Plano
10342,Lost in Translation,Australia,Perth
10343,Tera Robotics,Brazil,Três Lagoas
10344,SESI IPÊV4,Brazil,Mossoró
10345,Sirius,Brazil,Goiânia 
10349,Pontiac Firebirds,USA,Pontiac
10350,Canberra CIPHER,Australia,Canberra
10351,Robotics Bulldogs,USA,Bennettsville
10352,SUNY Poly Wildcat Robotics,USA,Utica
10353,HATAY ROBOTICS,Türkiye,HATAY 
10354,Sting,USA,Sanford
10356,Capitech,Brazil,Campo Grande
10358,Yeah8 Tech,USA,pine bluff
10361,Gatorbots,USA,Santee
10366,Builder Bears,USA,Bergenfield
10367,Category 4 Storm Surge,USA,Summerville
10368,RoboRattlers,USA,North Las Vegas
10369,Blue Grizzly,USA,Hawthorne
10370,Squatch Watch,USA,Clintwood
10372,THE ANTS,USA,Milpitas
10376,Plutonium Panthers,USA,Augusta
10377,Aughtonauts,USA,Oklahoma City
10378,DUCKS,USA,Lawton
10380,The Dragon Hunters,USA,Queen Creek
10382,SPEARHEAD,USA,Hays
10383,Robistim,Türkiye,ATASEHIR
10384,Sparkanovas,Canada,Calgary
10385,Cycle-Breakers,USA,McAllen
10387,BI Blue Tigers 2024,USA,Hinesville
10388,The Iron Wolverine Angels,USA,Dorchester
10390,GOOGIRL,Chinese Taipei,Taichung
10392,Brawley Robocats,USA,Brawley
10393,Foxborough High School,USA,Foxboro
10394,STEAMCo Valley Stars,Colombia,Palmira
10395,SJHS Gyro Falcons,Canada,Red Deer
10396,Mostra,Türkiye,İstanbul
10399,Burman Bush,South Africa,Durban 
10400,DART Doane Academy Robotics Team,USA,Burlington
10402,Cy-Bears,USA,Orlando
10404,Robo Rhinos,South Africa,cape town
10409,ALP HUNTERS,Türkiye,Kocaeli
10410,Robodawgz,USA,Zephyrhills
10411,G-Code Generals 10411,USA,Fort Wayne
10412,TechBotTronics-1RSNC,USA,Salisbury
10413,Flux Robotics,USA,Pelham
10415,Torchers,Türkiye,ŞİŞLİ
10416,Radical Raccoons,USA,Spokane Valley
10418,RoboLab,Bulgaria,Kazanluk
10421,Baldwin Coded Dragons,USA,Baldwin
10422,Çapa Pineapple Robotics,Türkiye,Fatih
10423,CB Tech,USA,Moses Lake
10424,ANKA ROBOTICS,Türkiye,ANKARA
10425,WhiteFox,Türkiye,Gaziosmanpaşa
10427,Kitimat Sentinels,Canada,Kitimat
10428,KAIZEN,India,JAIPUR
10430,Solar Chill,USA,West Bend
10432,Okeanos,Türkiye,ISTANBUL
10434,CYBEARS,USA,Fort Wayne
10435,IRS - Intelligent Robotic Systems,USA,Morton Grove
10437,Amity Robotics Club (ARC),Australia,Sydney 
10438,Phantom Liberty,China,Shenzhen
10439,Wild Wires,USA,Earlham
10444,Ursa Major,USA,Gresham
10445,HYPERVOLT,Türkiye,Avcılar
10446,Circuitron,USA,Bogalusa
10448,Jerome High School Tigers,USA,Jerome
10449,Robo Crusaders 1,USA,Prince Frederick
10452,RoboLions,USA,Bronx
10453,Northmen Robotics,USA,Kansas City
10454,UPC Raptors,USA,Brooklyn
10455,Bison Dynamics,USA,Spanaway
10456,Atlantic Trojan Robotics,USA,Atlantic
10457,Prepa Tecmilenio - FARADAY,Mexico,Villahermosa
10458,Spartan Robotics,USA,Chicago
10464,The Wash,Canada,Ottawa
10465,DemirozRobotics,Türkiye,İSTANBUL
10466,Federal Force,Brazil,Taguatinga
10468,Robo711Panthers,USA,Euclid
10470,Sancar Robotics,Türkiye,ÇANKAYA
10471,Gamarobotics,Türkiye,ANKARA
10472,Bilkent Next,Türkiye,Ankara
10473,Team Lance-B-Bot,USA,Stevensville
10474,Turcia Machina,USA,Aitkin
10475,Techno-Tornados,USA,Panama City
10476,Thunderbots,USA,Lincoln
10478,NEO Robotics,Türkiye,Ankara
10479,Powerhouse,China,Shanghai
10480,CyberStorm,USA,Paterson
10482,BuzzBots,USA,Athens
10483,Andes Robotics,Argentina,Mendoza
10486,Weavers,China,Shenzhen
10487,TIH IIT DELHI,India,Delhi
10489,Cutthroat Robotics,USA,Sun Valley
10490,Ely Robotics,USA,Ely
10491,Subatomic Smarticles,USA,Phoenix
10492,Bosse BYTEForce,USA,Evansville
10493,Harrison RoboWarriors,USA,Evansville
10495,Cibatronic,Dominican Republic,Moca
10496,404: Team Not Found,Australia,Sheldon
10497,Bayou Bots,USA,Centerville
10498,Heron Robotics,USA,Marysville
10499,Mechanical Princesses,USA,Virginia Beach
10500,Lodestar,USA,Oakland
10501,CARNOTAURUS,Türkiye,Istanbul
10502,HARPIA ROBOTICS,Türkiye,Besiktas
10504,Pymble Pride II,Australia,Sydney
10505,NASA Technomos,USA,Escanaba
10506,Crash Test Dummies,USA,Goodyear
10508,The Ducksons,Australia,Wollongong
10510,All Saints Catholic High School,Canada,Whitby
10512,Beyond Grad Greyhounds,USA,Vanderbilt
10513,Team Humanity Robo Falcons,USA,Brownsville
10514,Mixed Métal,Canada,Sarnia
10515,Aluminum Tethys,USA,Vanderbilt
10516,Code Red,USA,Hermitage
10517,Ctrl Alt Defeat,USA,Vanderbilt
10518,D.A.D.S,USA,Bulverde
10519,Two Steps Ahead,USA,Edison
10521,ERA Robotics,Türkiye,Istanbul
10522,Sun Prairie School District,USA,Sun Prairie
10523,Singularity Robotics,USA,Englewood
10526,Orcas,China,shanghai
10527,5-Star,Canada,Surrey
10528,Rookie Deers,Türkiye,İzmit
10529,BATS,Mexico,Monterrey
10530,Robo.Phoenixes,Türkiye,Ankara
10531,Tempestas24,Türkiye,Tepebaşı
10532,ROOT_LOTUS,Türkiye,BURSA
10535,Liberian Canadian Association of London,Canada,London
10541,CarbonPulse Robotics,China,Shanghai
10542,EAGLE WARRIORS,Türkiye,KARTAL
10547,United Phoenix,USA,Saginaw
10548,TechTonic Robotics,Türkiye,Eskişehir
10549,MardinBK Robocretors Team,Türkiye,Mardin
10550,35 Soaring Roneagles,USA,New Orleans
10551,The Episcopal School of Dallas Robotics Team,USA,Dallas
10552,Mazenod Machinists,Australia,Mulgrave
10553,Orange Overdrive,USA,Oregon
10554,Team VIPER,Canada,London
10555,Red Deer Community FRC,Canada,Red Deer
10558,Forté,China,Beijing
10560,Grand Ledge Comets,USA,Grand Ledge
10562,STEAMex Scorpions,Mexico,Durango
10565,FARADAY- Prepa Tecmilenio,Mexico,villahermosa
10575,ROBOFOX,Türkiye,Bursa
10576,ASHINA,Türkiye,Ankara
10577,TARMINATORS,USA,Detroit
10579,BoschBotics,Canada,London
10580,LGTBots by STEAMex,Mexico,Monterrey
10582,The Technochauns,USA,Youngstown
10583,Stampede,USA,Charlotte
10584,Ridge Robotics,USA,Perkasie
10586,Unearthed,USA,San Diego
10587,Windover Wing Nuts,USA,MIDLAND
10589,Binary Crows,USA,Marquette
10590,Compass Team,USA,Ypsilanti
10591,No Cap,USA,Columbia
10592,Stamford Cyber-Hird TSA,USA,Stamford
10593,74Falconics,Canada,London
10595,Big Bay de Noc Black Bear Bolts,USA,Cooks
10596,FHS Bots,USA,Columbus
10597,Iron Eagles,USA,Los Angeles
10598,TADroid,Poland,Warsaw
10599,RoboBlazers,USA,Columbia
10600,Two Steps Ahead,USA,Edison
10602,Steel Hawks,USA,Saint Paul
10604,Demirören Robotics,Türkiye,bağcılar
10605,Techno Talons,USA,Engadine
10606,The Foley Flare,USA,Madison Heights
10607,DAAS Jaguars,USA,Detroit
10608,ORC Robotics,Türkiye,Denizli
10609,Team Hungary,Hungary,Budapest
10610,East Altamonte Boys & Girls Club,USA,Altamonte Springs
10611,Gemini Robotics,Canada,Tillsonburg
10612,Cougear,USA,Auburn Hills
10613,AEA Alterbots,USA,West Branch
10614,AEA Robolution,USA,Tawas City
10615,Spartan110,USA,Pinole
10616,Iron Eagle Robotics,USA,Miami
10618,Overlooking 2,Chinese Taipei,Minxiong Township
10619,Rana's Rivets,USA,Darlington
10620,West Sanford Boys & Girls Club,USA,Sanford
10621,Crusaders,USA,Glen Head
10622,Gwinn ModelBots,USA,Gwinn
10623,AY YILDIZ ROBOTİM,Türkiye,Bahçelievler
10625,BuzzFusion,USA,Calipatria
10626,Smokin Batteries,USA,Moore
10629,Bath Bee-Botics,USA,Bath
10630,Michigan Collegiate Cougars,USA,Warren
10633,BeeBotics,USA,Bridgman
10634,The Last Gambit,Canada,Toronto
10635,Merengue,Dominican Republic,Santo Domingo
10636,Lions Automation,China,Beijing
10642,Comstock Colts,USA,Kalamazoo
10644,West Coast Warriors,USA,Union City
10647,YAMS TECH,USA,Bangor
10650,Robonoles Robotics Team,USA,SANFORD
10651,Gear Cats,USA,Delton
10652,Mechanical MacGyvers,USA,Rochester Hills
10653,Reybotics,USA,Philadelphia
10654,Tiger Bytes,USA,Shelby
10655,PHS Spartan Synergy,USA,Braithwaite
10656,RataToaster,USA,"Ann Arbor, City of"
10657,North Central Academy,USA,Mancelona
10658,SEED Robotics,USA,Los Angeles
10659,Jaguar Byte,USA,Flint
10661,Blue Phoenix,USA,Shawnee
10664,Big Reds,USA,Muskegon
10665,Unibots,USA,Ferndale
10666,Green MachineZ,USA,Berrien Springs
10667,Genesee Wolves,USA,Genesee
10668,WAY Flint,USA,Flint
10670,West Orange Boys and Girls Club,USA,Winter Garden
10671,South Windsor Community Robotics,Canada,Windsor
10672,Trojans,USA,Livonia
10674,Wye.M.C.A -  Metro Christian Patriots,USA,Tulsa
10675,Energize,Türkiye,Besiktas
10676,Innovation Station,USA,Fountain Inn
10677,Artificial Architects,Australia,Mentone
10679,The Wirewolves,USA,Severn
10680,Homer Trojans,USA,Homer
10682,Robo-Yotes,USA,Salina
10686,Northfield Nightbots,USA,Denver
10689,KAGITHANE TEKNOLOJI TAKIMI,Türkiye,Istanbul
10690,ERROR 448,USA,Bloomfield Hills
10692,GOLDEN APPLE,Türkiye,ISTANBUL
10695,Galileo,Israel,Kfar Blum
10698,Armathronics,Armenia,Yerevan
10704,Storm Surge,USA,Hickory
10705,Will Carleton Academy,USA,Hillsdale
10711,FORMSHOP,China,shanghai
10714,RAMpage.AI,USA,Amsterdam
10903,The Ionizers,USA,Reno
10904,The Circuit Sorcerers,USA,Channelview
10905,Team LOVE,USA,Phoenix
10906,Lunea Lumen,Türkiye,üsküdar
10907,ROBOLYNX,Türkiye,ÇEKMEKÖY
10909,CuttingEdge1881,USA,Madison
10910,The Outlaws,USA,Montpelier
10911,T3 ROBOTICS,Türkiye,Istanbul
10912,Dragons,USA,Boston
10913,Robot Wranglers,USA,Liberty Hill
10914,Team Variant,Türkiye,İstanbul
10917,M.A.P.L.E.,Brazil,Goiaânia
10918,Bluesteel Dragons,USA,Philadelphia
10920,F²,Türkiye,Ümraniye
10922,Amped,Chinese Taipei,Taipei
10924,Titanium Titans,Canada,Etobicoke
10929,Tarpon Robotics,USA,Cut Off
10930,Forgeon Robotics,Türkiye,Didim
10931,Silver Talon,Mexico,Santa Catarina
10932,Tulpar,Türkiye,İstanbul
10933,Tie Dye Samurai,USA,Gilbert
10935,Krono,Israel,Kiryat Ono
10936,Hooverstan,USA,Glendale
10937,River Valley RADs+,USA,Springfield
10940,AVIATRONIX,Türkiye,Antalya
10943,WJH RoboStangs,USA,Laurel
10945,ELP's Mad CAD-ers,USA,Bristol
10947,Antioch Rising,Türkiye,HATAY
10949,Metalheads,USA,Philadelphia
10950,The Northern Knights,USA,Palmer
10951,Saigon South Dragons,Vietnam,Ho chi Minh City
10953,LYRON,Türkiye,CIGLI
10958,SWing,South Korea,Seo-gu
10959,ORHANIYE R SPORTS,Türkiye,İNEGÖL
10960,Eagle Engineers,USA,Vanceboro
10961,Hyper Wave,USA,Gulf Shores
10973,Sea Raiders,USA,Westwood
10975,Wicked Robotics,USA,Texarkana
10978,Complete Robotics,USA,Frankenmuth
10979,Tiger Robotics,USA,Philadelphia
10980,The Deadbolts,USA,Boulder
10981,Jo-Bees,USA,North Port
10986,Negev Dominion,Israel,Rahat
10987,The Legion,USA,Louisville
10988,Desert Storm,USA,New River
10989,Blast Robotics,USA,Berwyn
10991,PioBytes,USA,Sandy
10993,EP Robotics,USA,Enola
10994,SSES Phenoms,USA,Alamogordo
10995,ACS Eagle Robotics,USA,Rockaway
10996,SRC Robotics,USA,Milton
10997,St. George,USA,Jersey City
10998,VOLTARIA ROBOTICS,Türkiye,Aksaray
10999,Cezeri Robotics,Türkiye,İstanbul
11000,NEOCHIRON,Türkiye,İstanbul
11002,Montcalm Robotics,Canada,London
11003,maui cap,USA,Kihei
11010,Bobcats,Türkiye,ISTANBUL
11019,X.PLORE,China,shanghai
11022,RISING STAR ROBOTIC TEAM,Türkiye,İNEGÖL
11024,Hypernova Robotics,USA,North Hollywood
11025,Garage Gang,USA,Bozeman
11027,Cowbots,USA,Edinburg
11030,Bonac Bots,USA,East Hampton
11031,Golden STEAMex,Mexico,Reynosa
11035,ALTAY ROBOTICS,Türkiye,Konya
11036,ALEV ROBOTICS,Türkiye,İSTANBUL
11037,Clarksville Cyber Storm,USA,Clarksville
11040,Aria STEAMex,Mexico,Mexico City
11064,ASTERIA,Türkiye,ANKARA
11065,STEAMex Overheat,Mexico,Torreon
11068,Thronex,Türkiye,Eskişehir
11070,RoboRex,Israel,Drom HaSharon Regional Council 
11090,Kronos,Türkiye,Yıldırım
11091,JMA Patriots,USA,Carlsbad
11094,SeaSide Robotics,Brazil,Maracanaú
11095,The Flying Cats,Türkiye,Kocaeli
11096,Δt,USA,Santa Clarita
11097,TROPICAL FORCE,Panama,Panama
11098,MATRIX,Morocco,Casablanca 
11099,Capella Robotics,Türkiye,Çiğli
11100,Team Epsilon,USA,Phoenix
11102,Real Steel,USA,Little Rock
11103,Redshift Robotics,USA,Wesley Chapel
11104,Phoenix Phanatics,USA,East Brunswick
11105,GC 4 Tomorrow,Brazil,Porto Alegre
11107,FARMBots,USA,Farmerville
11118,The Baybies,China,Suzhou
11120,Frostbite Robotics,Türkiye,Eskişehir
11121,RoboTigris,Türkiye,Diyarbakır
11130,Totally Clucked Robotics,Australia,New Gisborne
11131,Brainstorm,USA,Windham
11132,"Rambotics, Inc.",USA,Houston
11133,Lyrq Robotics,Rwanda,Kigali
11137,Predator Robotics,Türkiye,Antalya
11138,TEKNOROB,Türkiye,ANKARA
11139,Blackhawk Robotics #11139,USA,Bloomer
11141,AlphaZ,Romania,Cluj-Napoca
11146,CitrusDuckz,USA,Greensboro
11149,Blue Lightning,Canada,West Vancouver
11154,XR-Boot,Türkiye,denizli
11157,Winnacunnet,USA,Hampton
11158,Superior Robotics,USA,Superior
11161,SkyForge Griffins,USA,Wake Forest
11164,Byte Robotics,Türkiye,Diyarbakir
11166,LionTECH,Türkiye,KAHRAMANMARAS
11167,Team Titan,USA,Rock Hill
11169,ERA Delta,USA,San Antonio
11171,Hi Gear,USA,Kansas City
11172,Cyber Knights,USA,Kendallville
11173,Star Force,USA,Chicago
11174,Danes Robotics,USA,Alpharetta
11175,Tidal Shock,USA,Barre
11176,RoboRabbits,USA,Mesa
11177,HCSH Leopard Cat,Chinese Taipei,Xinzhuang
11178,Revelation,USA,Angleton
11179,The Power of Friendship,USA,Apex
11188,SAR Dynamics,Brazil,São  Miguel do Oeste 
11195,VOLT,USA,O Fallon
11200,Panther Prime,USA,Lubbock
11201,MangTech,Brazil,RECIFE
11207,Sea Cow Robotics,USA,Auburn
11210,MACHS Raiders 1,USA,Mount Ayr
11211,Apex Dimension,USA,Rockville
11212,BioHazard,USA,Maricopa 
11214,[CY]BEARCATS robotics,USA,Bainbridge 
11215,Les Panthères,Canada,London
11216,FLAZIA ROBOTICS,Türkiye,Esenyurt
11219,North Union Robotics,USA,Armstrong
11220,The Royal Guard,USA,Centennial
11221,Edna Karr Robotics,USA,New Orleans
11222,"STAXX, Sponsored by NASA",USA,Orlando
11223,The Whistlepunks,USA,Bemidji
11224,Azreal,USA,VON ORMY
11225,Wolfimus,USA,Camden
11227,Goose Goose Duck,Canada,Guelph
11229,Open Circuit,Chinese Taipei,Kaohsiung
11230,White Hat Hackers,USA,Los Altos
11232,KUZEY ROBOTICS,Türkiye,ANKARA
11235,Golden Ratio,USA,North Las Vegas
11240,Rotatech,Türkiye,Izmir
11241,PRAIRIE,USA,Cedar Rapids
11242,Golden Eagle Mechanics,USA,Katy
11243,Cyber Knights,USA,Walnut Creek
11244,Avrasya Robotics,Türkiye,Uskudar
11245,Northside,USA,Jacksonville
11246,Tiger Botz,USA,Spencer
11247,Alisal High School Robotics Team,USA,Salinas
11251,Alpha Phi Alpha OBL,USA,Clearwater
11252,1st ACT,USA,Danville
11254,FIRST Ignition,USA,Ladson
11255,KAR Robotics,Türkiye,KARTAL
11256,Satellites,China,Qingdao
11257,Hi-Sac,Türkiye,nilüfer
11258,Honey Badgers,USA,CUMBERLAND
11260,Ursuline Robotics,USA,New Orleans
11261,Mount Toro High School Robotics Team,USA,Salinas
11262,AKREP LİDER ROBOTİCS,Türkiye,esenyurt
11264,Yadac2026,Ivory Coast,Abidjan 
11265,Rockbotics -FRC,USA,Bay Saint Louis
11266,Finaltech,Türkiye,Başakşehir
11267,MASAL,Türkiye,Marmaris
11269,Batteries Not Included,USA,South Burlington
11270,Nova,Canada,Markham
11274,Warrior Robotics,USA,Sacramento
11275,Defenders 1,USA,Lexington
11276,Kenner BruhBots,USA,Kenner
11277,ARC,USA,Houston
11278,SkyLab Robotics,Gambia,Serrekunda
11281,Phoenix Robotics,Türkiye,Fatih
11282,Tri-Force,USA,Deland
11283,Melrose Gear Grinders,USA,Melrose
11284,ETERNAL,Türkiye,TÜRKİYE
11285,Purple Autobots,USA,Winton
11287,Canton Rising Stars,USA,Canton
11288,Trident Force,China,Hangzhou
11292,Icebots,USA,International Falls
11293,Robohawks,USA,New York
11296,Merced Fusion Robotics,USA,Merced
11297,Iron Corsairs,USA,Lumberton
11299,GERMANiCİA,Türkiye,KAHRAMANMARAS
11300,ZENITH,Türkiye,İstanbul
11302,Hot Rods,Canada,Richmond
11303,BEZOAR ROBOTICS,Türkiye,YÜKSEKOVA
11304,Meowbotics - Fresnillo PLC,Mexico,Fresnillo
11307,MECHADUCKS,India,Delhi
11308,Daniel Morgan Patriots,USA,Spartanburg
11309,Highlands High School Robotics,USA,San Antonio
11310,STARCAL*,Türkiye,ISTANBUL
11311,The Stags,USA,Moncks Corner
11312,Royal Flush,USA,Conrad
11313,tROBOmakEr,Chinese Taipei,Taichung City
11316,Ayverdi Robotics,Türkiye,Istanbul
11318,Freedom Robotics,USA,Chantilly
11319,Polaris,China,Ningbo
11320,Pyxis,USA,Chandler
11321,Purple Knight Robotics,USA,New Orleans
11327,SteamRollers,USA,Redmond
11328,SIA,China,Shenzhen
11329,G-Force,Israel,hispin
11331,TarryBots,USA,Tarrytown
11332,Sunrise,Israel,ramat gan
11333,SESI IPÊV4,Brazil,Natal
11335,MARETECH,Türkiye,Marmaris
11336,Anomaly,USA,Sanford
11337,Mystery Machines,USA,Jackson
11338,KNHS Chelsea 11338,Chinese Taipei,taipei
11339,Cibatronic,Dominican Republic,Moca
11340,PRIME Robotics,Türkiye,Çankaya
11342,Scotlandville Magnet Robotics,USA,Baton Rouge
11343,JPS High School Robotics,USA,Jackson
11345,Long Beach RoboBearcats,USA,Long Beach
11347,Bronco Brigade,USA,Lind
11348,PCSS FRC,Canada,Mississauga
11350,Guilford Gearheads,USA,Jessup
11351,LYNTECH - Fresnillo PLC,Mexico,Guadalupe y Calvo
11352,Flying Tiger,China,Chongqing
11353,Visionary Sparks,USA,Halifax
11354,Access2Innovate Foundation,Canada,North Vancouver
11358,Diablo Robotics,Türkiye,Ümraniye
11361,ORA Raven Bots,USA,Detroit
11362,RoBumpers,Canada,London
11363,TBD,USA,Orlando
11365,Ignite Robotics,Türkiye,Ataşehir
11366,Red Devil's Redemption,USA,West Grove
11368,SCTC ZettaBots,USA,Sumter
11370,GIRO,Türkiye,Konya
11371,Odyssey,Türkiye,Konya
11375,bkvictoria,Türkiye,Istanbul
11376,FireSharks,Mexico,Ciudad Cuahtemoch
11377,Knightmare Robotics,USA,Huntersville
11379,TURTLESS,South Korea,Seo-gu
11380,CECYBOTS - Peñoles,Mexico,Zacazonapan
11381,VOLTRA,Türkiye,Büyükçekmece
11382,INTERHERMES,Türkiye,Yıldırım
11385,Saxon Sparks,USA,Mc Lean
11386,Climax-Scotts PantherBots,USA,Climax
11387,G.L.E.A.M. - Grass Lake Engineering and Mechanics,USA,Grass Lake
11388,STEAM & IRON ROBOTICS,Türkiye,ISTANBUL
11389,ŞAL RoboRage,Türkiye,Merkez
11390,Habsor,Israel,Magen
11391,Hypatia,Canada,Vancouver
11392,Gulf Tech,Türkiye,Gölcük
11398,Shark Bytes,USA,Murrells Inlet
11399,Timber Tech,USA,Eau Claire
11401,Glorious Robotics,Türkiye,istanbul
11403,TBD,USA,Burlington
11404,The Power of Skopje,Macedonia,Skopje
11405,RoboHawks,USA,Florissant
11407,Sturgis Trojans,USA,Sturgis
11409,Alchemist's Return,USA,Torrington
11410,WGSS Delta Lab,Canada,Langley
11411,VOLTFORGE ROBOT TEAM,Türkiye,Kapaklı
11415,Storm Surge,USA,Seaford
11416,Raptoris Robotics,Türkiye,Istanbul
11417,Nano Knights,USA,Denver
11423,Team IIA,USA,Detroit
11424,Boa Constructors,USA,Summerville
11425,Byteforge,USA,Colonial Heights
11427,Steel Stallions,USA,Palos Hills
11428,Corpus Christi,Canada,Burlington
11429,NEW AI,Australia,Norwest
11431,LPS Tigers,USA,Lawrence
11435,St. Peter's High School RaiderBots,USA,Big Rapids
11436,CougarBots,USA,Fort Myers
11437,The ARC - Addison Robotics Club,USA,Addison
11440,Casman EObots,USA,Manistee
11442,FEKAL ROBOTICS,Türkiye,Balikesir
11443,Ferrum Nexus,USA,Lynchburg
11444,Cougar Claw Robotics,USA,Lansing
11453,FutureX Robotics,Türkiye,İstanbul
11455,Britton Deerfield Schools Robotics Club,USA,Britton
11456,UMWACC Ruff Creek RoboMiners,USA,Prosperity
11457,INVEST,USA,Hazel Park
11458,MechCats,USA,Bay City
11459,St. Augustine Robotics,USA,San Diego
11460,Olivet Eaglebots,USA,Olivet
11461,SW Phoenix,USA,Detroit
11462,Morenci Robotics 1,USA,Morenci
11463,Sacred Heart Cathedral Prep Robotics,USA,San Francisco
11464,Bristol Eastern,USA,Bristol
11465,Hawikku Robotics,USA,Zuni
11466,Mega-CAPs,USA,Petoskey
11467,HSHP 1HeartBeat,USA,Orangeburg
11468,Lisbon Panther Robotics,USA,Lisbon
11469,Ignis Mechanica,USA,Abilene
11471,Neon,Israel,Oranit
11473,Wixom Christian Warrior Robotics,USA,Wixom
11474,SEED Bulldogs Byte!,USA,Miami
11475,DawgBots,USA,Hartsville
11478,KasimTec,Israel,kfar kasem
11479,Formosa Robotics,Chinese Taipei,Taipei
11480,EXODUS,Israel,LOD
11483,Red Line Robotics,USA,Cambridge
11484,Cheboygan,USA,CHEBOYGAN
11485,Bestarian NextGEN,Malaysia,Kuala Lumpur
11486,Chesterton Academy OLOG Robotics,USA,Clinton Township
11489,Ballou Robotic Knights,USA,Washington
11490,The Southwest Sparks,USA,Detroit
11491,Bloomingdale Cardinals,USA,Bloomingdale
11493,Pixel Knights,USA,Bloomfield Hills
11496,Jurassic JayHawks,USA,Jackson
11501,Jackets,USA,Williams
11503,TALONS,USA,Clarkston
11505,Kensington Woods Robotics,USA,Lakeland
11511,GearHeads,USA,Litchfield
11522,Union HS,USA,Grand Rapids
11527,FCCA Chrome Crew,USA,Flint
